time,0,1,2,3,4,5,6,7,8,9,10,11,12,13,14,15,16,17,18,19,20,21,22,23,24,25,26,27,28,29,30,31,32,33,34,35,36,37,38,39,40,41,42,43,44,45,46,47,48,49,50,51,52,53,54,55,56,57,58,59,60,61,62,63,64,65,66,67,68,69,70,71,72,73,74,75,76,77,78,79,80,81,82,83,84,85,86,87,88,89,90,91,92,93,94,95,96,97,98,99,100,101,102,103,104,105,106,107,108,109,110,111,112,113,114,115,116,117,118,119,120,121,122,123,124,125,126,127,128,129,130,131,132,133,134,135,136,137,138,139,140,141,142,143,144,145,146,147,148,149,150,151,152,153,154,155,156,157,158,159,160,161,162,163,164,165,166,167,168,169,170,171,172,173,174,175,176,177,178,179,180,181,182,183,184,185,186,187,188,189,190,191,192,193,194,195,196,197,198,199
0.0,0.0,0.0,0.0,0.0,0.0,0.0,0.0,0.0,0.0,0.0,0.0,0.0,0.0,0.0,0.0,0.0,0.0,0.0,0.0,0.0,0.0,0.0,0.0,0.0,0.0,0.0,0.0,0.0,0.0,0.0,0.0,0.0,0.0,0.0,0.0,0.0,0.0,0.0,0.0,0.0,0.0,0.0,0.0,0.0,0.0,0.0,0.0,0.0,0.0,0.0,0.0,0.0,0.0,0.0,0.0,0.0,0.0,0.0,0.0,0.0,0.0,0.0,0.0,0.0,0.0,0.0,0.0,0.0,0.0,0.0,0.0,0.0,0.0,0.0,0.0,0.0,0.0,0.0,0.0,0.0,0.0,0.0,0.0,0.0,0.0,0.0,0.0,0.0,0.0,0.0,0.0,0.0,0.0,0.0,0.0,0.0,0.0,0.0,0.0,0.0,0.0,0.0,0.0,0.0,0.0,0.0,0.0,0.0,0.0,0.0,0.0,0.0,0.0,0.0,0.0,0.0,0.0,0.0,0.0,0.0,0.0,0.0,0.0,0.0,0.0,0.0,0.0,0.0,0.0,0.0,0.0,0.0,0.0,0.0,0.0,0.0,0.0,0.0,0.0,0.0,0.0,0.0,0.0,0.0,0.0,0.0,0.0,0.0,0.0,0.0,0.0,0.0,0.0,0.0,0.0,0.0,0.0,0.0,0.0,0.0,0.0,0.0,0.0,0.0,0.0,0.0,0.0,0.0,0.0,0.0,0.0,0.0,0.0,0.0,0.0,0.0,0.0,0.0,0.0,0.0,0.0,0.0,0.0,0.0,0.0,0.0,0.0,0.0,0.0,0.0,0.0,0.0,0.0,0.0,0.0,0.0,0.0,0.0,0.0,0.0
1.0,0.95,1.31,1.31,1.04,1.14,1.01,1.41,0.83,1.51,1.36,1.3,1.4,1.39,1.35,1.15,1.63,1.29,1.37,1.17,1.38,1.47,1.54,1.5,1.2,1.65,1.71,1.55,1.71,2.62,1.74,1.95,2.3,1.7,1.38,2.52,1.74,2.07,2.17,2.07,2.2,2.44,2.15,2.0,2.37,2.38,2.04,2.56,2.71,2.95,2.81,2.33,1.91,2.51,2.71,2.27,2.8,2.96,2.12,3.77,4.09,2.34,3.19,3.6,3.17,3.78,4.34,4.83,3.97,3.83,3.88,3.01,3.52,4.21,4.91,5.27,4.99,5.14,4.28,4.26,3.44,4.42,4.73,4.87,4.16,4.24,6.13,4.78,4.5,5.59,6.57,6.8,5.38,6.3,5.25,6.15,6.17,5.31,6.38,5.79,6.5,7.99,7.68,7.68,7.45,7.96,7.53,7.25,7.56,8.04,7.78,8.07,9.6,8.93,7.53,12.05,10.59,8.21,11.83,9.66,9.92,9.5,9.32,9.76,10.33,9.1,10.62,12.38,10.84,10.21,11.97,11.46,10.95,12.54,11.33,11.37,13.6,14.03,11.9,15.16,13.36,11.68,10.54,15.29,14.61,21.46,17.89,15.2,17.83,18.19,16.81,16.02,11.8,22.03,16.95,22.35,17.08,23.18,16.63,22.05,17.23,20.9,19.42,16.21,30.66,26.92,23.44,21.14,23.17,30.04,23.67,27.31,21.66,19.91,20.28,33.31,26.9,29.56,20.91,23.32,33.35,28.76,29.05,34.51,31.49,22.82,42.69,43.24,27.41,36.75,36.62,40.21,40.63,33.54,47.42,37.64,66.26,40.3,40.06,33.72,50.67
2.0,6.91,9.59,9.61,7.58,8.32,7.38,10.31,6.07,11.05,9.94,9.47,10.24,10.18,9.89,8.43,11.94,9.46,10.01,8.55,10.1,10.77,11.26,10.95,8.74,12.08,12.52,11.32,12.53,19.15,12.71,14.26,16.79,12.46,10.12,18.43,12.7,15.16,15.86,15.1,16.06,17.83,15.72,14.6,17.36,17.39,14.91,18.71,19.83,21.58,20.52,17.04,14.0,18.32,19.8,16.56,20.46,21.63,15.51,27.57,29.88,17.12,23.35,26.36,23.16,27.63,31.73,35.32,29.03,27.97,28.34,21.98,25.72,30.79,35.88,38.54,36.52,37.61,31.28,31.12,25.15,32.31,34.6,35.64,30.43,31.03,44.82,34.94,32.93,40.84,48.01,49.73,39.36,46.04,38.36,44.96,45.14,38.82,46.62,42.3,47.55,58.44,56.13,56.15,54.47,58.22,55.03,52.98,55.27,58.77,56.9,58.98,70.23,65.32,55.06,88.11,77.4,60.01,86.49,70.6,72.51,69.45,68.17,71.35,75.54,66.53,77.65,90.5,79.29,74.65,87.55,83.8,80.06,91.72,82.84,83.16,99.43,102.62,87.04,110.86,97.7,85.37,77.04,111.79,106.83,156.92,130.83,111.17,130.36,133.02,122.94,117.17,86.32,161.11,123.9,163.45,124.9,169.52,121.61,161.19,125.95,152.81,141.99,118.55,224.18,196.85,171.38,154.56,169.43,219.67,173.05,199.69,158.37,145.55,148.28,243.53,196.69,216.12,152.92,170.49,243.83,210.3,212.43,252.32,230.27,166.89,312.13,316.19,200.43,268.72,267.77,293.99,297.05,245.22,346.71,275.2,484.48,294.65,292.89,246.59,370.49
3.0,20.13,27.92,27.99,22.08,24.24,21.49,30.02,17.68,32.18,28.96,27.59,29.82,29.66,28.82,24.56,34.79,27.54,29.15,24.91,29.43,31.36,32.79,31.87,25.47,35.18,36.46,32.95,36.48,55.77,37.02,41.53,48.9,36.29,29.47,53.67,37.0,44.16,46.18,43.98,46.78,51.93,45.79,42.52,50.54,50.63,43.42,54.48,57.76,62.85,59.75,49.63,40.78,53.35,57.67,48.24,59.59,62.99,45.17,80.28,87.01,49.86,68.0,76.76,67.44,80.45,92.4,102.87,84.55,81.46,82.54,64.0,74.89,89.67,104.5,112.24,106.34,109.51,91.08,90.63,73.24,94.09,100.75,103.79,88.62,90.37,130.54,101.75,95.9,118.93,139.82,144.83,114.63,134.09,111.72,130.93,131.47,113.05,135.76,123.2,138.49,170.2,163.47,163.52,158.62,169.55,160.25,154.28,160.95,171.15,165.7,171.76,204.52,190.23,160.35,256.6,225.42,174.76,251.88,205.61,211.17,202.26,198.51,207.77,219.99,193.75,226.13,263.55,230.92,217.4,254.98,244.04,233.14,267.11,241.24,242.18,289.57,298.86,253.49,322.86,284.54,248.62,224.36,325.55,311.11,456.98,381.0,323.76,379.63,387.39,358.02,341.22,251.37,469.2,360.84,475.99,363.73,493.67,354.15,469.42,366.81,445.0,413.52,345.24,652.86,573.27,499.09,450.11,493.42,639.73,503.95,581.55,461.21,423.87,431.83,709.2,572.8,629.4,445.33,496.49,710.1,612.44,618.64,734.81,670.58,486.02,908.99,920.83,583.7,782.58,779.8,856.18,865.08,714.13,1009.71,801.45,1410.92,858.09,852.96,718.12,1078.94
4.0,40.22,55.78,55.91,44.12,48.43,42.93,59.98,35.32,64.28,57.85,55.11,59.57,59.25,57.57,49.06,69.49,55.02,58.23,49.77,58.79,62.65,65.5,63.68,50.87,70.28,72.84,65.83,72.88,111.42,73.95,82.96,97.69,72.49,58.88,107.22,73.91,88.22,92.25,87.87,93.45,103.75,91.47,84.94,100.98,101.14,86.73,108.84,115.4,125.56,119.37,99.16,81.46,106.57,115.2,96.37,119.04,125.84,90.23,160.37,173.82,99.62,135.85,153.35,134.72,160.72,184.59,205.5,168.9,162.73,164.9,127.85,149.61,179.13,208.76,224.22,212.45,218.78,181.95,181.06,146.31,187.97,201.28,207.34,177.04,180.54,260.78,203.26,191.59,237.59,279.32,289.34,229.0,267.88,223.19,261.55,262.64,225.85,271.21,246.11,276.66,340.01,326.57,326.67,316.88,338.72,320.14,308.2,321.54,341.9,331.02,343.13,408.58,380.03,320.33,512.62,450.33,349.12,503.19,410.75,421.86,404.05,396.58,415.08,439.49,387.06,451.74,526.51,461.31,434.31,509.38,487.52,465.75,533.61,481.92,483.81,578.48,597.03,506.41,644.98,568.43,496.68,448.22,650.36,621.51,912.92,761.14,646.78,758.41,773.9,715.22,681.66,502.17,937.34,720.86,950.9,726.62,986.23,707.5,937.78,732.78,889.0,826.1,689.69,1304.24,1145.24,997.04,899.2,985.71,1278.0,1006.76,1161.77,921.37,846.78,862.67,1416.79,1144.31,1257.36,889.65,991.86,1418.59,1223.49,1235.88,1467.96,1339.65,970.94,1815.92,1839.56,1166.08,1563.38,1557.83,1710.41,1728.2,1426.65,2017.13,1601.07,2818.63,1714.23,1703.99,1434.61,2155.42
5.0,65.35,90.64,90.86,71.69,78.7,69.76,97.46,57.39,104.45,94.0,89.56,96.8,96.29,93.54,79.71,112.93,89.4,94.63,80.87,95.53,101.8,106.43,103.47,82.67,114.21,118.36,106.97,118.43,181.05,120.16,134.81,158.74,117.8,95.68,174.23,120.1,143.35,149.91,142.78,151.85,168.58,148.63,138.02,164.08,164.36,140.94,176.86,187.51,204.03,193.97,161.13,132.37,173.17,187.2,156.59,193.43,204.49,146.62,260.6,282.45,161.87,220.76,249.19,218.92,261.17,299.95,333.93,274.46,264.43,267.95,207.75,243.11,291.08,339.23,364.36,345.22,355.51,295.67,294.21,237.74,305.44,327.07,336.92,287.68,293.38,423.76,330.3,311.32,386.08,453.89,470.17,372.11,435.3,362.67,425.02,426.78,366.99,440.7,399.93,449.56,552.5,530.67,530.83,514.92,550.41,520.21,500.82,522.49,555.58,537.9,557.57,663.93,617.54,520.52,832.99,731.77,567.32,817.66,667.46,685.51,656.58,644.42,674.49,714.15,628.95,734.06,855.56,749.62,705.74,827.72,792.2,756.83,867.1,783.11,786.17,940.01,970.16,822.9,1048.08,923.68,807.09,728.34,1056.82,1009.94,1483.47,1236.82,1050.99,1232.39,1257.57,1162.21,1107.68,816.01,1523.15,1171.37,1545.19,1180.74,1602.59,1149.67,1523.86,1190.74,1444.59,1342.38,1120.72,2119.35,1860.98,1620.16,1461.17,1601.75,2076.71,1635.95,1887.84,1497.2,1375.99,1401.81,2302.24,1859.46,2043.18,1445.65,1611.74,2305.16,1988.14,2008.26,2385.38,2176.88,1577.75,2950.81,2989.23,1894.85,2540.45,2531.42,2779.37,2808.27,2318.25,3277.77,2601.69,4580.18,2785.57,2768.92,2331.19,3502.49
6.0,93.19,129.25,129.56,102.23,112.23,99.48,138.98,81.84,148.95,134.04,127.71,138.03,137.3,133.39,113.67,161.03,127.48,134.94,115.31,136.22,145.17,151.77,147.55,117.88,162.86,168.78,152.54,168.88,258.17,171.35,192.23,226.36,167.97,136.43,248.44,171.26,204.41,213.77,203.6,216.54,240.4,211.94,196.82,233.98,234.37,200.97,252.19,267.39,290.94,276.6,229.76,188.76,246.94,266.94,223.3,275.83,291.6,209.07,371.61,402.77,230.83,314.8,355.34,312.17,372.42,427.72,476.17,391.37,377.08,382.09,296.24,346.67,415.07,483.74,519.57,492.27,506.95,421.62,419.54,339.02,435.56,466.4,480.45,410.23,418.35,604.27,471.0,443.94,550.53,647.23,670.45,530.62,620.72,517.16,606.06,608.58,523.32,628.43,570.29,641.06,787.86,756.72,756.95,734.26,784.87,741.81,714.16,745.06,792.25,767.03,795.09,946.75,880.6,742.25,1187.83,1043.48,808.98,1165.97,951.78,977.52,936.26,918.93,961.8,1018.36,896.87,1046.75,1220.01,1068.94,1006.37,1180.31,1129.66,1079.22,1236.46,1116.7,1121.07,1340.43,1383.43,1173.43,1494.54,1317.15,1150.89,1038.59,1507.0,1440.15,2115.39,1763.68,1498.69,1757.35,1793.26,1657.28,1579.53,1163.61,2171.97,1670.35,2203.4,1683.71,2285.25,1639.41,2172.99,1697.97,2059.96,1914.21,1598.13,3022.14,2653.71,2310.3,2083.6,2284.06,2961.34,2332.83,2692.02,2134.98,1962.13,1998.95,3282.94,2651.55,2913.52,2061.46,2298.3,3287.1,2835.04,2863.73,3401.5,3104.19,2249.84,4207.78,4262.57,2702.01,3622.62,3609.75,3963.31,4004.52,3305.78,4674.03,3709.95,6531.24,3972.15,3948.42,3324.22,4994.48
7.0,121.43,168.41,168.82,133.21,146.24,129.63,181.1,106.64,194.09,174.66,166.41,179.86,178.91,173.81,148.12,209.83,166.12,175.83,150.26,177.5,189.16,197.77,192.27,153.61,212.22,219.92,198.76,220.06,336.41,223.28,250.49,294.95,218.88,177.78,323.73,223.17,266.36,278.55,265.3,282.17,313.25,276.18,256.46,304.88,305.39,261.88,328.62,348.42,379.11,360.43,299.39,245.97,321.78,347.83,290.97,359.42,379.97,272.43,484.23,524.83,300.78,410.2,463.02,406.78,485.28,557.34,620.48,509.98,491.35,497.89,386.02,451.73,540.85,630.34,677.02,641.46,660.59,549.39,546.69,441.76,567.55,607.74,626.05,534.55,545.13,787.4,613.74,578.48,717.38,843.38,873.63,691.43,808.84,673.88,789.73,793.01,681.92,818.88,743.12,835.34,1026.62,986.04,986.35,956.78,1022.73,966.62,930.59,970.86,1032.34,999.48,1036.04,1233.67,1147.47,967.2,1547.8,1359.72,1054.15,1519.32,1240.22,1273.76,1220.0,1197.42,1253.28,1326.98,1168.68,1363.97,1589.74,1392.88,1311.36,1538.01,1472.01,1406.28,1611.18,1455.12,1460.81,1746.66,1802.68,1529.04,1947.46,1716.32,1499.68,1353.34,1963.7,1876.6,2756.47,2298.17,1952.87,2289.93,2336.72,2159.53,2058.21,1516.25,2830.2,2176.55,2871.15,2193.97,2977.81,2136.23,2831.53,2212.55,2684.24,2494.31,2082.44,3938.01,3457.93,3010.45,2715.04,2976.26,3858.79,3039.8,3507.85,2781.99,2556.76,2604.74,4277.85,3455.11,3796.48,2686.2,2994.81,4283.27,3694.21,3731.6,4432.34,4044.92,2931.67,5482.97,5554.36,3520.86,4720.47,4703.7,5164.41,5218.11,4307.61,6090.51,4834.27,8510.56,5175.93,5145.01,4331.64,6508.07
8.0,148.13,205.44,205.94,162.5,178.39,158.13,220.92,130.08,236.76,213.06,202.99,219.41,218.24,212.02,180.68,255.96,202.64,214.49,183.3,216.53,230.75,241.25,234.54,187.38,258.87,268.27,242.46,268.44,410.37,272.37,305.56,359.8,267.0,216.86,394.91,272.23,324.92,339.79,323.63,344.2,382.12,336.89,312.85,371.91,372.53,319.45,400.87,425.02,462.46,439.67,365.21,300.04,392.52,424.31,354.94,438.44,463.51,332.33,590.69,640.22,366.91,500.38,564.82,496.21,591.97,679.87,756.89,622.09,599.38,607.35,470.89,551.04,659.76,768.92,825.87,782.49,805.82,670.17,666.88,538.88,692.33,741.36,763.68,652.07,664.98,960.51,748.67,705.66,875.09,1028.8,1065.7,843.44,986.66,822.04,963.36,967.36,831.84,998.91,906.49,1018.99,1252.33,1202.83,1203.2,1167.13,1247.57,1179.13,1135.18,1184.3,1259.3,1219.21,1263.82,1504.89,1399.74,1179.84,1888.09,1658.65,1285.9,1853.34,1512.88,1553.8,1488.22,1460.67,1528.82,1618.72,1425.61,1663.84,1939.24,1699.11,1599.66,1876.14,1795.63,1715.45,1965.4,1775.03,1781.97,2130.66,2199.01,1865.21,2375.62,2093.65,1829.38,1650.88,2395.42,2289.17,3362.48,2803.43,2382.22,2793.37,2850.45,2634.3,2510.72,1849.6,3452.42,2655.07,3502.38,2676.31,3632.48,2605.89,3454.04,2698.98,3274.37,3042.69,2540.27,4803.79,4218.16,3672.3,3311.95,3630.59,4707.15,3708.1,4279.05,3393.62,3118.86,3177.4,5218.34,4214.72,4631.14,3276.76,3653.22,5224.96,4506.39,4552.0,5406.79,4934.2,3576.2,6688.41,6775.5,4294.93,5758.27,5737.82,6299.81,6365.32,5254.64,7429.52,5897.09,10381.62,6313.87,6276.14,5283.96,7938.88
9.0,171.81,238.29,238.87,188.49,206.91,183.41,256.24,150.88,274.62,247.12,235.45,254.49,253.14,245.93,209.57,296.89,235.04,248.79,212.61,251.15,267.65,279.82,272.04,217.34,300.27,311.17,281.23,311.36,475.99,315.92,354.42,417.33,309.69,251.54,458.05,315.76,376.88,394.12,375.37,399.24,443.22,390.76,362.87,431.38,432.1,370.53,464.96,492.99,536.41,509.97,423.61,348.02,455.29,492.15,411.69,508.55,537.62,385.47,685.14,742.59,425.58,580.39,655.13,575.55,686.63,788.58,877.92,721.57,695.22,704.46,546.18,639.15,765.26,891.87,957.92,907.61,934.67,777.33,773.51,625.04,803.03,859.9,885.8,756.34,771.31,1114.1,868.38,818.49,1015.02,1193.3,1236.1,978.31,1144.43,953.48,1117.4,1122.04,964.85,1158.63,1051.44,1181.93,1452.57,1395.16,1395.6,1353.75,1447.06,1367.67,1316.7,1373.67,1460.67,1414.17,1465.9,1745.53,1623.56,1368.49,2189.99,1923.87,1491.52,2149.69,1754.8,1802.26,1726.19,1694.24,1773.28,1877.55,1653.57,1929.89,2249.33,1970.8,1855.45,2176.13,2082.75,1989.75,2279.66,2058.85,2066.91,2471.36,2550.63,2163.45,2755.48,2428.43,2121.9,1914.86,2778.45,2655.21,3900.15,3251.69,2763.13,3240.03,3306.24,3055.53,2912.18,2145.35,4004.47,3079.62,4062.41,3104.26,4213.32,3022.57,4006.35,3130.55,3797.94,3529.22,2946.46,5571.92,4892.64,4259.51,3841.53,4211.13,5459.82,4301.03,4963.27,3936.26,3617.57,3685.46,6052.76,4888.66,5371.66,3800.72,4237.38,6060.43,5226.96,5279.86,6271.34,5723.19,4148.03,7757.89,7858.91,4981.69,6679.02,6655.3,7307.16,7383.14,6094.86,8617.5,6840.03,12041.64,7323.46,7279.7,6128.87,9208.31
10.0,191.52,265.62,266.27,210.1,230.64,204.45,285.63,168.19,306.11,275.47,262.46,283.68,282.18,274.13,233.61,330.94,262.0,277.32,236.99,279.95,298.35,311.92,303.24,242.27,334.71,346.86,313.49,347.07,530.59,352.16,395.07,465.2,345.22,280.39,510.59,351.98,420.11,439.33,418.43,445.03,494.06,435.58,404.49,480.86,481.66,413.03,518.29,549.53,597.94,568.46,472.2,387.93,507.51,548.6,458.91,566.88,599.29,429.68,763.72,827.76,474.39,646.96,730.28,641.56,765.38,879.03,978.61,804.33,774.96,785.26,608.83,712.46,853.03,994.16,1067.8,1011.7,1041.87,866.49,862.23,696.73,895.14,958.53,987.39,843.09,859.77,1241.88,967.98,912.37,1131.44,1330.17,1377.88,1090.52,1275.69,1062.84,1245.56,1250.73,1075.51,1291.52,1172.04,1317.49,1619.18,1555.18,1555.67,1509.03,1613.03,1524.54,1467.72,1531.23,1628.2,1576.37,1634.03,1945.73,1809.77,1525.45,2441.18,2144.53,1662.59,2396.25,1956.07,2008.97,1924.17,1888.56,1976.67,2092.9,1843.22,2151.25,2507.32,2196.84,2068.26,2425.73,2321.63,2217.97,2541.13,2295.0,2303.98,2754.81,2843.18,2411.59,3071.52,2706.96,2365.28,2134.48,3097.13,2959.75,4347.48,3624.65,3080.06,3611.65,3685.45,3405.99,3246.2,2391.42,4463.76,3432.84,4528.35,3460.3,4696.57,3369.25,4465.86,3489.61,4233.55,3934.01,3284.41,6211.0,5453.81,4748.06,4282.14,4694.13,6086.04,4794.34,5532.54,4387.73,4032.5,4108.17,6746.99,5449.37,5987.78,4236.65,4723.39,6755.54,5826.48,5885.45,6990.64,6379.62,4623.8,8647.69,8760.29,5553.08,7445.08,7418.64,8145.26,8229.96,6793.92,9605.9,7624.56,13422.78,8163.43,8114.66,6831.83,10264.48
11.0,206.73,286.72,287.41,226.79,248.96,220.68,308.32,181.55,330.43,297.34,283.3,306.21,304.58,295.91,252.16,357.22,282.81,299.35,255.81,302.19,322.04,336.69,327.32,261.51,361.29,374.41,338.39,374.64,572.72,380.13,426.44,502.14,372.63,302.66,551.14,379.93,453.47,474.22,451.66,480.37,533.29,470.17,436.62,519.05,519.91,445.83,559.46,593.17,645.42,613.61,509.7,418.74,547.81,592.17,495.36,611.9,646.88,463.8,824.38,893.5,512.07,698.34,788.27,692.51,826.16,948.84,1056.33,868.21,836.5,847.63,657.18,769.04,920.78,1073.12,1152.6,1092.05,1124.61,935.31,930.7,752.07,966.23,1034.65,1065.81,910.05,928.05,1340.51,1044.85,984.83,1221.3,1435.81,1487.3,1177.13,1377.0,1147.25,1344.48,1350.06,1160.92,1394.09,1265.12,1422.12,1747.77,1678.69,1679.21,1628.87,1741.14,1645.62,1584.28,1652.83,1757.51,1701.56,1763.81,2100.26,1953.5,1646.6,2635.05,2314.84,1794.63,2586.56,2111.41,2168.52,2076.99,2038.54,2133.65,2259.11,1989.61,2322.09,2706.44,2371.31,2232.52,2618.37,2506.01,2394.11,2742.94,2477.26,2486.95,2973.59,3068.97,2603.11,3315.45,2921.94,2553.12,2304.0,3343.09,3194.81,4692.74,3912.51,3324.67,3898.48,3978.14,3676.48,3504.0,2581.34,4818.26,3705.47,4887.98,3735.11,5069.56,3636.83,4820.53,3766.74,4569.77,4246.44,3545.25,6704.26,5886.94,5125.13,4622.22,5066.92,6569.38,5175.1,5971.92,4736.19,4352.75,4434.43,7282.82,5882.14,6463.31,4573.11,5098.51,7292.05,6289.2,6352.85,7545.82,6886.27,4991.01,9334.47,9456.01,5994.09,8036.35,8007.81,8792.14,8883.56,7333.47,10368.77,8230.08,14488.77,8811.75,8759.1,7374.39,11079.65
12.0,217.3,301.37,302.11,238.39,261.69,231.97,324.08,190.83,347.32,312.55,297.78,321.86,320.16,311.04,265.06,375.49,297.26,314.65,268.89,317.64,338.51,353.91,344.06,274.88,379.76,393.55,355.69,393.79,602.01,399.56,448.24,527.82,391.68,318.13,579.32,399.36,476.66,498.46,474.75,504.93,560.56,494.21,458.94,545.59,546.5,468.63,588.06,623.5,678.42,644.98,535.76,440.15,575.82,622.45,520.69,643.18,679.96,487.52,866.53,939.18,538.25,734.04,828.58,727.92,868.4,997.35,1110.34,912.6,879.27,890.96,690.78,808.37,967.85,1127.98,1211.53,1147.89,1182.11,983.13,978.29,790.52,1015.63,1087.55,1120.3,956.58,975.5,1409.05,1098.27,1035.18,1283.74,1509.22,1563.35,1237.31,1447.4,1205.91,1413.22,1419.09,1220.28,1465.37,1329.8,1494.83,1837.13,1764.52,1765.07,1712.15,1830.16,1729.75,1665.28,1737.34,1847.37,1788.56,1853.99,2207.64,2053.38,1730.79,2769.78,2433.2,1886.38,2718.81,2219.36,2279.39,2183.18,2142.77,2242.74,2374.62,2091.33,2440.82,2844.82,2492.55,2346.67,2752.25,2634.14,2516.52,2883.19,2603.92,2614.11,3125.63,3225.89,2736.21,3484.97,3071.34,2683.66,2421.8,3514.02,3358.15,4932.68,4112.56,3494.65,4097.81,4181.54,3864.46,3683.16,2713.32,5064.62,3894.92,5137.9,3926.09,5328.76,3822.77,5067.0,3959.34,4803.42,4463.55,3726.52,7047.04,6187.93,5387.18,4858.55,5325.99,6905.27,5439.69,6277.26,4978.35,4575.3,4661.16,7655.18,6182.89,6793.77,4806.93,5359.19,7664.88,6610.76,6677.67,7931.63,7238.35,5246.19,9811.73,9939.49,6300.56,8447.24,8417.24,9241.67,9337.77,7708.43,10898.92,8650.88,15229.57,9262.29,9206.95,7751.44,11646.14
13.0,223.37,309.8,310.55,245.05,269.0,238.45,333.14,196.16,357.03,321.28,306.11,330.86,329.11,319.73,272.46,385.98,305.57,323.45,276.41,326.52,347.97,363.8,353.68,282.56,390.37,404.55,365.63,404.8,618.83,410.73,460.77,542.57,402.63,327.03,595.51,410.52,489.98,512.39,488.02,519.05,576.23,508.03,471.77,560.84,561.77,481.72,604.5,640.93,697.38,663.01,550.73,452.45,591.92,639.84,535.24,661.16,698.96,501.14,890.74,965.43,553.29,754.56,851.73,748.27,892.68,1025.23,1141.37,938.1,903.85,915.87,710.09,830.96,994.9,1159.51,1245.39,1179.97,1215.15,1010.61,1005.63,812.61,1044.02,1117.95,1151.62,983.31,1002.77,1448.43,1128.97,1064.11,1319.62,1551.4,1607.04,1271.89,1487.86,1239.61,1452.72,1458.75,1254.39,1506.33,1366.97,1536.61,1888.48,1813.83,1814.4,1760.0,1881.31,1778.1,1711.83,1785.9,1899.0,1838.54,1905.8,2269.34,2110.77,1779.16,2847.19,2501.21,1939.11,2794.79,2281.39,2343.1,2244.2,2202.66,2305.42,2440.99,2149.78,2509.04,2924.33,2562.21,2412.25,2829.17,2707.76,2586.86,2963.77,2676.69,2687.17,3212.99,3316.05,2812.68,3582.37,3157.18,2758.66,2489.48,3612.23,3452.01,5070.54,4227.5,3592.32,4212.33,4298.41,3972.46,3786.1,2789.15,5206.17,4003.78,5281.5,4035.81,5477.69,3929.62,5208.61,4069.99,4937.67,4588.3,3830.67,7244.0,6360.88,5537.74,4994.34,5474.85,7098.26,5591.73,6452.7,5117.49,4703.17,4791.43,7869.13,6355.69,6983.65,4941.28,5508.97,7879.11,6795.52,6864.3,8153.31,7440.66,5392.82,10085.96,10217.29,6476.65,8683.33,8652.49,9499.96,9598.74,7923.87,11203.53,8892.66,15655.22,9521.15,9464.27,7968.08,11971.64
14.0,225.29,312.47,313.23,247.16,271.32,240.5,336.01,197.85,360.1,324.05,308.74,333.71,331.94,322.48,274.81,389.31,308.2,326.23,278.79,329.33,350.96,366.93,356.72,284.99,393.74,408.03,368.78,408.28,624.16,414.26,464.74,547.24,406.1,329.84,600.64,414.05,494.2,516.81,492.22,523.51,581.19,512.4,475.83,565.67,566.61,485.87,609.7,646.45,703.39,668.71,555.47,456.35,597.01,645.35,539.85,666.85,704.98,505.46,898.41,973.74,558.05,761.05,859.07,754.71,900.36,1034.06,1151.2,946.18,911.63,923.75,716.2,838.11,1003.47,1169.49,1256.11,1190.13,1225.61,1019.31,1014.29,819.61,1053.01,1127.57,1161.53,991.78,1011.4,1460.9,1138.69,1073.27,1330.98,1564.76,1620.88,1282.84,1500.67,1250.29,1465.23,1471.31,1265.19,1519.3,1378.74,1549.84,1904.74,1829.45,1830.03,1775.16,1897.51,1793.41,1726.57,1801.28,1915.35,1854.37,1922.21,2288.88,2128.94,1794.48,2871.71,2522.74,1955.8,2818.86,2301.04,2363.27,2263.52,2221.63,2325.27,2462.01,2168.3,2530.64,2949.51,2584.28,2433.02,2853.53,2731.08,2609.13,2989.29,2699.74,2710.31,3240.65,3344.6,2836.9,3613.22,3184.36,2782.42,2510.92,3643.34,3481.73,5114.2,4263.9,3623.26,4248.61,4335.42,4006.67,3818.7,2813.17,5251.0,4038.26,5326.98,4070.57,5524.86,3963.45,5253.46,4105.04,4980.19,4627.81,3863.65,7306.38,6415.65,5585.43,5037.34,5521.99,7159.38,5639.88,6508.27,5161.55,4743.67,4832.69,7936.89,6410.42,7043.78,4983.83,5556.41,7946.95,6854.04,6923.41,8223.52,7504.73,5439.25,10172.81,10305.27,6532.42,8758.1,8727.0,9581.77,9681.4,7992.1,11300.0,8969.23,15790.03,9603.14,9545.76,8036.69,12074.73
15.0,223.54,310.04,310.8,245.24,269.21,238.64,333.4,196.31,357.31,321.53,306.35,331.12,329.36,319.98,272.68,386.28,305.81,323.7,276.62,326.77,348.24,364.08,353.95,282.78,390.68,404.87,365.91,405.11,619.32,411.05,461.13,542.99,402.94,327.28,595.98,410.84,490.36,512.79,488.4,519.45,576.68,508.42,472.13,561.27,562.21,482.1,604.97,641.43,697.93,663.52,551.16,452.81,592.38,640.34,535.66,661.67,699.51,501.53,891.44,966.18,553.72,755.15,852.4,748.85,893.37,1026.03,1142.26,938.84,904.55,916.58,710.64,831.61,995.68,1160.41,1246.36,1180.89,1216.1,1011.39,1006.42,813.25,1044.83,1118.82,1152.51,984.08,1003.55,1449.56,1129.85,1064.94,1320.65,1552.61,1608.3,1272.88,1489.02,1240.58,1453.85,1459.89,1255.37,1507.5,1368.04,1537.81,1889.95,1815.25,1815.82,1761.38,1882.78,1779.49,1713.16,1787.29,1900.48,1839.98,1907.29,2271.11,2112.42,1780.55,2849.41,2503.16,1940.62,2796.97,2283.17,2344.92,2245.95,2204.38,2307.22,2442.89,2151.46,2510.99,2926.61,2564.21,2414.13,2831.38,2709.87,2588.87,2966.08,2678.78,2689.27,3215.49,3318.63,2814.88,3585.16,3159.64,2760.82,2491.43,3615.05,3454.7,5074.5,4230.79,3595.13,4215.62,4301.76,3975.56,3789.05,2791.33,5210.23,4006.91,5285.62,4038.96,5481.96,3932.68,5212.67,4073.17,4941.52,4591.88,3833.66,7249.65,6365.84,5542.06,4998.23,5479.12,7103.8,5596.09,6457.74,5121.48,4706.84,4795.17,7875.27,6360.65,6989.1,4945.13,5513.27,7885.25,6800.82,6869.65,8159.67,7446.46,5397.02,10093.82,10225.26,6481.7,8690.1,8659.24,9507.37,9606.23,7930.05,11212.27,8899.6,15667.43,9528.58,9471.65,7974.29,11980.98
16.0,218.67,303.28,304.02,239.89,263.34,233.43,326.13,192.03,349.51,314.52,299.67,323.9,322.18,313.0,266.73,377.86,299.14,316.64,270.59,319.64,340.64,356.14,346.23,276.62,382.16,396.04,357.93,396.28,605.81,402.08,451.08,531.15,394.16,320.14,582.98,401.88,479.67,501.61,477.75,508.12,564.1,497.34,461.84,549.03,549.95,471.59,591.78,627.44,682.71,649.05,539.14,442.93,579.46,626.38,523.97,647.24,684.25,490.59,872.0,945.11,541.65,738.68,833.81,732.52,873.89,1003.65,1117.35,918.36,884.83,896.59,695.14,813.47,973.97,1135.11,1219.18,1155.14,1189.58,989.34,984.47,795.51,1022.05,1094.42,1127.38,962.62,981.67,1417.95,1105.21,1041.72,1291.85,1518.75,1573.22,1245.13,1456.55,1213.53,1422.15,1428.05,1227.99,1474.63,1338.2,1504.28,1848.74,1775.66,1776.22,1722.97,1841.72,1740.68,1675.8,1748.32,1859.04,1799.85,1865.7,2221.59,2066.35,1741.72,2787.27,2448.57,1898.3,2735.98,2233.38,2293.79,2196.97,2156.31,2256.91,2389.62,2104.55,2456.24,2862.79,2508.3,2361.49,2769.63,2650.78,2532.42,2901.4,2620.37,2630.62,3145.37,3246.27,2753.49,3506.98,3090.74,2700.61,2437.1,3536.22,3379.37,4963.84,4138.53,3516.73,4123.69,4207.95,3888.87,3706.42,2730.46,5096.61,3919.53,5170.35,3950.89,5362.42,3846.92,5099.0,3984.35,4833.76,4491.75,3750.06,7091.56,6227.02,5421.21,4889.24,5359.63,6948.89,5474.06,6316.91,5009.8,4604.2,4690.6,7703.54,6221.94,6836.68,4837.29,5393.04,7713.3,6652.52,6719.85,7981.73,7284.08,5279.33,9873.71,10002.28,6340.36,8500.6,8470.41,9300.05,9396.75,7757.12,10967.76,8705.53,15325.77,9320.79,9265.1,7800.4,11719.71
17.0,211.24,292.97,293.69,231.74,254.39,225.5,315.04,185.51,337.64,303.83,289.48,312.89,311.23,302.36,257.67,365.02,288.98,305.88,261.39,308.78,329.07,344.04,334.47,267.22,369.17,382.58,345.77,382.81,585.22,388.42,435.75,513.1,380.76,309.27,563.17,388.22,463.37,484.57,461.52,490.86,544.93,480.44,446.15,530.38,531.26,455.56,571.67,606.12,659.51,627.0,520.82,427.88,559.77,605.09,506.17,625.25,661.0,473.92,842.37,913.0,523.24,713.58,805.47,707.63,844.19,969.55,1079.38,887.15,854.76,866.12,671.52,785.83,940.87,1096.54,1177.75,1115.88,1149.16,955.72,951.02,768.48,987.32,1057.23,1089.07,929.91,948.31,1369.77,1067.66,1006.32,1247.95,1467.14,1519.76,1202.82,1407.05,1172.29,1373.82,1379.52,1186.26,1424.52,1292.73,1453.16,1785.91,1715.32,1715.86,1664.42,1779.13,1681.53,1618.86,1688.91,1795.86,1738.69,1802.3,2146.09,1996.13,1682.54,2692.56,2365.36,1833.79,2643.01,2157.49,2215.84,2122.31,2083.03,2180.21,2308.41,2033.03,2372.77,2765.51,2423.06,2281.24,2675.52,2560.7,2446.36,2802.81,2531.32,2541.23,3038.49,3135.95,2659.93,3387.81,2985.71,2608.84,2354.28,3416.05,3264.53,4795.16,3997.9,3397.22,3983.56,4064.96,3756.72,3580.47,2637.67,4923.42,3786.33,4994.66,3816.63,5180.19,3716.2,4925.73,3848.95,4669.5,4339.11,3622.62,6850.57,6015.42,5236.99,4723.09,5177.5,6712.75,5288.04,6102.25,4839.56,4447.74,4531.21,7441.76,6010.51,6604.36,4672.91,5209.78,7451.19,6426.45,6491.5,7710.5,7036.55,5099.93,9538.18,9662.38,6124.9,8211.73,8182.57,8984.02,9077.43,7493.52,10595.06,8409.7,14804.98,9004.06,8950.26,7535.33,11321.45
18.0,201.81,279.89,280.58,221.4,243.04,215.44,300.98,177.23,322.57,290.27,276.56,298.92,297.34,288.87,246.16,348.73,276.08,292.23,249.73,295.0,314.38,328.68,319.54,255.29,352.69,365.5,330.34,365.72,559.1,371.08,416.3,490.2,363.77,295.46,538.03,370.89,442.68,462.94,440.91,468.95,520.61,458.99,426.23,506.7,507.55,435.23,546.15,579.06,630.07,599.01,497.57,408.78,534.78,578.08,483.57,597.34,631.49,452.77,804.77,872.24,499.88,681.72,769.52,676.04,806.51,926.27,1031.2,847.55,816.6,827.46,641.55,750.75,898.87,1047.59,1125.18,1066.07,1097.86,913.06,908.56,734.18,943.25,1010.04,1040.46,888.4,905.98,1308.62,1020.0,961.4,1192.24,1401.66,1451.92,1149.12,1344.24,1119.96,1312.5,1317.95,1133.31,1360.93,1235.02,1388.29,1706.2,1638.75,1639.27,1590.12,1699.72,1606.47,1546.6,1613.52,1715.7,1661.08,1721.85,2050.3,1907.03,1607.43,2572.37,2259.78,1751.94,2525.03,2061.18,2116.93,2027.58,1990.05,2082.89,2205.37,1942.28,2266.85,2642.06,2314.9,2179.41,2556.09,2446.4,2337.16,2677.7,2418.33,2427.79,2902.86,2995.97,2541.19,3236.59,2852.43,2492.39,2249.19,3263.57,3118.81,4581.11,3819.44,3245.58,3805.74,3883.51,3589.03,3420.65,2519.93,4703.65,3617.32,4771.71,3646.26,4948.96,3550.31,4705.86,3677.14,4461.07,4145.42,3460.92,6544.78,5746.9,5003.22,4512.27,4946.39,6413.11,5051.99,5829.86,4623.53,4249.2,4328.95,7109.58,5742.22,6309.56,4464.33,4977.22,7118.59,6139.59,6201.73,7366.32,6722.46,4872.28,9112.42,9231.07,5851.5,7845.18,7817.32,8582.99,8672.24,7159.03,10122.12,8034.31,14144.12,8602.14,8550.74,7198.97,10816.09
19.0,190.9,264.77,265.41,209.43,229.9,203.79,284.72,167.65,305.13,274.58,261.62,282.77,281.27,273.26,232.86,329.88,261.16,276.43,236.23,279.06,297.39,310.92,302.27,241.49,333.63,345.75,312.49,345.96,528.89,351.03,393.8,463.71,344.11,279.49,508.95,350.85,418.76,437.92,417.09,443.6,492.47,434.19,403.2,479.32,480.12,411.71,516.63,547.77,596.02,566.64,470.68,386.69,505.88,546.84,457.44,565.06,597.37,428.3,761.28,825.11,472.87,644.88,727.93,639.51,762.93,876.21,975.47,801.75,772.47,782.75,606.88,710.18,850.3,990.98,1064.37,1008.46,1038.53,863.71,859.46,694.5,892.27,955.45,984.23,840.39,857.02,1237.9,964.88,909.44,1127.81,1325.91,1373.46,1087.02,1271.6,1059.44,1241.57,1246.72,1072.06,1287.38,1168.28,1313.27,1613.99,1550.19,1550.68,1504.19,1607.86,1519.65,1463.02,1526.32,1622.98,1571.31,1628.8,1939.5,1803.97,1520.56,2433.35,2137.66,1657.26,2388.57,1949.8,2002.53,1918.01,1882.5,1970.33,2086.19,1837.32,2144.35,2499.28,2189.8,2061.64,2417.95,2314.19,2210.86,2532.99,2287.64,2296.59,2745.98,2834.06,2403.86,3061.68,2698.28,2357.7,2127.64,3087.2,2950.26,4333.54,3613.03,3070.18,3600.08,3673.64,3395.07,3235.79,2383.75,4449.46,3421.84,4513.84,3449.21,4681.52,3358.45,4451.55,3478.43,4219.98,3921.4,3273.88,6191.09,5436.33,4732.84,4268.42,4679.08,6066.54,4778.98,5514.81,4373.67,4019.57,4095.01,6725.36,5431.9,5968.58,4223.07,4708.25,6733.89,5807.8,5866.58,6968.24,6359.17,4608.98,8619.97,8732.22,5535.28,7421.22,7394.86,8119.16,8203.58,6772.14,9575.11,7600.12,13379.75,8137.27,8088.65,6809.93,10231.58
20.0,178.99,248.25,248.85,196.36,215.56,191.08,266.95,157.19,286.09,257.45,245.29,265.12,263.72,256.2,218.33,309.3,244.86,259.18,221.49,261.64,278.83,291.52,283.41,226.42,312.82,324.18,292.99,324.37,495.88,329.12,369.23,434.77,322.64,262.05,477.2,328.96,392.63,410.59,391.06,415.92,461.74,407.09,378.04,449.41,450.16,386.02,484.4,513.59,558.83,531.28,441.31,362.56,474.31,512.72,428.9,529.8,560.09,401.57,713.77,773.62,443.36,604.64,682.51,599.6,715.32,821.54,914.6,751.72,724.27,733.9,569.01,665.86,797.24,929.14,997.96,945.53,973.72,809.82,805.83,651.16,836.59,895.83,922.81,787.95,803.54,1160.66,904.67,852.69,1057.44,1243.17,1287.76,1019.19,1192.25,993.33,1164.09,1168.93,1005.17,1207.05,1095.38,1231.32,1513.28,1453.46,1453.92,1410.33,1507.53,1424.83,1371.72,1431.08,1521.71,1473.26,1527.16,1818.47,1691.4,1425.68,2281.51,2004.27,1553.85,2239.52,1828.13,1877.57,1798.32,1765.03,1847.38,1956.01,1722.67,2010.54,2343.32,2053.15,1932.99,2267.07,2169.78,2072.9,2374.93,2144.89,2153.28,2574.63,2657.22,2253.86,2870.62,2529.91,2210.57,1994.87,2894.56,2766.16,4063.13,3387.58,2878.6,3375.43,3444.4,3183.21,3033.88,2235.0,4171.81,3208.31,4232.17,3233.98,4389.38,3148.88,4173.77,3261.37,3956.65,3676.7,3069.59,5804.76,5097.1,4437.51,4002.06,4387.1,5687.98,4480.76,5170.68,4100.75,3768.75,3839.47,6305.7,5092.94,5596.14,3959.55,4414.45,6313.69,5445.39,5500.5,6533.41,5962.35,4321.37,8082.08,8187.32,5189.87,6958.13,6933.42,7612.51,7691.67,6349.56,8977.61,7125.87,12544.84,7629.49,7583.91,6384.98,9593.12
21.0,166.48,230.9,231.46,182.64,200.49,177.72,248.3,146.2,266.1,239.46,228.15,246.6,245.29,238.3,203.07,287.68,227.75,241.07,206.01,243.36,259.35,271.15,263.6,210.6,290.96,301.52,272.51,301.7,461.23,306.12,343.42,404.39,300.09,243.74,443.85,305.97,365.19,381.9,363.73,386.86,429.48,378.64,351.62,418.0,418.7,359.04,450.54,477.7,519.78,494.15,410.47,337.22,441.17,476.89,398.93,492.78,520.95,373.51,663.89,719.56,412.38,562.39,634.82,557.7,665.33,764.13,850.69,699.19,673.66,682.62,529.24,619.33,741.53,864.21,928.22,879.46,905.68,753.23,749.52,605.66,778.13,833.23,858.33,732.89,747.39,1079.55,841.45,793.11,983.54,1156.3,1197.77,947.97,1108.93,923.91,1082.75,1087.24,934.92,1122.7,1018.83,1145.27,1407.53,1351.89,1352.32,1311.77,1402.18,1325.26,1275.86,1331.07,1415.37,1370.31,1420.44,1691.39,1573.2,1326.05,2122.08,1864.21,1445.26,2083.02,1700.37,1746.36,1672.65,1641.69,1718.28,1819.32,1602.28,1870.04,2179.57,1909.68,1797.91,2108.65,2018.16,1928.04,2208.97,1995.0,2002.81,2394.71,2471.53,2096.36,2670.02,2353.12,2056.1,1855.47,2692.28,2572.86,3779.19,3150.85,2677.44,3139.55,3203.7,2960.77,2821.87,2078.82,3880.28,2984.11,3936.42,3007.99,4082.65,2928.83,3882.1,3033.46,3680.16,3419.77,2855.08,5399.12,4740.91,4127.41,3722.4,4080.53,5290.5,4167.64,4809.35,3814.18,3505.38,3571.17,5865.05,4737.04,5205.07,3682.85,4105.96,5872.48,5064.86,5116.12,6076.85,5545.69,4019.39,7517.29,7615.18,4827.2,6471.88,6448.9,7080.54,7154.17,5905.84,8350.25,6627.9,11668.2,7096.34,7053.94,5938.79,8922.74
22.0,153.73,213.21,213.73,168.65,185.13,164.11,229.27,135.0,245.71,221.11,210.67,227.7,226.5,220.04,187.52,265.64,210.3,222.6,190.23,224.72,239.48,250.37,243.41,194.46,268.66,278.42,251.63,278.59,425.89,282.67,317.11,373.41,277.1,225.07,409.84,282.53,337.21,352.64,335.87,357.22,396.57,349.63,324.68,385.98,386.62,331.53,416.03,441.1,479.95,456.29,379.02,311.39,407.37,440.35,368.36,455.02,481.04,344.9,613.03,664.43,380.79,519.3,586.18,514.97,614.36,705.58,785.51,645.62,622.05,630.32,488.7,571.88,684.71,798.0,857.1,812.08,836.29,695.52,692.1,559.26,718.52,769.39,792.57,676.74,690.13,996.84,776.98,732.34,908.19,1067.71,1106.0,875.34,1023.98,853.13,999.79,1003.94,863.3,1036.69,940.78,1057.53,1299.69,1248.32,1248.71,1211.27,1294.76,1223.73,1178.12,1229.09,1306.93,1265.32,1311.61,1561.81,1452.68,1224.46,1959.5,1721.38,1334.53,1923.44,1570.1,1612.57,1544.5,1515.92,1586.64,1679.94,1479.53,1726.77,2012.58,1763.37,1660.16,1947.1,1863.54,1780.33,2039.73,1842.16,1849.37,2211.24,2282.17,1935.75,2465.46,2172.84,1898.57,1713.32,2486.02,2375.75,3489.65,2909.45,2472.31,2899.02,2958.26,2733.93,2605.67,1919.55,3582.99,2755.49,3634.84,2777.53,3769.86,2704.44,3584.68,2801.06,3398.21,3157.77,2636.35,4985.47,4377.69,3811.19,3437.21,3767.9,4885.17,3848.34,4440.89,3521.96,3236.82,3297.57,5415.7,4374.12,4806.29,3400.69,3791.39,5422.57,4676.82,4724.16,5611.28,5120.82,3711.45,6941.37,7031.75,4457.37,5976.05,5954.83,6538.08,6606.06,5453.37,7710.51,6120.12,10774.25,6552.66,6513.51,5483.8,8239.14
23.0,141.01,195.58,196.05,154.7,169.82,150.53,210.31,123.84,225.39,202.83,193.25,208.87,207.77,201.85,172.01,243.67,192.91,204.19,174.5,206.13,219.67,229.67,223.28,178.38,246.44,255.39,230.82,255.55,390.67,259.29,290.89,342.52,254.18,206.45,375.95,259.16,309.32,323.48,308.09,327.67,363.77,320.72,297.83,354.06,354.65,304.11,381.62,404.62,440.26,418.56,347.68,285.64,373.68,403.93,337.9,417.39,441.26,316.37,562.33,609.48,349.29,476.35,537.7,472.38,563.55,647.23,720.55,592.23,570.6,578.19,448.28,524.59,628.09,732.0,786.22,744.92,767.13,638.0,634.86,513.0,659.09,705.76,727.02,620.77,633.05,914.4,712.72,671.78,833.08,979.4,1014.53,802.95,939.29,782.57,917.1,920.91,791.9,950.95,862.97,970.07,1192.2,1145.08,1145.44,1111.09,1187.67,1122.52,1080.68,1127.44,1198.84,1160.68,1203.14,1432.64,1332.53,1123.19,1797.44,1579.02,1224.16,1764.36,1440.25,1479.2,1416.77,1390.54,1455.42,1541.0,1357.16,1583.96,1846.13,1617.53,1522.86,1786.06,1709.42,1633.09,1871.03,1689.8,1696.42,2028.36,2093.43,1775.65,2261.56,1993.13,1741.55,1571.62,2280.41,2179.26,3201.04,2668.83,2267.84,2659.26,2713.59,2507.82,2390.17,1760.8,3286.66,2527.6,3334.22,2547.82,3458.08,2480.77,3288.21,2569.4,3117.16,2896.61,2418.31,4573.15,4015.64,3495.99,3152.94,3456.28,4481.15,3530.07,4073.6,3230.68,2969.12,3024.84,4967.8,4012.36,4408.79,3119.44,3477.83,4974.1,4290.03,4333.45,5147.2,4697.3,3404.5,6367.29,6450.19,4088.72,5481.8,5462.34,5997.35,6059.71,5002.35,7072.81,5613.96,9883.17,6010.72,5974.81,5030.26,7557.72
24.0,128.57,178.32,178.75,141.05,154.84,137.25,191.75,112.91,205.5,184.93,176.19,190.44,189.43,184.03,156.83,222.17,175.89,186.17,159.1,187.94,200.29,209.4,203.57,162.64,224.7,232.86,210.45,233.0,356.2,236.41,265.22,312.3,231.75,188.23,342.77,236.29,282.03,294.93,280.9,298.76,331.67,292.42,271.55,322.81,323.35,277.28,347.94,368.91,401.41,381.62,317.0,260.43,340.7,368.29,308.08,380.56,402.32,288.45,512.71,555.7,318.47,434.32,490.25,430.7,513.82,590.12,656.97,539.97,520.25,527.17,408.72,478.3,572.66,667.41,716.84,679.18,699.43,581.7,578.84,467.74,600.93,643.48,662.86,565.99,577.19,833.71,649.83,612.5,759.57,892.98,925.01,732.09,856.4,713.52,836.18,839.65,722.02,867.03,786.82,884.47,1087.0,1044.03,1044.36,1013.05,1082.87,1023.46,985.32,1027.95,1093.05,1058.26,1096.97,1306.22,1214.95,1024.08,1638.83,1439.68,1116.14,1608.67,1313.16,1348.67,1291.75,1267.84,1326.99,1405.02,1237.4,1444.19,1683.23,1474.8,1388.48,1628.46,1558.57,1488.98,1705.93,1540.69,1546.72,1849.38,1908.7,1618.97,2061.99,1817.25,1587.87,1432.93,2079.18,1986.96,2918.58,2433.32,2067.72,2424.6,2474.14,2286.53,2179.26,1605.42,2996.64,2304.56,3040.0,2322.99,3152.93,2261.87,2998.05,2342.67,2842.1,2641.0,2204.91,4169.61,3661.29,3187.5,2874.72,3151.29,4085.72,3218.57,3714.14,2945.6,2707.12,2757.92,4529.43,3658.3,4019.75,2844.17,3170.94,4535.17,3911.47,3951.05,4693.0,4282.8,3104.08,5805.42,5881.02,3727.93,4998.08,4980.33,5468.13,5524.99,4560.94,6448.69,5118.57,9011.06,5480.33,5447.58,4586.38,6890.81
25.0,116.58,161.68,162.08,127.89,140.39,124.45,173.86,102.38,186.33,167.68,159.76,172.67,171.76,166.86,142.2,201.44,159.48,168.8,144.25,170.41,181.6,189.86,184.58,147.47,203.73,211.13,190.82,211.26,322.96,214.36,240.47,283.16,210.13,170.67,310.79,214.25,255.72,267.41,254.69,270.89,300.73,265.14,246.21,292.7,293.18,251.41,315.48,334.5,363.96,346.02,287.42,236.13,308.92,333.93,279.34,345.05,364.78,261.54,464.87,503.85,288.76,393.8,444.51,390.52,465.88,535.06,595.67,489.59,471.71,477.98,370.59,433.67,519.23,605.14,649.96,615.82,634.18,527.43,524.83,424.1,544.87,583.45,601.02,513.18,523.34,755.93,589.2,555.35,688.7,809.67,838.7,663.79,776.5,646.95,758.16,761.31,654.66,786.14,713.41,801.95,985.58,946.63,946.92,918.53,981.84,927.98,893.39,932.05,991.07,959.52,994.63,1184.35,1101.6,928.53,1485.93,1305.36,1012.01,1458.58,1190.64,1222.85,1171.23,1149.55,1203.18,1273.93,1121.96,1309.45,1526.19,1337.2,1258.94,1476.52,1413.16,1350.06,1546.77,1396.95,1402.42,1676.83,1730.62,1467.92,1869.61,1647.71,1439.73,1299.24,1885.2,1801.58,2646.28,2206.3,1874.81,2198.39,2243.31,2073.2,1975.94,1455.64,2717.06,2089.55,2756.38,2106.26,2858.77,2050.84,2718.34,2124.1,2576.94,2394.6,1999.2,3780.59,3319.7,2890.11,2606.51,2857.28,3704.53,2918.28,3367.62,2670.78,2454.55,2500.62,4106.85,3316.99,3644.72,2578.82,2875.09,4112.05,3546.54,3582.43,4255.16,3883.23,2814.47,5263.79,5332.33,3380.12,4531.77,4515.68,4957.97,5009.52,4135.41,5847.04,4641.02,8170.35,4969.02,4939.34,4158.49,6247.92
26.0,105.16,145.85,146.2,115.36,126.64,112.26,156.84,92.35,168.08,151.25,144.11,155.76,154.94,150.52,128.27,181.71,143.86,152.27,130.13,153.72,163.82,171.27,166.51,133.03,183.78,190.46,172.13,190.57,291.34,193.36,216.92,255.43,189.55,153.96,280.36,193.26,230.67,241.23,229.75,244.36,271.28,239.17,222.1,264.03,264.47,226.79,284.59,301.74,328.32,312.13,259.27,213.01,278.66,301.23,251.98,311.26,329.06,235.93,419.35,454.51,260.48,355.23,400.98,352.27,420.26,482.66,537.34,441.64,425.52,431.17,334.3,391.2,468.38,545.88,586.31,555.51,572.07,475.78,473.43,382.56,491.51,526.31,542.16,462.93,472.09,681.9,531.5,500.97,621.25,730.37,756.57,598.79,700.46,583.59,683.92,686.75,590.54,709.15,643.55,723.41,889.06,853.92,854.19,828.58,885.69,837.1,805.9,840.77,894.02,865.56,897.22,1068.37,993.71,837.6,1340.41,1177.53,912.9,1315.74,1074.04,1103.09,1056.53,1036.97,1085.35,1149.18,1012.08,1181.21,1376.72,1206.25,1135.65,1331.93,1274.77,1217.85,1395.29,1260.14,1265.07,1512.62,1561.14,1324.16,1686.52,1486.35,1298.73,1172.01,1700.58,1625.15,2387.13,1990.23,1691.21,1983.1,2023.62,1870.17,1782.43,1313.09,2450.98,1884.91,2486.44,1899.99,2578.8,1850.0,2452.13,1916.08,2324.57,2160.1,1803.41,3410.35,2994.59,2607.08,2351.25,2577.47,3341.74,2632.49,3037.82,2409.23,2214.17,2255.73,3704.66,2992.15,3287.78,2326.27,2593.53,3709.35,3199.22,3231.6,3838.44,3502.94,2538.85,4748.3,4810.13,3049.1,4087.96,4073.45,4472.42,4518.93,3730.42,5274.43,4186.52,7370.21,4482.4,4455.62,3751.24,5636.05
27.0,94.41,130.94,131.26,103.57,113.7,100.79,140.81,82.91,150.91,135.8,129.38,139.84,139.1,135.14,115.16,163.14,129.16,136.71,116.83,138.01,147.08,153.77,149.49,119.43,165.0,170.99,154.54,171.1,261.56,173.6,194.76,229.33,170.18,138.22,251.71,173.51,207.1,216.57,206.27,219.39,243.56,214.73,199.4,237.05,237.44,203.61,255.5,270.9,294.76,280.23,232.78,191.24,250.19,270.44,226.23,279.45,295.43,211.82,376.49,408.06,233.86,318.93,360.0,316.27,377.31,433.33,482.42,396.51,382.03,387.11,300.13,351.22,420.52,490.09,526.39,498.74,513.61,427.15,425.05,343.47,441.28,472.52,486.76,415.62,423.84,612.21,477.18,449.77,557.76,655.73,679.25,537.59,628.88,523.95,614.02,616.57,530.19,636.68,577.78,649.48,798.21,766.66,766.9,743.9,795.18,751.55,723.54,754.85,802.65,777.1,805.53,959.19,892.16,752.0,1203.43,1057.19,819.61,1181.28,964.28,990.36,948.56,931.0,974.44,1031.74,908.65,1060.5,1236.03,1082.98,1019.59,1195.81,1144.49,1093.39,1252.7,1131.36,1135.79,1358.04,1401.6,1188.84,1514.17,1334.45,1166.01,1052.23,1526.79,1459.07,2143.17,1786.84,1518.37,1780.43,1816.81,1679.05,1600.28,1178.9,2200.5,1692.28,2232.34,1705.82,2315.26,1660.94,2201.53,1720.27,2087.01,1939.35,1619.11,3061.83,2688.56,2340.65,2110.96,2314.06,3000.23,2363.46,2727.37,2163.02,1987.9,2025.2,3326.06,2686.37,2951.79,2088.54,2328.49,3330.27,2872.27,2901.34,3446.17,3144.95,2279.39,4263.05,4318.56,2737.5,3670.19,3657.16,4015.36,4057.12,3349.19,4735.41,3758.67,6617.02,4024.32,4000.28,3367.88,5060.07
28.0,84.39,117.05,117.33,92.58,101.63,90.09,125.86,74.11,134.89,121.38,115.65,125.0,124.34,120.8,102.94,145.83,115.45,122.2,104.43,123.36,131.47,137.45,133.62,106.76,147.49,152.84,138.14,152.94,233.8,155.18,174.09,204.99,152.12,123.55,224.99,155.1,185.12,193.59,184.38,196.1,217.71,191.94,178.24,211.89,212.24,182.0,228.39,242.15,263.48,250.49,208.07,170.94,223.63,241.74,202.22,249.79,264.08,189.34,336.53,364.75,209.04,285.08,321.8,282.71,337.26,387.35,431.22,354.43,341.49,346.03,268.28,313.95,375.89,438.08,470.52,445.81,459.1,381.82,379.94,307.02,394.44,422.37,435.1,371.51,378.86,547.24,426.54,402.04,498.57,586.14,607.16,480.54,562.13,468.34,548.86,551.13,473.92,569.11,516.46,580.55,713.49,685.29,685.51,664.95,710.78,671.79,646.75,674.74,717.47,694.63,720.04,857.39,797.48,672.19,1075.71,944.99,732.62,1055.91,861.94,885.25,847.89,832.19,871.02,922.24,812.22,947.95,1104.85,968.04,911.38,1068.9,1023.03,977.35,1119.75,1011.29,1015.25,1213.91,1252.85,1062.67,1353.47,1192.82,1042.26,940.56,1364.75,1304.22,1915.72,1597.2,1357.23,1591.48,1624.0,1500.85,1430.44,1053.78,1966.96,1512.68,1995.42,1524.78,2069.54,1484.66,1967.88,1537.7,1865.52,1733.52,1447.28,2736.88,2403.22,2092.23,1886.93,2068.47,2681.82,2112.63,2437.92,1933.46,1776.92,1810.27,2973.06,2401.27,2638.52,1866.88,2081.36,2976.83,2567.44,2593.42,3080.43,2811.18,2037.48,3810.61,3860.23,2446.97,3280.68,3269.03,3589.21,3626.53,2993.74,4232.84,3359.77,5914.75,3597.22,3575.73,3010.45,4523.05
29.0,75.13,104.2,104.45,82.42,90.48,80.2,112.05,65.98,120.08,108.06,102.96,111.28,110.69,107.54,91.64,129.82,102.78,108.79,92.97,109.82,117.03,122.36,118.96,95.04,131.3,136.07,122.98,136.15,208.14,138.14,154.98,182.49,135.42,109.99,200.29,138.07,164.8,172.34,164.14,174.58,193.81,170.87,158.67,188.63,188.95,162.02,203.32,215.57,234.56,222.99,185.23,152.18,199.08,215.2,180.02,222.37,235.09,168.55,299.59,324.71,186.09,253.79,286.47,251.67,300.24,344.82,383.89,315.52,304.0,308.04,238.83,279.48,334.63,389.99,418.87,396.87,408.7,339.91,338.23,273.31,351.14,376.01,387.33,330.73,337.27,487.16,379.72,357.9,443.84,521.8,540.51,427.79,500.43,416.93,488.61,490.64,421.9,506.64,459.77,516.82,635.17,610.06,610.26,591.96,632.76,598.04,575.76,600.67,638.71,618.37,641.0,763.27,709.93,598.4,957.62,841.25,652.2,940.0,767.32,788.08,754.81,740.84,775.4,821.0,723.06,843.89,983.57,861.77,811.34,951.56,910.73,870.06,996.83,900.28,903.8,1080.65,1115.32,946.02,1204.89,1061.88,927.85,837.31,1214.94,1161.05,1705.42,1421.87,1208.24,1416.77,1445.72,1336.1,1273.41,938.1,1751.04,1346.63,1776.38,1357.4,1842.36,1321.68,1751.86,1368.9,1660.73,1543.23,1288.4,2436.44,2139.41,1862.56,1679.79,1841.41,2387.43,1880.72,2170.3,1721.21,1581.86,1611.55,2646.7,2137.67,2348.88,1661.95,1852.88,2650.05,2285.6,2308.73,2742.28,2502.59,1813.82,3392.31,3436.48,2178.35,2920.55,2910.17,3195.21,3228.44,2665.11,3768.19,2990.95,5265.47,3202.34,3183.21,2679.98,4026.54
30.0,66.63,92.41,92.63,73.09,80.24,71.13,99.37,58.51,106.49,95.83,91.31,98.69,98.17,95.37,81.27,115.13,91.15,96.48,82.45,97.39,103.79,108.51,105.49,84.28,116.44,120.67,109.06,120.74,184.59,122.51,137.44,161.84,120.1,97.55,177.63,122.45,146.15,152.84,145.57,154.82,171.88,151.53,140.72,167.29,167.57,143.69,180.31,191.18,208.02,197.76,164.27,134.96,176.56,190.85,159.65,197.21,208.49,149.48,265.69,287.97,165.04,225.07,254.06,223.19,266.27,305.81,340.45,279.82,269.6,273.18,211.81,247.86,296.76,345.86,371.48,351.96,362.46,301.44,299.96,242.39,311.41,333.46,343.5,293.3,299.11,432.04,336.75,317.4,393.62,462.75,479.35,379.38,443.8,369.75,433.32,435.12,374.16,449.31,407.74,458.34,563.3,541.03,541.2,524.97,561.16,530.37,510.6,532.7,566.43,548.4,568.46,676.9,629.6,530.69,849.26,746.06,578.4,833.63,680.5,698.9,669.4,657.01,687.66,728.1,641.24,748.4,872.27,764.26,719.53,843.89,807.67,771.61,884.03,798.41,801.53,958.37,989.11,838.97,1068.55,941.72,822.86,742.56,1077.46,1029.67,1512.44,1260.98,1071.52,1256.46,1282.13,1184.91,1129.32,831.95,1552.9,1194.25,1575.37,1203.81,1633.89,1172.13,1553.63,1214.0,1472.81,1368.6,1142.61,2160.74,1897.33,1651.8,1489.71,1633.04,2117.27,1667.9,1924.72,1526.45,1402.86,1429.19,2347.21,1895.78,2083.09,1473.89,1643.22,2350.18,2026.97,2047.49,2431.97,2219.4,1608.57,3008.44,3047.62,1931.86,2590.07,2580.87,2833.65,2863.12,2363.54,3341.8,2652.51,4669.65,2839.98,2823.01,2376.72,3570.91
31.0,58.88,81.66,81.86,64.59,70.91,62.85,87.81,51.71,94.11,84.69,80.69,87.21,86.75,84.28,71.82,101.74,80.55,85.26,72.86,86.07,91.72,95.89,93.23,74.48,102.9,106.64,96.38,106.7,163.12,108.26,121.45,143.02,106.13,86.2,156.97,108.21,129.15,135.06,128.64,136.81,151.89,133.91,124.35,147.83,148.08,126.98,159.34,168.94,183.82,174.76,145.17,119.26,156.02,168.66,141.08,174.27,184.24,132.1,234.79,254.48,145.84,198.89,224.51,197.23,235.3,270.24,300.85,247.27,238.24,241.41,187.17,219.03,262.25,305.63,328.27,311.03,320.3,266.38,265.07,214.2,275.19,294.68,303.55,259.19,264.32,381.79,297.58,280.49,347.84,408.93,423.6,335.26,392.18,326.75,382.92,384.51,330.64,397.05,360.32,405.03,497.78,478.11,478.26,463.92,495.89,468.69,451.22,470.74,500.56,484.62,502.35,598.17,556.38,468.97,750.49,659.29,511.13,736.68,601.35,617.61,591.55,580.6,607.68,643.42,566.66,661.35,770.82,675.37,635.84,745.74,713.74,681.87,781.22,705.55,708.31,846.91,874.07,741.39,944.27,832.2,727.15,656.2,952.14,909.91,1336.54,1114.32,946.9,1110.32,1133.01,1047.1,997.97,735.19,1372.29,1055.35,1392.14,1063.8,1443.86,1035.8,1372.93,1072.81,1301.51,1209.43,1009.72,1909.44,1676.66,1459.69,1316.45,1443.11,1871.02,1473.92,1700.86,1348.91,1239.7,1262.97,2074.22,1675.29,1840.81,1302.47,1452.1,2076.84,1791.22,1809.35,2149.12,1961.27,1421.49,2658.55,2693.16,1707.17,2288.83,2280.7,2504.08,2530.12,2088.64,2953.13,2344.01,4126.54,2509.67,2494.68,2100.3,3155.59
32.0,51.86,71.92,72.1,56.89,62.45,55.36,77.34,45.54,82.89,74.59,71.07,76.81,76.4,74.23,63.25,89.61,70.94,75.09,64.17,75.8,80.78,84.46,82.11,65.6,90.63,93.92,84.88,93.98,143.67,95.35,106.97,125.96,93.47,75.92,138.25,95.3,113.75,118.96,113.3,120.5,133.78,117.94,109.52,130.2,130.42,111.84,140.34,148.8,161.9,153.92,127.86,105.04,137.42,148.54,124.26,153.49,162.27,116.34,206.79,224.13,128.45,175.18,197.74,173.72,207.24,238.01,264.98,217.79,209.83,212.62,164.85,192.91,230.97,269.19,289.13,273.94,282.11,234.62,233.46,188.65,242.38,259.54,267.36,228.28,232.8,336.26,262.1,247.04,306.36,360.17,373.09,295.28,345.42,287.79,337.26,338.66,291.22,349.7,317.35,356.74,438.42,421.09,421.23,408.6,436.76,412.8,397.41,414.61,440.87,426.83,442.45,526.84,490.03,413.05,661.0,580.67,450.18,648.83,529.64,543.97,521.01,511.36,535.22,566.69,499.09,582.49,678.9,594.84,560.02,656.81,628.63,600.56,688.06,621.41,623.85,745.92,769.84,652.98,831.67,732.96,640.44,577.95,838.61,801.41,1177.16,981.44,833.98,977.92,997.91,922.24,878.97,647.52,1208.65,929.51,1226.14,936.94,1271.69,912.29,1209.22,944.88,1146.32,1065.21,889.32,1681.75,1476.72,1285.63,1159.47,1271.03,1647.91,1298.16,1498.04,1188.06,1091.88,1112.37,1826.88,1475.52,1621.3,1147.15,1278.95,1829.19,1577.63,1593.6,1892.85,1727.4,1251.98,2341.53,2372.02,1503.6,2015.9,2008.74,2205.49,2228.42,1839.58,2600.98,2064.5,3634.47,2210.41,2197.2,1849.85,2779.3
33.0,45.53,63.15,63.3,49.95,54.83,48.6,67.91,39.98,72.77,65.49,62.4,67.44,67.08,65.17,55.54,78.68,62.29,65.93,56.34,66.56,70.93,74.15,72.09,57.6,79.57,82.46,74.53,82.51,126.14,83.72,93.92,110.59,82.07,66.66,121.39,83.68,99.87,104.44,99.48,105.8,117.46,103.55,96.16,114.32,114.51,98.19,123.22,130.64,142.15,135.14,112.26,92.23,120.65,130.42,109.1,134.77,142.47,102.15,181.57,196.79,112.78,153.81,173.61,152.52,181.96,208.98,232.65,191.22,184.24,186.69,144.74,169.38,202.8,236.35,253.85,240.52,247.69,206.0,204.98,165.64,212.81,227.88,234.74,200.43,204.4,295.24,230.12,216.9,268.98,316.23,327.57,259.26,303.28,252.68,296.12,297.34,255.69,307.04,278.64,313.22,384.94,369.72,369.84,358.75,383.48,362.44,348.93,364.03,387.08,374.76,388.47,462.57,430.25,362.66,580.36,509.83,395.26,569.68,465.03,477.61,457.45,448.98,469.93,497.56,438.2,511.43,596.08,522.27,491.7,576.69,551.94,527.29,604.12,545.61,547.74,654.92,675.93,573.32,730.21,643.54,562.31,507.45,736.3,703.64,1033.56,861.71,732.24,858.62,876.17,809.73,771.74,568.53,1061.2,816.11,1076.56,822.64,1116.55,800.99,1061.7,829.61,1006.47,935.26,780.83,1476.58,1296.57,1128.79,1018.02,1115.97,1446.88,1139.79,1315.29,1043.13,958.67,976.66,1604.01,1295.52,1423.51,1007.21,1122.92,1606.04,1385.17,1399.19,1661.93,1516.67,1099.25,2055.88,2082.64,1320.17,1769.97,1763.68,1936.43,1956.56,1615.16,2283.68,1812.64,3191.09,1940.75,1929.15,1624.18,2440.24
34.0,39.86,55.28,55.42,43.73,48.0,42.55,59.45,35.0,63.71,57.33,54.62,59.04,58.73,57.05,48.62,68.88,54.53,57.72,49.32,58.26,62.09,64.92,63.11,50.42,69.66,72.19,65.24,72.23,110.43,73.29,82.22,96.82,71.85,58.36,106.27,73.25,87.43,91.43,87.08,92.62,102.82,90.65,84.18,100.08,100.24,85.96,107.87,114.37,124.44,118.31,98.27,80.74,105.62,114.18,95.51,117.98,124.72,89.43,158.95,172.27,98.73,134.65,151.99,133.52,159.29,182.95,203.67,167.4,161.29,163.43,126.71,148.28,177.53,206.91,222.23,210.56,216.84,180.34,179.45,145.01,186.3,199.49,205.5,175.47,178.94,258.46,201.46,189.88,235.48,276.84,286.77,226.96,265.5,221.2,259.23,260.3,223.84,268.79,243.93,274.2,336.99,323.67,323.77,314.06,335.71,317.29,305.46,318.68,338.86,328.08,340.08,404.95,376.65,317.48,508.06,446.32,346.02,498.71,407.1,418.11,400.46,393.05,411.39,435.58,383.61,447.72,521.83,457.21,430.45,504.85,483.18,461.61,528.86,477.64,479.51,573.34,591.73,501.9,639.25,563.38,492.27,444.23,644.58,615.99,904.8,754.37,641.03,751.66,767.02,708.86,675.6,497.71,929.01,714.45,942.45,720.16,977.46,701.21,929.44,726.26,881.09,818.75,683.56,1292.64,1135.06,988.17,891.21,976.95,1266.64,997.81,1151.44,913.18,839.25,855.0,1404.19,1134.13,1246.19,881.74,983.04,1405.97,1212.62,1224.89,1454.9,1327.74,962.31,1799.77,1823.21,1155.72,1549.48,1543.98,1695.2,1712.83,1413.96,1999.19,1586.84,2793.57,1698.99,1688.84,1421.85,2136.26
35.0,34.8,48.26,48.38,38.17,41.91,37.15,51.9,30.56,55.62,50.05,47.69,51.54,51.27,49.81,42.45,60.13,47.6,50.39,43.06,50.87,54.21,56.67,55.1,44.02,60.81,63.02,56.96,63.06,96.4,63.98,71.78,84.52,62.72,50.94,92.77,63.95,76.33,79.82,76.02,80.86,89.77,79.14,73.49,87.37,87.51,75.04,94.17,99.85,108.64,103.28,85.79,70.48,92.21,99.68,83.38,103.0,108.89,78.07,138.76,150.4,86.19,117.55,132.68,116.57,139.06,159.71,177.81,146.14,140.8,142.68,110.62,129.45,154.99,180.63,194.01,183.82,189.3,157.43,156.66,126.59,162.64,174.16,179.4,153.18,156.21,225.64,175.87,165.77,205.57,241.68,250.35,198.14,231.78,193.11,226.31,227.25,195.41,234.66,212.95,239.38,294.19,282.56,282.65,274.18,293.07,277.0,266.67,278.21,295.83,286.41,296.89,353.52,328.82,277.16,443.54,389.64,302.08,435.38,355.4,365.01,349.61,343.14,359.14,380.26,334.9,390.86,455.56,399.15,375.79,440.73,421.82,402.99,461.7,416.98,418.61,500.53,516.58,438.17,558.07,491.83,429.75,387.82,562.72,537.76,789.9,658.57,559.62,656.21,669.62,618.84,589.81,434.5,811.03,623.72,822.76,628.71,853.33,612.16,811.41,634.03,769.2,714.78,596.75,1128.49,990.91,862.68,778.03,852.88,1105.78,871.09,1005.22,797.21,732.67,746.42,1225.87,990.1,1087.93,769.76,858.2,1227.43,1058.62,1069.34,1270.14,1159.12,840.11,1571.21,1591.67,1008.95,1352.71,1347.91,1479.93,1495.31,1234.4,1745.31,1385.32,2438.81,1483.23,1474.37,1241.29,1864.97
36.0,30.3,42.02,42.12,33.24,36.49,32.34,45.19,26.61,48.43,43.58,41.52,44.88,44.64,43.37,36.96,52.36,41.45,43.87,37.49,44.29,47.2,49.35,47.97,38.33,52.95,54.88,49.6,54.91,83.94,55.71,62.5,73.6,54.61,44.36,80.78,55.68,66.46,69.5,66.2,70.41,78.16,68.91,63.99,76.07,76.2,65.34,82.0,86.94,94.6,89.93,74.7,61.37,80.29,86.79,72.6,89.68,94.81,67.98,120.82,130.95,75.05,102.35,115.53,101.5,121.09,139.07,154.82,127.25,122.6,124.23,96.32,112.71,134.95,157.28,168.93,160.06,164.83,137.08,136.41,110.23,141.61,151.64,156.21,133.38,136.02,196.47,153.14,144.34,179.0,210.44,217.99,172.52,201.82,168.15,197.05,197.87,170.15,204.32,185.42,208.43,256.16,246.04,246.11,238.73,255.19,241.19,232.2,242.25,257.59,249.39,258.51,307.82,286.31,241.33,386.2,339.27,263.03,379.1,309.46,317.83,304.41,298.78,312.72,331.11,291.61,340.34,396.67,347.55,327.21,383.76,367.29,350.89,402.02,363.08,364.5,435.82,449.8,381.52,485.93,428.25,374.2,337.68,489.98,468.24,687.79,573.44,487.28,571.38,583.05,538.84,513.56,378.33,706.19,543.09,716.4,547.43,743.02,533.03,706.52,552.07,669.77,622.38,519.61,982.61,862.82,751.16,677.45,742.63,962.84,758.49,875.27,694.16,637.96,649.93,1067.4,862.11,947.29,670.26,747.26,1068.75,921.77,931.1,1105.95,1009.28,731.5,1368.1,1385.92,878.52,1177.84,1173.66,1288.61,1302.01,1074.83,1519.69,1206.24,2123.54,1291.49,1283.77,1080.82,1623.88
37.0,26.32,36.5,36.59,28.87,31.69,28.09,39.25,23.11,42.06,37.85,36.06,38.98,38.77,37.67,32.1,45.48,36.0,38.11,32.57,38.47,41.0,42.86,41.67,33.29,45.99,47.66,43.08,47.69,72.91,48.39,54.29,63.92,47.44,38.53,70.16,48.37,57.73,60.37,57.5,61.15,67.89,59.85,55.58,66.08,66.19,56.76,71.22,75.51,82.16,78.11,64.89,53.31,69.74,75.38,63.06,77.9,82.35,59.04,104.95,113.74,65.19,88.9,100.35,88.16,105.17,120.79,134.47,110.53,106.49,107.91,83.66,97.9,117.22,136.61,146.73,139.02,143.17,119.07,118.48,95.74,123.0,131.71,135.68,115.85,118.14,170.65,133.01,125.37,155.47,182.78,189.34,149.85,175.3,146.05,171.16,171.87,147.79,177.47,161.05,181.04,222.5,213.7,213.77,207.36,221.65,209.49,201.68,210.41,223.74,216.61,224.54,267.37,248.69,209.62,335.45,294.69,228.46,329.28,268.79,276.06,264.41,259.51,271.62,287.59,253.28,295.61,344.54,301.87,284.21,333.33,319.02,304.78,349.19,315.36,316.6,378.55,390.69,331.38,422.07,371.97,325.02,293.31,425.59,406.71,597.4,498.07,423.24,496.29,506.43,468.03,446.07,328.61,613.38,471.72,622.26,475.49,645.37,462.98,613.67,479.52,581.75,540.58,451.32,853.47,749.43,652.45,588.42,645.03,836.3,658.81,760.24,602.93,554.12,564.52,927.12,748.81,822.8,582.17,649.06,928.3,800.63,808.74,960.61,876.64,635.37,1188.31,1203.78,763.07,1023.05,1019.42,1119.27,1130.9,933.57,1319.98,1047.71,1844.47,1121.76,1115.06,938.78,1410.47
38.0,22.81,31.63,31.71,25.02,27.46,24.34,34.01,20.03,36.45,32.8,31.25,33.78,33.6,32.64,27.82,39.41,31.2,33.02,28.22,33.34,35.53,37.14,36.11,28.85,39.86,41.3,37.33,41.33,63.18,41.93,47.04,55.39,41.11,33.39,60.8,41.91,50.02,52.31,49.82,52.99,58.83,51.87,48.17,57.26,57.35,49.18,61.72,65.44,71.2,67.69,56.23,46.19,60.43,65.32,54.65,67.5,71.36,51.16,90.94,98.57,56.49,77.04,86.96,76.39,91.14,104.67,116.53,95.78,92.28,93.51,72.5,84.84,101.58,118.38,127.15,120.47,124.06,103.18,102.67,82.96,106.59,114.14,117.57,100.39,102.38,147.88,115.26,108.64,134.73,158.39,164.07,129.85,151.9,126.56,148.32,148.93,128.07,153.79,139.56,156.88,192.8,185.18,185.24,179.69,192.07,181.54,174.77,182.33,193.88,187.71,194.57,231.69,215.5,181.64,290.68,255.36,197.97,285.34,232.92,239.22,229.12,224.88,235.37,249.21,219.48,256.16,298.56,261.59,246.28,288.85,276.45,264.11,302.59,273.28,274.35,328.03,338.55,287.16,365.74,322.33,281.65,254.16,368.79,352.43,517.68,431.61,366.76,430.06,438.85,405.57,386.54,284.76,531.53,408.77,539.22,412.04,559.25,401.2,531.78,415.53,504.11,468.44,391.09,739.58,649.42,565.38,509.9,558.96,724.7,570.89,658.79,522.47,480.17,489.18,803.4,648.89,713.0,504.48,562.44,804.42,693.79,700.81,832.42,759.66,550.58,1029.73,1043.14,661.24,886.53,883.38,969.9,979.99,808.99,1143.83,907.9,1598.33,972.07,966.26,813.5,1222.25
39.0,19.72,27.35,27.41,21.63,23.75,21.05,29.41,17.32,31.52,28.36,27.02,29.21,29.05,28.22,24.05,34.07,26.97,28.55,24.4,28.82,30.72,32.11,31.22,24.94,34.46,35.71,32.28,35.73,54.63,36.26,40.67,47.9,35.54,28.87,52.57,36.24,43.25,45.23,43.08,45.82,50.87,44.85,41.65,49.51,49.59,42.52,53.36,56.58,61.56,58.53,48.62,39.94,52.25,56.48,47.25,58.36,61.7,44.24,78.63,85.22,48.84,66.61,75.19,66.05,78.8,90.5,100.75,82.81,79.79,80.85,62.68,73.35,87.83,102.36,109.94,104.16,107.27,89.21,88.77,71.73,92.16,98.69,101.66,86.8,88.52,127.86,99.66,93.93,116.49,136.95,141.86,112.28,131.34,109.43,128.24,128.77,110.73,132.97,120.67,135.64,166.71,160.12,160.17,155.36,166.07,156.96,151.11,157.65,167.63,162.3,168.23,200.33,186.33,157.06,251.34,220.79,171.17,246.71,201.39,206.84,198.11,194.44,203.51,215.48,189.77,221.49,258.15,226.18,212.94,249.75,239.03,228.35,261.63,236.29,237.21,283.63,292.72,248.29,316.23,278.7,243.52,219.76,318.87,304.73,447.6,373.18,317.11,371.84,379.44,350.67,334.22,246.21,459.57,353.43,466.22,356.26,483.54,346.89,459.79,359.28,435.87,405.03,338.15,639.46,561.51,488.84,440.88,483.29,626.6,493.61,569.61,451.75,415.17,422.96,694.65,561.05,616.48,436.19,486.3,695.53,599.88,605.95,719.73,656.82,476.05,890.34,901.93,571.73,766.52,763.8,838.61,847.33,699.48,988.99,785.0,1381.97,840.48,835.46,703.38,1056.8
40.0,17.01,23.6,23.65,18.66,20.49,18.16,25.37,14.94,27.19,24.47,23.31,25.2,25.07,24.35,20.75,29.4,23.27,24.64,21.05,24.87,26.5,27.71,26.94,21.52,29.73,30.81,27.85,30.83,47.13,31.28,35.09,41.32,30.67,24.91,45.36,31.27,37.32,39.03,37.17,39.53,43.89,38.69,35.93,42.72,42.79,36.69,46.04,48.82,53.12,50.5,41.95,34.46,45.08,48.73,40.77,50.36,53.24,38.17,67.84,73.53,42.14,57.47,64.87,56.99,67.99,78.09,86.93,71.45,68.84,69.76,54.08,63.29,75.78,88.31,94.86,89.87,92.55,76.97,76.59,61.89,79.52,85.15,87.71,74.89,76.38,110.32,85.99,81.05,100.51,118.16,122.4,96.87,113.32,94.42,110.65,111.11,95.54,114.73,104.12,117.04,143.84,138.15,138.19,134.05,143.29,135.43,130.38,136.02,144.64,140.03,145.16,172.84,160.77,135.51,216.86,190.5,147.69,212.87,173.76,178.46,170.93,167.77,175.59,185.92,163.74,191.1,222.73,195.15,183.73,215.48,206.24,197.03,225.74,203.87,204.67,244.72,252.57,214.23,272.85,240.47,210.11,189.61,275.13,262.92,386.2,321.99,273.61,320.83,327.39,302.56,288.37,212.44,396.53,304.95,402.27,307.39,417.21,299.3,396.71,309.99,376.08,349.47,291.76,551.74,484.48,421.78,380.39,416.99,540.64,425.89,491.47,389.77,358.22,364.94,599.35,484.08,531.91,376.35,419.59,600.11,517.58,522.82,621.0,566.72,410.74,768.2,778.2,493.29,661.37,659.02,723.57,731.09,603.52,853.32,677.31,1192.38,725.18,720.85,606.89,911.82
41.0,14.65,20.32,20.37,16.07,17.64,15.64,21.85,12.87,23.42,21.07,20.08,21.7,21.58,20.97,17.87,25.31,20.04,21.21,18.13,21.41,22.82,23.86,23.2,18.53,25.6,26.53,23.98,26.55,40.59,26.94,30.22,35.58,26.41,21.45,39.06,26.92,32.14,33.61,32.01,34.04,37.79,33.32,30.94,36.78,36.84,31.59,39.65,42.04,45.74,43.48,36.12,29.67,38.82,41.96,35.1,43.36,45.84,32.87,58.42,63.32,36.29,49.49,55.86,49.08,58.55,67.24,74.86,61.53,59.28,60.07,46.57,54.5,65.25,76.05,81.68,77.39,79.7,66.28,65.95,53.3,68.47,73.32,75.53,64.49,65.77,95.0,74.04,69.79,86.55,101.75,105.4,83.42,97.58,81.3,95.28,95.67,82.27,98.79,89.65,100.78,123.86,118.96,119.0,115.43,123.39,116.62,112.27,117.13,124.55,120.58,124.99,148.83,138.43,116.69,186.73,164.04,127.18,183.3,149.63,153.67,147.19,144.46,151.2,160.09,140.99,164.56,191.79,168.04,158.21,185.55,177.59,169.66,194.38,175.55,176.24,210.72,217.48,184.47,234.95,207.06,180.93,163.27,236.91,226.4,332.55,277.26,235.6,276.27,281.91,260.53,248.31,182.93,341.45,262.59,346.39,264.69,359.25,257.72,341.61,266.93,323.84,300.92,251.23,475.1,417.18,363.19,327.55,359.07,465.54,366.73,423.2,335.63,308.46,314.25,516.1,416.84,458.02,324.07,361.31,516.75,445.68,450.2,534.74,488.0,353.69,661.49,670.1,424.77,569.5,567.47,623.06,629.53,519.69,734.78,583.23,1026.75,624.45,620.71,522.59,785.16
42.0,12.59,17.46,17.51,13.81,15.16,13.44,18.78,11.06,20.12,18.11,17.25,18.65,18.55,18.02,15.36,21.76,17.22,18.23,15.58,18.4,19.61,20.51,19.94,15.93,22.0,22.8,20.61,22.82,34.88,23.15,25.97,30.58,22.7,18.43,33.57,23.14,27.62,28.88,27.51,29.26,32.48,28.64,26.59,31.61,31.67,27.15,34.07,36.13,39.31,37.37,31.04,25.5,33.36,36.07,30.17,37.27,39.4,28.25,50.21,54.42,31.19,42.53,48.01,42.18,50.32,57.79,64.34,52.88,50.95,51.62,40.03,46.84,56.08,65.36,70.2,66.51,68.49,56.97,56.68,45.8,58.85,63.02,64.91,55.43,56.52,81.64,63.64,59.98,74.38,87.45,90.58,71.69,83.87,69.87,81.89,82.23,70.71,84.91,77.05,86.61,106.45,102.24,102.27,99.21,106.04,100.23,96.49,100.67,107.04,103.63,107.42,127.92,118.98,100.29,160.49,140.99,109.3,157.53,128.6,132.07,126.5,124.16,129.95,137.59,121.18,141.43,164.84,144.43,135.97,159.47,152.63,145.81,167.06,150.88,151.47,181.11,186.92,158.54,201.93,177.96,155.5,140.33,203.61,194.58,285.81,238.29,202.49,237.44,242.29,223.92,213.41,157.22,293.46,225.68,297.7,227.49,308.76,221.5,293.6,229.41,278.32,258.63,215.92,408.32,358.55,312.15,281.52,308.6,400.11,315.19,363.72,288.46,265.1,270.08,443.56,358.25,393.65,278.53,310.53,444.12,383.05,386.92,459.58,419.41,303.98,568.52,575.92,365.07,489.46,487.72,535.49,541.06,446.65,631.51,501.26,882.44,536.68,533.47,449.14,674.81
43.0,10.8,14.98,15.02,11.85,13.01,11.53,16.11,9.49,17.26,15.54,14.8,16.0,15.91,15.46,13.18,18.66,14.78,15.64,13.37,15.79,16.83,17.59,17.1,13.66,18.88,19.56,17.68,19.57,29.92,19.86,22.28,26.24,19.47,15.81,28.8,19.85,23.69,24.78,23.6,25.1,27.86,24.57,22.81,27.12,27.17,23.29,29.23,30.99,33.72,32.06,26.63,21.88,28.62,30.94,25.88,31.97,33.8,24.23,43.07,46.69,26.76,36.49,41.19,36.18,43.17,49.58,55.19,45.36,43.71,44.29,34.34,40.18,48.11,56.07,60.22,57.06,58.76,48.87,48.63,39.3,50.49,54.06,55.69,47.55,48.49,70.04,54.59,51.46,63.81,75.02,77.71,61.51,71.95,59.94,70.25,70.54,60.66,72.84,66.1,74.31,91.32,87.71,87.74,85.11,90.97,85.98,82.78,86.36,91.83,88.91,92.16,109.74,102.07,86.04,137.68,120.95,93.77,135.15,110.32,113.31,108.52,106.51,111.48,118.04,103.96,121.33,141.41,123.9,116.65,136.81,130.94,125.09,143.32,129.44,129.94,155.37,160.35,136.01,173.23,152.67,133.4,120.38,174.68,166.93,245.2,204.43,173.71,203.7,207.86,192.1,183.09,134.88,251.76,193.61,255.4,195.16,264.89,190.03,251.87,196.81,238.77,221.88,185.24,350.3,307.59,267.79,241.51,264.75,343.25,270.4,312.03,247.47,227.43,231.7,380.53,307.34,337.71,238.95,266.4,381.01,328.61,331.94,394.27,359.81,260.78,487.73,494.08,313.19,419.9,418.41,459.39,464.17,383.18,541.77,430.02,757.04,460.42,457.67,385.31,578.91
44.0,9.25,12.83,12.86,10.15,11.14,9.88,13.8,8.12,14.79,13.31,12.68,13.7,13.63,13.24,11.28,15.98,12.65,13.4,11.45,13.52,14.41,15.07,14.65,11.7,16.17,16.75,15.14,16.76,25.63,17.01,19.08,22.47,16.67,13.54,24.66,17.0,20.29,21.22,20.21,21.5,23.86,21.04,19.54,23.23,23.26,19.95,25.03,26.54,28.88,27.46,22.81,18.74,24.51,26.5,22.17,27.38,28.95,20.75,36.89,39.98,22.91,31.25,35.27,30.99,36.97,42.46,47.27,38.85,37.43,37.93,29.41,34.41,41.2,48.02,51.58,48.87,50.32,41.85,41.65,33.65,43.24,46.3,47.69,40.72,41.53,59.98,46.75,44.07,54.65,64.25,66.55,52.67,61.62,51.34,60.16,60.41,51.95,62.38,56.61,63.64,78.21,75.12,75.14,72.89,77.91,73.64,70.89,73.96,78.64,76.14,78.93,93.98,87.41,73.68,117.91,103.58,80.31,115.74,94.48,97.04,92.94,91.22,95.48,101.09,89.03,103.91,121.11,106.11,99.9,117.17,112.14,107.13,122.74,110.85,111.29,133.06,137.33,116.48,148.36,130.75,114.25,103.1,149.6,142.96,209.99,175.08,148.77,174.45,178.01,164.51,156.8,115.51,215.61,165.81,218.73,167.14,226.85,162.74,215.71,168.55,204.49,190.02,158.64,300.0,263.43,229.34,206.83,226.73,293.96,231.57,267.23,211.93,194.78,198.43,325.89,263.21,289.22,204.64,228.15,326.3,281.43,284.28,337.66,308.14,223.34,417.7,423.13,268.22,359.61,358.33,393.43,397.52,328.16,463.98,368.28,648.34,394.31,391.95,329.99,495.79
45.0,7.91,10.97,11.0,8.68,9.52,8.44,11.8,6.95,12.64,11.38,10.84,11.72,11.65,11.32,9.65,13.67,10.82,11.45,9.79,11.56,12.32,12.88,12.52,10.01,13.82,14.32,12.95,14.33,21.91,14.54,16.32,19.21,14.26,11.58,21.09,14.54,17.35,18.14,17.28,18.38,20.4,17.99,16.7,19.86,19.89,17.06,21.4,22.69,24.69,23.48,19.5,16.02,20.96,22.66,18.95,23.41,24.75,17.74,31.54,34.18,19.59,26.72,30.16,26.5,31.61,36.3,40.41,33.22,32.0,32.43,25.14,29.42,35.23,41.06,44.1,41.78,43.03,35.78,35.61,28.77,36.97,39.58,40.78,34.82,35.51,51.29,39.98,37.68,46.73,54.93,56.9,45.04,52.68,43.89,51.44,51.65,44.42,53.34,48.4,54.41,66.87,64.23,64.25,62.32,66.61,62.96,60.61,63.24,67.24,65.1,67.48,80.35,74.74,63.0,100.81,88.56,68.66,98.96,80.78,82.97,79.46,77.99,81.63,86.43,76.12,88.84,103.55,90.72,85.41,100.18,95.88,91.6,104.94,94.78,95.15,113.77,117.42,99.59,126.85,111.79,97.68,88.15,127.9,122.23,179.54,149.69,127.2,149.15,152.2,140.66,134.06,98.76,184.34,141.77,187.01,142.9,193.96,139.14,184.43,144.11,174.84,162.46,135.64,256.5,225.23,196.08,176.84,193.86,251.34,197.99,228.48,181.2,166.53,169.66,278.63,225.05,247.28,174.96,195.06,278.99,240.62,243.05,288.7,263.46,190.95,357.13,361.78,229.33,307.46,306.37,336.38,339.88,280.57,396.7,314.88,554.33,337.13,335.12,282.14,423.9
46.0,6.75,9.36,9.39,7.41,8.13,7.21,10.07,5.93,10.79,9.71,9.25,10.0,9.95,9.66,8.24,11.67,9.24,9.78,8.35,9.87,10.52,11.0,10.69,8.54,11.8,12.23,11.05,12.24,18.71,12.41,13.93,16.4,12.17,9.88,18.0,12.41,14.81,15.49,14.75,15.69,17.42,15.36,14.26,16.95,16.98,14.56,18.27,19.37,21.08,20.04,16.65,13.68,17.89,19.34,16.18,19.98,21.13,15.15,26.92,29.18,16.72,22.81,25.74,22.62,26.98,30.99,34.5,28.36,27.32,27.68,21.46,25.12,30.07,35.05,37.64,35.67,36.73,30.55,30.4,24.56,31.56,33.79,34.81,29.72,30.31,43.78,34.12,32.16,39.89,46.89,48.57,38.44,44.97,37.47,43.91,44.09,37.92,45.53,41.32,46.45,57.08,54.83,54.84,53.2,56.87,53.75,51.74,53.98,57.4,55.57,57.61,68.59,63.8,53.78,86.06,75.6,58.61,84.48,68.96,70.82,67.83,66.58,69.68,73.78,64.98,75.84,88.39,77.45,72.91,85.52,81.85,78.19,89.58,80.91,81.22,97.12,100.23,85.02,108.28,95.43,83.38,75.25,109.18,104.34,153.26,127.78,108.58,127.32,129.92,120.07,114.44,84.31,157.36,121.02,159.64,121.99,165.57,118.78,157.44,123.02,149.25,138.69,115.79,218.96,192.27,167.39,150.96,165.48,214.55,169.02,195.04,154.68,142.16,144.83,237.85,192.11,211.09,149.36,166.52,238.16,205.4,207.48,246.44,224.9,163.0,304.86,308.83,195.77,262.46,261.53,287.15,290.13,239.51,338.64,268.79,473.2,287.79,286.07,240.85,361.86
47.0,5.75,7.98,8.0,6.31,6.93,6.14,8.58,5.05,9.2,8.28,7.89,8.52,8.48,8.24,7.02,9.94,7.87,8.33,7.12,8.41,8.96,9.37,9.11,7.28,10.06,10.42,9.42,10.43,15.94,10.58,11.87,13.98,10.37,8.43,15.34,10.58,12.62,13.2,12.57,13.37,14.85,13.09,12.15,14.45,14.47,12.41,15.57,16.51,17.97,17.08,14.19,11.66,15.25,16.48,13.79,17.03,18.01,12.91,22.95,24.87,14.25,19.44,21.94,19.28,23.0,26.41,29.41,24.17,23.29,23.6,18.29,21.41,25.63,29.87,32.09,30.4,31.31,26.04,25.91,20.94,26.9,28.8,29.67,25.33,25.83,37.32,29.09,27.42,34.0,39.97,41.4,32.77,38.33,31.94,37.43,37.58,32.32,38.81,35.22,39.59,48.65,46.73,46.75,45.34,48.47,45.81,44.1,46.01,48.92,47.37,49.1,58.47,54.38,45.84,73.35,64.44,49.96,72.0,58.78,60.37,57.82,56.75,59.4,62.89,55.39,64.64,75.34,66.01,62.15,72.89,69.76,66.65,76.36,68.96,69.23,82.78,85.43,72.46,92.29,81.34,71.07,64.14,93.06,88.94,130.64,108.92,92.55,108.52,110.74,102.34,97.54,71.86,134.13,103.15,136.07,103.98,141.12,101.24,134.19,104.86,127.21,118.21,98.69,186.63,163.88,142.67,128.67,141.05,182.88,144.06,166.24,131.84,121.17,123.44,202.74,163.75,179.92,127.3,141.93,202.99,175.08,176.85,210.06,191.7,138.94,259.85,263.23,166.86,223.71,222.92,244.75,247.3,204.15,288.64,229.11,403.33,245.3,243.83,205.29,308.43
48.0,4.9,6.79,6.81,5.37,5.9,5.23,7.31,4.3,7.83,7.05,6.71,7.26,7.22,7.01,5.97,8.46,6.7,7.09,6.06,7.16,7.63,7.98,7.76,6.2,8.56,8.87,8.02,8.88,13.57,9.01,10.1,11.9,8.83,7.17,13.06,9.0,10.74,11.24,10.7,11.38,12.64,11.14,10.34,12.3,12.32,10.56,13.26,14.05,15.29,14.54,12.08,9.92,12.98,14.03,11.74,14.5,15.33,10.99,19.53,21.17,12.13,16.55,18.68,16.41,19.57,22.48,25.03,20.57,19.82,20.08,15.57,18.22,21.82,25.43,27.31,25.87,26.65,22.16,22.05,17.82,22.89,24.51,25.25,21.56,21.99,31.76,24.76,23.33,28.94,34.02,35.24,27.89,32.63,27.18,31.86,31.99,27.51,33.03,29.97,33.69,41.41,39.77,39.79,38.59,41.25,38.99,37.54,39.16,41.64,40.32,41.79,49.76,46.28,39.01,62.43,54.85,42.52,61.28,50.03,51.38,49.21,48.3,50.55,53.53,47.14,55.02,64.12,56.18,52.9,62.04,59.38,56.72,64.99,58.69,58.92,70.45,72.71,61.68,78.55,69.23,60.49,54.59,79.21,75.7,111.19,92.7,78.77,92.37,94.26,87.11,83.02,61.16,114.16,87.79,115.81,88.5,120.11,86.17,114.21,89.25,108.27,100.61,84.0,158.85,139.48,121.43,109.52,120.05,155.65,122.61,141.49,112.22,103.13,105.07,172.55,139.37,153.14,108.35,120.8,172.77,149.01,150.52,178.79,163.16,118.25,221.16,224.04,142.02,190.41,189.73,208.31,210.48,173.75,245.67,195.0,343.29,208.78,207.53,174.72,262.51
49.0,4.16,5.77,5.79,4.57,5.01,4.44,6.21,3.66,6.65,5.99,5.71,6.17,6.13,5.96,5.08,7.19,5.7,6.03,5.15,6.09,6.49,6.78,6.59,5.27,7.28,7.54,6.81,7.54,11.53,7.65,8.59,10.11,7.5,6.09,11.1,7.65,9.13,9.55,9.1,9.67,10.74,9.47,8.79,10.45,10.47,8.98,11.27,11.95,13.0,12.36,10.26,8.43,11.03,11.93,9.98,12.32,13.03,9.34,16.6,17.99,10.31,14.06,15.87,13.95,16.64,19.11,21.27,17.48,16.85,17.07,13.23,15.49,18.54,21.61,23.21,21.99,22.65,18.84,18.74,15.14,19.46,20.84,21.46,18.33,18.69,26.99,21.04,19.83,24.59,28.91,29.95,23.7,27.73,23.1,27.07,27.19,23.38,28.07,25.48,28.64,35.2,33.81,33.82,32.8,35.06,33.14,31.9,33.28,35.39,34.27,35.52,42.29,39.34,33.16,53.06,46.62,36.14,52.09,42.52,43.67,41.83,41.05,42.97,45.49,40.07,46.76,54.5,47.75,44.96,52.73,50.47,48.21,55.24,49.89,50.08,59.88,61.8,52.42,66.77,58.84,51.41,46.4,67.32,64.34,94.5,78.79,66.95,78.51,80.11,74.04,70.56,51.98,97.03,74.62,98.43,75.22,102.09,73.24,97.08,75.85,92.03,85.51,71.39,135.01,118.55,103.21,93.08,102.04,132.29,104.22,120.26,95.38,87.65,89.3,146.66,118.45,130.16,92.09,102.67,146.85,126.65,127.93,151.96,138.67,100.51,187.98,190.42,120.71,161.83,161.26,177.05,178.9,147.68,208.8,165.74,291.77,177.45,176.39,148.5,223.12
50.0,3.53,4.9,4.91,3.88,4.26,3.77,5.27,3.1,5.65,5.08,4.84,5.23,5.21,5.06,4.31,6.11,4.83,5.12,4.37,5.17,5.5,5.76,5.6,4.47,6.18,6.4,5.78,6.4,9.79,6.5,7.29,8.58,6.37,5.17,9.42,6.49,7.75,8.11,7.72,8.21,9.12,8.04,7.46,8.87,8.89,7.62,9.56,10.14,11.03,10.49,8.71,7.16,9.36,10.12,8.47,10.46,11.06,7.93,14.09,15.27,8.75,11.94,13.47,11.84,14.12,16.22,18.06,14.84,14.3,14.49,11.23,13.15,15.74,18.34,19.7,18.67,19.22,15.99,15.91,12.86,16.52,17.69,18.22,15.56,15.86,22.91,17.86,16.83,20.88,24.54,25.42,20.12,23.54,19.61,22.98,23.08,19.84,23.83,21.62,24.31,29.87,28.69,28.7,27.84,29.76,28.13,27.08,28.25,30.04,29.08,30.15,35.9,33.39,28.15,45.04,39.57,30.68,44.21,36.09,37.07,35.5,34.85,36.47,38.62,34.01,39.69,46.26,40.53,38.16,44.76,42.84,40.92,46.89,42.34,42.51,50.83,52.46,44.5,56.67,49.95,43.64,39.38,57.14,54.61,80.21,66.88,56.83,66.64,68.0,62.84,59.89,44.12,82.36,63.34,83.55,63.84,86.65,62.16,82.4,64.39,78.11,72.59,60.6,114.6,100.63,87.6,79.01,86.61,112.29,88.46,102.08,80.96,74.4,75.8,124.49,100.54,110.48,78.17,87.15,124.64,107.5,108.59,128.98,117.71,85.31,159.56,161.63,102.46,137.37,136.88,150.29,151.85,125.35,177.24,140.68,247.66,150.62,149.72,126.05,189.39
51.0,3.0,4.15,4.16,3.29,3.61,3.2,4.47,2.63,4.79,4.31,4.11,4.44,4.41,4.29,3.65,5.18,4.1,4.34,3.71,4.38,4.67,4.88,4.74,3.79,5.24,5.43,4.9,5.43,8.3,5.51,6.18,7.28,5.4,4.39,7.99,5.51,6.57,6.87,6.54,6.96,7.73,6.81,6.33,7.52,7.53,6.46,8.11,8.6,9.35,8.89,7.39,6.07,7.94,8.58,7.18,8.87,9.37,6.72,11.95,12.95,7.42,10.12,11.42,10.03,11.97,13.75,15.31,12.58,12.12,12.28,9.52,11.14,13.34,15.55,16.7,15.82,16.3,13.55,13.49,10.9,14.0,14.99,15.44,13.19,13.45,19.42,15.14,14.27,17.7,20.81,21.55,17.06,19.95,16.62,19.48,19.56,16.82,20.2,18.33,20.61,25.33,24.32,24.33,23.6,25.23,23.85,22.96,23.95,25.47,24.66,25.56,30.43,28.31,23.86,38.18,33.54,26.0,37.48,30.59,31.42,30.1,29.54,30.92,32.74,28.83,33.65,39.22,34.36,32.35,37.94,36.31,34.69,39.75,35.9,36.04,43.09,44.47,37.72,48.04,42.34,37.0,33.39,48.44,46.29,68.0,56.69,48.18,56.49,57.64,53.27,50.77,37.4,69.82,53.69,70.83,54.12,73.46,52.7,69.85,54.58,66.22,61.53,51.37,97.15,85.3,74.26,66.98,73.42,95.19,74.99,86.53,68.63,63.07,64.26,105.53,85.23,93.65,66.27,73.88,105.66,91.13,92.05,109.34,99.78,72.32,135.26,137.02,86.86,116.45,116.04,127.4,128.72,106.26,150.25,119.26,209.95,127.68,126.92,106.86,160.55
52.0,2.54,3.52,3.53,2.78,3.05,2.71,3.78,2.23,4.05,3.65,3.48,3.76,3.74,3.63,3.09,4.38,3.47,3.67,3.14,3.71,3.95,4.13,4.02,3.21,4.43,4.59,4.15,4.6,7.03,4.66,5.23,6.16,4.57,3.71,6.76,4.66,5.56,5.82,5.54,5.89,6.54,5.77,5.36,6.37,6.38,5.47,6.86,7.28,7.92,7.53,6.25,5.14,6.72,7.27,6.08,7.51,7.94,5.69,10.11,10.96,6.28,8.57,9.67,8.5,10.14,11.64,12.96,10.65,10.26,10.4,8.06,9.44,11.3,13.17,14.14,13.4,13.8,11.47,11.42,9.23,11.85,12.69,13.08,11.16,11.39,16.45,12.82,12.08,14.98,17.62,18.25,14.44,16.89,14.08,16.49,16.56,14.24,17.1,15.52,17.45,21.44,20.6,20.6,19.98,21.36,20.19,19.44,20.28,21.56,20.88,21.64,25.77,23.97,20.2,32.33,28.4,22.02,31.73,25.9,26.6,25.48,25.01,26.18,27.72,24.41,28.49,33.2,29.09,27.39,32.12,30.75,29.37,33.65,30.39,30.51,36.48,37.65,31.94,40.68,35.85,31.32,28.27,41.01,39.2,57.57,48.0,40.79,47.83,48.81,45.11,42.99,31.67,59.11,45.46,59.97,45.82,62.2,44.62,59.14,46.21,56.06,52.1,43.5,82.25,72.22,62.88,56.71,62.16,80.6,63.49,73.27,58.11,53.4,54.4,89.35,72.17,79.3,56.11,62.55,89.46,77.16,77.94,92.58,84.48,61.23,114.52,116.01,73.54,98.59,98.24,107.87,108.99,89.97,127.21,100.97,177.76,108.11,107.46,90.47,135.93
53.0,2.14,2.97,2.98,2.35,2.58,2.29,3.2,1.88,3.43,3.09,2.94,3.18,3.16,3.07,2.62,3.71,2.93,3.11,2.65,3.14,3.34,3.49,3.4,2.71,3.75,3.88,3.51,3.89,5.94,3.94,4.42,5.21,3.87,3.14,5.72,3.94,4.7,4.92,4.69,4.98,5.53,4.88,4.53,5.39,5.39,4.63,5.8,6.15,6.7,6.37,5.29,4.34,5.68,6.14,5.14,6.35,6.71,4.81,8.55,9.27,5.31,7.25,8.18,7.19,8.57,9.84,10.96,9.01,8.68,8.79,6.82,7.98,9.55,11.13,11.96,11.33,11.67,9.7,9.66,7.8,10.02,10.73,11.06,9.44,9.63,13.91,10.84,10.22,12.67,14.9,15.43,12.21,14.29,11.9,13.95,14.01,12.04,14.46,13.13,14.75,18.13,17.42,17.42,16.9,18.06,17.07,16.44,17.15,18.23,17.65,18.3,21.79,20.27,17.08,27.34,24.02,18.62,26.84,21.91,22.5,21.55,21.15,22.14,23.44,20.64,24.09,28.08,24.6,23.16,27.17,26.0,24.84,28.46,25.7,25.8,30.85,31.84,27.01,34.4,30.32,26.49,23.9,34.69,33.15,48.69,40.59,34.49,40.45,41.27,38.14,36.35,26.78,49.99,38.45,50.71,38.75,52.6,37.73,50.01,39.08,47.41,44.06,36.78,69.56,61.08,53.17,47.96,52.57,68.16,53.69,61.96,49.14,45.16,46.01,75.56,61.03,67.06,47.45,52.9,75.66,65.25,65.91,78.29,71.45,51.78,96.85,98.11,62.19,83.38,83.08,91.22,92.17,76.09,107.58,85.39,150.32,91.42,90.88,76.51,114.95
54.0,1.81,2.51,2.52,1.99,2.18,1.93,2.7,1.59,2.9,2.61,2.48,2.68,2.67,2.59,2.21,3.13,2.48,2.62,2.24,2.65,2.82,2.95,2.87,2.29,3.17,3.28,2.97,3.28,5.02,3.33,3.74,4.4,3.27,2.65,4.83,3.33,3.97,4.16,3.96,4.21,4.67,4.12,3.83,4.55,4.56,3.91,4.9,5.2,5.66,5.38,4.47,3.67,4.8,5.19,4.34,5.36,5.67,4.06,7.22,7.83,4.49,6.12,6.91,6.07,7.24,8.32,9.26,7.61,7.33,7.43,5.76,6.74,8.07,9.4,10.1,9.57,9.86,8.2,8.16,6.59,8.47,9.07,9.34,7.98,8.13,11.75,9.16,8.63,10.7,12.58,13.03,10.32,12.07,10.05,11.78,11.83,10.17,12.22,11.09,12.46,15.32,14.71,14.72,14.28,15.26,14.42,13.88,14.49,15.4,14.91,15.46,18.41,17.12,14.43,23.09,20.29,15.73,22.67,18.5,19.01,18.2,17.87,18.7,19.8,17.44,20.35,23.72,20.78,19.57,22.95,21.96,20.98,24.04,21.71,21.8,26.06,26.9,22.81,29.06,25.61,22.38,20.19,29.3,28.0,41.13,34.29,29.14,34.17,34.86,32.22,30.71,22.62,42.23,32.48,42.84,32.74,44.43,31.87,42.25,33.01,40.05,37.22,31.07,58.76,51.59,44.92,40.51,44.41,57.57,45.36,52.34,41.51,38.15,38.86,63.83,51.55,56.65,40.08,44.68,63.91,55.12,55.68,66.13,60.35,43.74,81.81,82.87,52.53,70.43,70.18,77.06,77.86,64.27,90.87,72.13,126.98,77.23,76.77,64.63,97.1
55.0,1.53,2.12,2.13,1.68,1.84,1.63,2.28,1.34,2.44,2.2,2.1,2.26,2.25,2.19,1.86,2.64,2.09,2.21,1.89,2.23,2.38,2.49,2.42,1.93,2.67,2.77,2.5,2.77,4.24,2.81,3.15,3.71,2.76,2.24,4.08,2.81,3.35,3.51,3.34,3.55,3.94,3.48,3.23,3.84,3.84,3.3,4.14,4.39,4.77,4.54,3.77,3.1,4.05,4.38,3.66,4.53,4.78,3.43,6.1,6.61,3.79,5.16,5.83,5.12,6.11,7.02,7.81,6.42,6.19,6.27,4.86,5.69,6.81,7.94,8.52,8.08,8.32,6.92,6.88,5.56,7.15,7.65,7.88,6.73,6.86,9.91,7.73,7.28,9.03,10.62,11.0,8.7,10.18,8.48,9.94,9.98,8.59,10.31,9.36,10.52,12.92,12.41,12.42,12.05,12.88,12.17,11.72,12.22,13.0,12.58,13.04,15.53,14.45,12.18,19.49,17.12,13.27,19.13,15.61,16.04,15.36,15.08,15.78,16.71,14.71,17.17,20.01,17.54,16.51,19.36,18.53,17.7,20.28,18.32,18.39,21.99,22.7,19.25,24.52,21.61,18.88,17.04,24.72,23.63,34.7,28.93,24.59,28.83,29.42,27.19,25.91,19.09,35.63,27.4,36.15,27.62,37.49,26.89,35.65,27.86,33.79,31.4,26.22,49.58,43.53,37.9,34.18,37.47,48.58,38.27,44.16,35.02,32.19,32.79,53.86,43.5,47.8,33.82,37.7,53.93,46.51,46.98,55.8,50.92,36.91,69.03,69.93,44.33,59.43,59.22,65.02,65.69,54.23,76.68,60.86,107.15,65.16,64.77,54.53,81.93
56.0,1.29,1.79,1.79,1.41,1.55,1.38,1.92,1.13,2.06,1.85,1.77,1.91,1.9,1.84,1.57,2.23,1.76,1.87,1.59,1.88,2.01,2.1,2.04,1.63,2.25,2.33,2.11,2.34,3.57,2.37,2.66,3.13,2.32,1.89,3.44,2.37,2.83,2.96,2.82,2.99,3.32,2.93,2.72,3.24,3.24,2.78,3.49,3.7,4.02,3.82,3.18,2.61,3.41,3.69,3.09,3.81,4.03,2.89,5.14,5.57,3.19,4.35,4.91,4.32,5.15,5.91,6.58,5.41,5.21,5.28,4.1,4.79,5.74,6.69,7.18,6.81,7.01,5.83,5.8,4.69,6.02,6.45,6.64,5.67,5.78,8.36,6.51,6.14,7.61,8.95,9.27,7.34,8.58,7.15,8.38,8.42,7.24,8.69,7.89,8.86,10.89,10.46,10.47,10.15,10.85,10.26,9.88,10.3,10.96,10.61,10.99,13.09,12.18,10.26,16.42,14.43,11.19,16.12,13.16,13.52,12.95,12.71,13.3,14.08,12.4,14.47,16.87,14.78,13.92,16.32,15.62,14.92,17.1,15.44,15.5,18.54,19.13,16.23,20.67,18.21,15.91,14.36,20.84,19.91,29.25,24.39,20.72,24.3,24.8,22.92,21.84,16.09,30.03,23.1,30.47,23.28,31.6,22.67,30.05,23.48,28.48,26.47,22.1,41.79,36.69,31.95,28.81,31.58,40.95,32.26,37.22,29.52,27.13,27.64,45.4,36.66,40.29,28.51,31.78,45.45,39.2,39.6,47.04,42.92,31.11,58.18,58.94,37.36,50.09,49.91,54.8,55.37,45.71,64.63,51.3,90.31,54.93,54.6,45.97,69.06
57.0,1.09,1.5,1.51,1.19,1.31,1.16,1.62,0.95,1.73,1.56,1.49,1.61,1.6,1.55,1.32,1.87,1.48,1.57,1.34,1.59,1.69,1.77,1.72,1.37,1.9,1.97,1.78,1.97,3.01,2.0,2.24,2.64,1.96,1.59,2.89,1.99,2.38,2.49,2.37,2.52,2.8,2.47,2.29,2.72,2.73,2.34,2.94,3.11,3.39,3.22,2.68,2.2,2.88,3.11,2.6,3.21,3.4,2.43,4.33,4.69,2.69,3.67,4.14,3.63,4.34,4.98,5.54,4.56,4.39,4.45,3.45,4.04,4.83,5.63,6.05,5.73,5.9,4.91,4.88,3.95,5.07,5.43,5.59,4.78,4.87,7.04,5.48,5.17,6.41,7.54,7.81,6.18,7.23,6.02,7.06,7.09,6.09,7.32,6.64,7.46,9.17,8.81,8.81,8.55,9.14,8.64,8.32,8.68,9.22,8.93,9.26,11.02,10.25,8.64,13.83,12.15,9.42,13.58,11.08,11.38,10.9,10.7,11.2,11.86,10.44,12.19,14.21,12.45,11.72,13.74,13.15,12.57,14.4,13.0,13.05,15.61,16.11,13.66,17.4,15.34,13.4,12.09,17.55,16.77,24.63,20.54,17.45,20.46,20.88,19.3,18.39,13.55,25.29,19.45,25.66,19.6,26.61,19.09,25.3,19.77,23.99,22.29,18.61,35.19,30.9,26.9,24.26,26.59,34.48,27.16,31.34,24.86,22.85,23.27,38.22,30.87,33.92,24.0,26.76,38.27,33.01,33.34,39.61,36.14,26.2,48.99,49.63,31.46,42.18,42.03,46.15,46.63,38.49,54.42,43.2,76.05,46.25,45.97,38.71,58.15
58.0,0.91,1.27,1.27,1.0,1.1,0.97,1.36,0.8,1.46,1.31,1.25,1.35,1.34,1.31,1.11,1.58,1.25,1.32,1.13,1.33,1.42,1.49,1.45,1.15,1.6,1.65,1.49,1.65,2.53,1.68,1.88,2.22,1.65,1.34,2.43,1.68,2.0,2.09,1.99,2.12,2.35,2.08,1.93,2.29,2.3,1.97,2.47,2.62,2.85,2.71,2.25,1.85,2.42,2.61,2.19,2.7,2.86,2.05,3.64,3.94,2.26,3.08,3.48,3.06,3.65,4.19,4.66,3.83,3.69,3.74,2.9,3.4,4.07,4.74,5.09,4.82,4.97,4.13,4.11,3.32,4.27,4.57,4.71,4.02,4.1,5.92,4.61,4.35,5.39,6.34,6.57,5.2,6.08,5.07,5.94,5.96,5.13,6.16,5.59,6.28,7.72,7.41,7.41,7.19,7.69,7.27,6.99,7.3,7.76,7.51,7.79,9.27,8.63,7.27,11.63,10.22,7.92,11.42,9.32,9.57,9.17,9.0,9.42,9.97,8.78,10.25,11.95,10.47,9.86,11.56,11.06,10.57,12.11,10.94,10.98,13.13,13.55,11.49,14.64,12.9,11.27,10.17,14.76,14.11,20.72,17.27,14.68,17.21,17.56,16.23,15.47,11.4,21.27,16.36,21.58,16.49,22.38,16.06,21.28,16.63,20.18,18.75,15.65,29.6,25.99,22.63,20.41,22.37,29.01,22.85,26.37,20.91,19.22,19.58,32.16,25.97,28.54,20.19,22.51,32.2,27.77,28.05,33.32,30.4,22.04,41.21,41.75,26.47,35.48,35.36,38.82,39.22,32.38,45.78,36.34,63.97,38.91,38.67,32.56,48.92
59.0,0.77,1.06,1.07,0.84,0.92,0.82,1.14,0.67,1.23,1.1,1.05,1.14,1.13,1.1,0.94,1.33,1.05,1.11,0.95,1.12,1.19,1.25,1.21,0.97,1.34,1.39,1.26,1.39,2.13,1.41,1.58,1.86,1.38,1.12,2.05,1.41,1.68,1.76,1.68,1.78,1.98,1.74,1.62,1.93,1.93,1.65,2.08,2.2,2.39,2.28,1.89,1.55,2.03,2.2,1.84,2.27,2.4,1.72,3.06,3.32,1.9,2.59,2.92,2.57,3.07,3.52,3.92,3.22,3.1,3.15,2.44,2.85,3.42,3.98,4.28,4.05,4.17,3.47,3.45,2.79,3.59,3.84,3.95,3.38,3.44,4.97,3.88,3.65,4.53,5.33,5.52,4.37,5.11,4.26,4.99,5.01,4.31,5.17,4.69,5.28,6.49,6.23,6.23,6.04,6.46,6.11,5.88,6.13,6.52,6.31,6.54,7.79,7.25,6.11,9.78,8.59,6.66,9.6,7.83,8.05,7.71,7.56,7.92,8.38,7.38,8.62,10.04,8.8,8.28,9.72,9.3,8.88,10.18,9.19,9.23,11.03,11.39,9.66,12.3,10.84,9.47,8.55,12.4,11.85,17.41,14.52,12.34,14.47,14.76,13.64,13.0,9.58,17.88,13.75,18.14,13.86,18.81,13.49,17.89,13.98,16.96,15.76,13.15,24.88,21.84,19.02,17.15,18.8,24.38,19.2,22.16,17.57,16.15,16.45,27.02,21.83,23.98,16.97,18.92,27.06,23.34,23.57,28.0,25.55,18.52,34.64,35.09,22.24,29.82,29.71,32.62,32.96,27.21,38.47,30.54,53.76,32.7,32.5,27.36,41.11
60.0,0.64,0.89,0.9,0.71,0.78,0.69,0.96,0.57,1.03,0.93,0.88,0.95,0.95,0.92,0.79,1.11,0.88,0.93,0.8,0.94,1.0,1.05,1.02,0.81,1.13,1.17,1.05,1.17,1.78,1.18,1.33,1.56,1.16,0.94,1.72,1.18,1.41,1.48,1.41,1.5,1.66,1.46,1.36,1.62,1.62,1.39,1.74,1.85,2.01,1.91,1.59,1.3,1.71,1.84,1.54,1.91,2.02,1.44,2.57,2.78,1.6,2.18,2.46,2.16,2.57,2.96,3.29,2.7,2.61,2.64,2.05,2.4,2.87,3.34,3.59,3.4,3.5,2.91,2.9,2.34,3.01,3.22,3.32,2.84,2.89,4.18,3.26,3.07,3.8,4.47,4.63,3.67,4.29,3.57,4.19,4.21,3.62,4.34,3.94,4.43,5.45,5.23,5.23,5.07,5.42,5.13,4.94,5.15,5.48,5.3,5.5,6.54,6.09,5.13,8.21,7.21,5.59,8.06,6.58,6.76,6.47,6.35,6.65,7.04,6.2,7.23,8.43,7.39,6.96,8.16,7.81,7.46,8.55,7.72,7.75,9.26,9.56,8.11,10.33,9.1,7.95,7.18,10.42,9.95,14.62,12.19,10.36,12.15,12.39,11.45,10.92,8.04,15.01,11.54,15.23,11.64,15.79,11.33,15.02,11.74,14.24,13.23,11.05,20.89,18.34,15.97,14.4,15.79,20.47,16.12,18.61,14.76,13.56,13.82,22.69,18.33,20.14,14.25,15.88,22.72,19.59,19.79,23.51,21.45,15.55,29.08,29.46,18.67,25.04,24.95,27.39,27.68,22.85,32.3,25.64,45.14,27.45,27.29,22.97,34.52
61.0,0.54,0.75,0.75,0.59,0.65,0.58,0.81,0.47,0.86,0.78,0.74,0.8,0.8,0.77,0.66,0.93,0.74,0.78,0.67,0.79,0.84,0.88,0.86,0.68,0.94,0.98,0.88,0.98,1.5,0.99,1.11,1.31,0.97,0.79,1.44,0.99,1.19,1.24,1.18,1.26,1.39,1.23,1.14,1.36,1.36,1.17,1.46,1.55,1.69,1.6,1.33,1.09,1.43,1.55,1.29,1.6,1.69,1.21,2.15,2.34,1.34,1.83,2.06,1.81,2.16,2.48,2.76,2.27,2.19,2.22,1.72,2.01,2.41,2.8,3.01,2.85,2.94,2.44,2.43,1.97,2.53,2.7,2.79,2.38,2.43,3.5,2.73,2.57,3.19,3.75,3.89,3.08,3.6,3.0,3.51,3.53,3.03,3.64,3.31,3.72,4.57,4.39,4.39,4.26,4.55,4.3,4.14,4.32,4.59,4.45,4.61,5.49,5.11,4.3,6.89,6.05,4.69,6.76,5.52,5.67,5.43,5.33,5.58,5.9,5.2,6.07,7.07,6.2,5.83,6.84,6.55,6.26,7.17,6.47,6.5,7.77,8.02,6.8,8.67,7.64,6.67,6.02,8.74,8.35,12.26,10.23,8.69,10.19,10.4,9.61,9.16,6.75,12.59,9.68,12.78,9.76,13.25,9.51,12.6,9.84,11.94,11.1,9.27,17.52,15.39,13.39,12.08,13.24,17.17,13.53,15.61,12.38,11.38,11.59,19.03,15.37,16.89,11.95,13.33,19.06,16.44,16.6,19.72,18.0,13.04,24.4,24.71,15.67,21.0,20.93,22.98,23.22,19.17,27.1,21.51,37.87,23.03,22.89,19.27,28.96
62.0,0.45,0.63,0.63,0.5,0.55,0.48,0.68,0.4,0.72,0.65,0.62,0.67,0.67,0.65,0.55,0.78,0.62,0.66,0.56,0.66,0.71,0.74,0.72,0.57,0.79,0.82,0.74,0.82,1.25,0.83,0.93,1.1,0.82,0.66,1.21,0.83,0.99,1.04,0.99,1.05,1.17,1.03,0.96,1.14,1.14,0.98,1.23,1.3,1.41,1.34,1.12,0.92,1.2,1.3,1.09,1.34,1.42,1.02,1.81,1.96,1.12,1.53,1.73,1.52,1.81,2.08,2.31,1.9,1.83,1.86,1.44,1.68,2.02,2.35,2.52,2.39,2.46,2.05,2.04,1.65,2.12,2.27,2.33,1.99,2.03,2.94,2.29,2.16,2.68,3.15,3.26,2.58,3.02,2.51,2.95,2.96,2.54,3.05,2.77,3.12,3.83,3.68,3.68,3.57,3.81,3.6,3.47,3.62,3.85,3.73,3.86,4.6,4.28,3.61,5.77,5.07,3.93,5.67,4.63,4.75,4.55,4.47,4.67,4.95,4.36,5.09,5.93,5.19,4.89,5.74,5.49,5.24,6.01,5.43,5.45,6.51,6.72,5.7,7.26,6.4,5.59,5.05,7.32,7.0,10.28,8.57,7.28,8.54,8.71,8.05,7.68,5.65,10.55,8.12,10.71,8.18,11.11,7.97,10.56,8.25,10.01,9.3,7.77,14.69,12.9,11.23,10.13,11.1,14.39,11.34,13.08,10.38,9.54,9.71,15.95,12.89,14.16,10.02,11.17,15.97,13.78,13.92,16.53,15.09,10.93,20.45,20.71,13.13,17.6,17.54,19.26,19.46,16.06,22.71,18.03,31.74,19.3,19.19,16.15,24.27
63.0,0.38,0.53,0.53,0.42,0.46,0.4,0.57,0.33,0.61,0.55,0.52,0.56,0.56,0.54,0.46,0.66,0.52,0.55,0.47,0.55,0.59,0.62,0.6,0.48,0.66,0.69,0.62,0.69,1.05,0.7,0.78,0.92,0.68,0.56,1.01,0.7,0.83,0.87,0.83,0.88,0.98,0.86,0.8,0.95,0.95,0.82,1.03,1.09,1.18,1.13,0.94,0.77,1.0,1.09,0.91,1.12,1.19,0.85,1.51,1.64,0.94,1.28,1.45,1.27,1.52,1.74,1.94,1.59,1.53,1.56,1.21,1.41,1.69,1.97,2.11,2.0,2.06,1.72,1.71,1.38,1.77,1.9,1.96,1.67,1.7,2.46,1.92,1.81,2.24,2.63,2.73,2.16,2.53,2.1,2.47,2.48,2.13,2.56,2.32,2.61,3.21,3.08,3.08,2.99,3.19,3.02,2.91,3.03,3.22,3.12,3.24,3.85,3.58,3.02,4.83,4.25,3.29,4.75,3.87,3.98,3.81,3.74,3.91,4.14,3.65,4.26,4.97,4.35,4.1,4.8,4.6,4.39,5.03,4.54,4.56,5.46,5.63,4.78,6.08,5.36,4.68,4.23,6.13,5.86,8.61,7.18,6.1,7.15,7.3,6.74,6.43,4.74,8.84,6.8,8.97,6.85,9.3,6.67,8.84,6.91,8.38,7.79,6.5,12.3,10.8,9.4,8.48,9.3,12.05,9.49,10.96,8.69,7.99,8.14,13.36,10.79,11.86,8.39,9.35,13.38,11.54,11.65,13.84,12.63,9.16,17.12,17.35,11.0,14.74,14.69,16.13,16.3,13.45,19.02,15.1,26.58,16.17,16.07,13.53,20.33
64.0,0.32,0.44,0.44,0.35,0.38,0.34,0.47,0.28,0.51,0.46,0.43,0.47,0.47,0.45,0.39,0.55,0.43,0.46,0.39,0.46,0.49,0.52,0.5,0.4,0.55,0.57,0.52,0.58,0.88,0.58,0.65,0.77,0.57,0.46,0.85,0.58,0.7,0.73,0.69,0.74,0.82,0.72,0.67,0.8,0.8,0.68,0.86,0.91,0.99,0.94,0.78,0.64,0.84,0.91,0.76,0.94,0.99,0.71,1.27,1.37,0.79,1.07,1.21,1.06,1.27,1.46,1.62,1.33,1.28,1.3,1.01,1.18,1.41,1.65,1.77,1.68,1.73,1.44,1.43,1.15,1.48,1.59,1.64,1.4,1.42,2.06,1.6,1.51,1.87,2.2,2.28,1.81,2.11,1.76,2.06,2.07,1.78,2.14,1.94,2.18,2.68,2.58,2.58,2.5,2.67,2.53,2.43,2.54,2.7,2.61,2.71,3.22,3.0,2.53,4.05,3.55,2.76,3.97,3.24,3.33,3.19,3.13,3.28,3.47,3.05,3.56,4.15,3.64,3.43,4.02,3.85,3.68,4.21,3.8,3.82,4.56,4.71,4.0,5.09,4.49,3.92,3.54,5.13,4.9,7.2,6.01,5.1,5.98,6.11,5.64,5.38,3.96,7.4,5.69,7.5,5.73,7.78,5.58,7.4,5.78,7.02,6.52,5.44,10.29,9.04,7.87,7.1,7.78,10.09,7.94,9.17,7.27,6.68,6.81,11.18,9.03,9.92,7.02,7.83,11.19,9.65,9.75,11.58,10.57,7.66,14.33,14.52,9.2,12.34,12.29,13.5,13.64,11.26,15.92,12.63,22.24,13.53,13.45,11.32,17.01
65.0,0.27,0.37,0.37,0.29,0.32,0.28,0.4,0.23,0.42,0.38,0.36,0.39,0.39,0.38,0.32,0.46,0.36,0.38,0.33,0.39,0.41,0.43,0.42,0.34,0.46,0.48,0.43,0.48,0.74,0.49,0.55,0.64,0.48,0.39,0.71,0.49,0.58,0.61,0.58,0.62,0.68,0.6,0.56,0.67,0.67,0.57,0.72,0.76,0.83,0.79,0.65,0.54,0.7,0.76,0.64,0.79,0.83,0.6,1.06,1.15,0.66,0.9,1.01,0.89,1.06,1.22,1.36,1.11,1.07,1.09,0.84,0.99,1.18,1.38,1.48,1.4,1.44,1.2,1.19,0.97,1.24,1.33,1.37,1.17,1.19,1.72,1.34,1.26,1.57,1.84,1.91,1.51,1.77,1.47,1.73,1.73,1.49,1.79,1.62,1.83,2.24,2.15,2.16,2.09,2.23,2.11,2.03,2.12,2.26,2.18,2.26,2.7,2.51,2.11,3.38,2.97,2.3,3.32,2.71,2.78,2.67,2.62,2.74,2.9,2.55,2.98,3.47,3.04,2.87,3.36,3.22,3.07,3.52,3.18,3.19,3.82,3.94,3.34,4.26,3.75,3.28,2.96,4.29,4.1,6.02,5.02,4.27,5.0,5.11,4.72,4.5,3.31,6.18,4.76,6.27,4.79,6.51,4.67,6.19,4.84,5.87,5.45,4.55,8.61,7.56,6.58,5.93,6.5,8.43,6.64,7.67,6.08,5.59,5.69,9.35,7.55,8.3,5.87,6.54,9.36,8.07,8.15,9.69,8.84,6.41,11.98,12.14,7.69,10.32,10.28,11.29,11.4,9.41,13.31,10.56,18.6,11.31,11.24,9.47,14.22
66.0,0.22,0.31,0.31,0.24,0.27,0.24,0.33,0.19,0.35,0.32,0.3,0.33,0.33,0.32,0.27,0.38,0.3,0.32,0.27,0.32,0.35,0.36,0.35,0.28,0.39,0.4,0.36,0.4,0.61,0.41,0.46,0.54,0.4,0.32,0.59,0.41,0.49,0.51,0.48,0.52,0.57,0.5,0.47,0.56,0.56,0.48,0.6,0.64,0.69,0.66,0.55,0.45,0.59,0.64,0.53,0.66,0.69,0.5,0.88,0.96,0.55,0.75,0.85,0.74,0.89,1.02,1.13,0.93,0.9,0.91,0.7,0.82,0.99,1.15,1.24,1.17,1.21,1.0,1.0,0.81,1.04,1.11,1.14,0.98,1.0,1.44,1.12,1.06,1.31,1.54,1.6,1.26,1.48,1.23,1.44,1.45,1.25,1.5,1.36,1.53,1.87,1.8,1.8,1.75,1.87,1.76,1.7,1.77,1.88,1.82,1.89,2.25,2.1,1.77,2.83,2.48,1.92,2.77,2.26,2.33,2.23,2.19,2.29,2.42,2.13,2.49,2.9,2.54,2.39,2.81,2.69,2.57,2.94,2.66,2.67,3.19,3.29,2.79,3.56,3.13,2.74,2.47,3.59,3.43,5.03,4.2,3.57,4.18,4.27,3.94,3.76,2.77,5.17,3.97,5.24,4.01,5.44,3.9,5.17,4.04,4.9,4.55,3.8,7.19,6.31,5.5,4.96,5.43,7.05,5.55,6.4,5.08,4.67,4.76,7.81,6.31,6.93,4.9,5.47,7.82,6.74,6.81,8.09,7.39,5.35,10.01,10.14,6.43,8.62,8.59,9.43,9.53,7.86,11.12,8.83,15.54,9.45,9.39,7.91,11.88
67.0,0.19,0.26,0.26,0.2,0.22,0.2,0.28,0.16,0.3,0.27,0.25,0.27,0.27,0.26,0.23,0.32,0.25,0.27,0.23,0.27,0.29,0.3,0.29,0.23,0.32,0.34,0.3,0.34,0.51,0.34,0.38,0.45,0.33,0.27,0.49,0.34,0.41,0.42,0.4,0.43,0.48,0.42,0.39,0.46,0.47,0.4,0.5,0.53,0.58,0.55,0.46,0.37,0.49,0.53,0.44,0.55,0.58,0.42,0.74,0.8,0.46,0.63,0.71,0.62,0.74,0.85,0.95,0.78,0.75,0.76,0.59,0.69,0.82,0.96,1.03,0.98,1.01,0.84,0.83,0.67,0.87,0.93,0.95,0.81,0.83,1.2,0.94,0.88,1.09,1.29,1.33,1.05,1.23,1.03,1.2,1.21,1.04,1.25,1.13,1.27,1.56,1.5,1.5,1.46,1.56,1.47,1.42,1.48,1.57,1.52,1.58,1.88,1.75,1.47,2.36,2.07,1.61,2.32,1.89,1.94,1.86,1.83,1.91,2.02,1.78,2.08,2.42,2.12,2.0,2.34,2.24,2.14,2.46,2.22,2.23,2.66,2.75,2.33,2.97,2.62,2.29,2.06,2.99,2.86,4.2,3.5,2.98,3.49,3.56,3.29,3.14,2.31,4.31,3.32,4.38,3.34,4.54,3.26,4.32,3.37,4.09,3.8,3.17,6.0,5.27,4.59,4.14,4.54,5.88,4.63,5.35,4.24,3.9,3.97,6.52,5.27,5.79,4.09,4.57,6.53,5.63,5.69,6.76,6.17,4.47,8.36,8.47,5.37,7.2,7.17,7.87,7.95,6.57,9.28,7.37,12.97,7.89,7.84,6.6,9.92
68.0,0.15,0.21,0.21,0.17,0.19,0.16,0.23,0.14,0.25,0.22,0.21,0.23,0.23,0.22,0.19,0.27,0.21,0.22,0.19,0.23,0.24,0.25,0.24,0.2,0.27,0.28,0.25,0.28,0.43,0.28,0.32,0.38,0.28,0.23,0.41,0.28,0.34,0.35,0.34,0.36,0.4,0.35,0.33,0.39,0.39,0.33,0.42,0.44,0.48,0.46,0.38,0.31,0.41,0.44,0.37,0.46,0.48,0.35,0.62,0.67,0.38,0.52,0.59,0.52,0.62,0.71,0.79,0.65,0.62,0.63,0.49,0.57,0.69,0.8,0.86,0.82,0.84,0.7,0.7,0.56,0.72,0.77,0.8,0.68,0.69,1.0,0.78,0.74,0.91,1.07,1.11,0.88,1.03,0.86,1.0,1.01,0.87,1.04,0.95,1.06,1.31,1.25,1.25,1.22,1.3,1.23,1.18,1.23,1.31,1.27,1.32,1.57,1.46,1.23,1.97,1.73,1.34,1.93,1.58,1.62,1.55,1.52,1.59,1.69,1.49,1.73,2.02,1.77,1.67,1.96,1.87,1.79,2.05,1.85,1.86,2.22,2.29,1.94,2.48,2.18,1.91,1.72,2.5,2.39,3.51,2.92,2.48,2.91,2.97,2.75,2.62,1.93,3.6,2.77,3.65,2.79,3.79,2.72,3.6,2.81,3.41,3.17,2.65,5.01,4.4,3.83,3.45,3.79,4.91,3.87,4.46,3.54,3.25,3.31,5.44,4.39,4.83,3.42,3.81,5.45,4.7,4.75,5.64,5.14,3.73,6.97,7.06,4.48,6.0,5.98,6.57,6.64,5.48,7.75,6.15,10.82,6.58,6.54,5.51,8.28
69.0,0.13,0.18,0.18,0.14,0.16,0.14,0.19,0.11,0.21,0.19,0.18,0.19,0.19,0.18,0.16,0.22,0.18,0.19,0.16,0.19,0.2,0.21,0.2,0.16,0.23,0.23,0.21,0.23,0.36,0.24,0.27,0.31,0.23,0.19,0.34,0.24,0.28,0.3,0.28,0.3,0.33,0.29,0.27,0.32,0.32,0.28,0.35,0.37,0.4,0.38,0.32,0.26,0.34,0.37,0.31,0.38,0.4,0.29,0.51,0.56,0.32,0.43,0.49,0.43,0.51,0.59,0.66,0.54,0.52,0.53,0.41,0.48,0.57,0.67,0.72,0.68,0.7,0.58,0.58,0.47,0.6,0.64,0.66,0.57,0.58,0.83,0.65,0.61,0.76,0.89,0.93,0.73,0.86,0.71,0.84,0.84,0.72,0.87,0.79,0.89,1.09,1.05,1.05,1.01,1.08,1.02,0.99,1.03,1.09,1.06,1.1,1.31,1.22,1.03,1.64,1.44,1.12,1.61,1.32,1.35,1.29,1.27,1.33,1.41,1.24,1.45,1.69,1.48,1.39,1.63,1.56,1.49,1.71,1.54,1.55,1.85,1.91,1.62,2.06,1.82,1.59,1.43,2.08,1.99,2.92,2.44,2.07,2.43,2.48,2.29,2.18,1.61,3.0,2.31,3.04,2.33,3.16,2.27,3.0,2.35,2.85,2.64,2.21,4.18,3.67,3.19,2.88,3.16,4.09,3.22,3.72,2.95,2.71,2.76,4.54,3.66,4.03,2.85,3.18,4.54,3.92,3.96,4.7,4.29,3.11,5.81,5.89,3.73,5.01,4.99,5.48,5.53,4.57,6.46,5.13,9.02,5.49,5.46,4.59,6.9
70.0,0.11,0.15,0.15,0.12,0.13,0.11,0.16,0.09,0.17,0.15,0.15,0.16,0.16,0.15,0.13,0.19,0.15,0.16,0.13,0.16,0.17,0.17,0.17,0.14,0.19,0.19,0.18,0.19,0.3,0.2,0.22,0.26,0.19,0.16,0.29,0.2,0.24,0.25,0.23,0.25,0.28,0.24,0.23,0.27,0.27,0.23,0.29,0.31,0.33,0.32,0.26,0.22,0.28,0.31,0.26,0.32,0.34,0.24,0.43,0.46,0.27,0.36,0.41,0.36,0.43,0.49,0.55,0.45,0.43,0.44,0.34,0.4,0.48,0.56,0.6,0.57,0.58,0.49,0.48,0.39,0.5,0.54,0.55,0.47,0.48,0.7,0.54,0.51,0.63,0.75,0.77,0.61,0.71,0.6,0.7,0.7,0.6,0.72,0.66,0.74,0.91,0.87,0.87,0.85,0.9,0.85,0.82,0.86,0.91,0.88,0.92,1.09,1.01,0.85,1.37,1.2,0.93,1.34,1.1,1.13,1.08,1.06,1.11,1.17,1.03,1.2,1.4,1.23,1.16,1.36,1.3,1.24,1.42,1.29,1.29,1.54,1.59,1.35,1.72,1.52,1.32,1.2,1.73,1.66,2.44,2.03,1.73,2.02,2.06,1.91,1.82,1.34,2.5,1.92,2.54,1.94,2.63,1.89,2.5,1.95,2.37,2.2,1.84,3.48,3.05,2.66,2.4,2.63,3.41,2.69,3.1,2.46,2.26,2.3,3.78,3.05,3.35,2.37,2.65,3.78,3.26,3.3,3.92,3.57,2.59,4.84,4.91,3.11,4.17,4.16,4.56,4.61,3.81,5.38,4.27,7.52,4.57,4.55,3.83,5.75
71.0,0.09,0.12,0.12,0.1,0.11,0.1,0.13,0.08,0.14,0.13,0.12,0.13,0.13,0.13,0.11,0.15,0.12,0.13,0.11,0.13,0.14,0.15,0.14,0.11,0.16,0.16,0.15,0.16,0.25,0.16,0.18,0.22,0.16,0.13,0.24,0.16,0.2,0.2,0.2,0.21,0.23,0.2,0.19,0.22,0.22,0.19,0.24,0.26,0.28,0.27,0.22,0.18,0.24,0.26,0.21,0.26,0.28,0.2,0.36,0.39,0.22,0.3,0.34,0.3,0.36,0.41,0.46,0.38,0.36,0.37,0.28,0.33,0.4,0.46,0.5,0.47,0.49,0.4,0.4,0.32,0.42,0.45,0.46,0.39,0.4,0.58,0.45,0.43,0.53,0.62,0.64,0.51,0.59,0.5,0.58,0.58,0.5,0.6,0.55,0.61,0.76,0.73,0.73,0.7,0.75,0.71,0.68,0.71,0.76,0.74,0.76,0.91,0.84,0.71,1.14,1.0,0.78,1.12,0.91,0.94,0.9,0.88,0.92,0.98,0.86,1.0,1.17,1.02,0.96,1.13,1.08,1.03,1.19,1.07,1.07,1.28,1.33,1.12,1.43,1.26,1.1,1.0,1.44,1.38,2.03,1.69,1.44,1.68,1.72,1.59,1.51,1.12,2.08,1.6,2.11,1.61,2.19,1.57,2.08,1.63,1.97,1.83,1.53,2.9,2.54,2.21,2.0,2.19,2.84,2.24,2.58,2.05,1.88,1.92,3.15,2.54,2.79,1.98,2.2,3.15,2.72,2.74,3.26,2.98,2.16,4.03,4.09,2.59,3.47,3.46,3.8,3.84,3.17,4.48,3.56,6.26,3.81,3.78,3.19,4.79
72.0,0.07,0.1,0.1,0.08,0.09,0.08,0.11,0.07,0.12,0.11,0.1,0.11,0.11,0.11,0.09,0.13,0.1,0.11,0.09,0.11,0.12,0.12,0.12,0.09,0.13,0.13,0.12,0.13,0.21,0.14,0.15,0.18,0.13,0.11,0.2,0.14,0.16,0.17,0.16,0.17,0.19,0.17,0.16,0.19,0.19,0.16,0.2,0.21,0.23,0.22,0.18,0.15,0.2,0.21,0.18,0.22,0.23,0.17,0.3,0.32,0.18,0.25,0.28,0.25,0.3,0.34,0.38,0.31,0.3,0.3,0.24,0.28,0.33,0.39,0.41,0.39,0.4,0.34,0.33,0.27,0.35,0.37,0.38,0.33,0.33,0.48,0.38,0.35,0.44,0.52,0.53,0.42,0.5,0.41,0.48,0.49,0.42,0.5,0.45,0.51,0.63,0.6,0.6,0.59,0.63,0.59,0.57,0.59,0.63,0.61,0.63,0.76,0.7,0.59,0.95,0.83,0.65,0.93,0.76,0.78,0.75,0.73,0.77,0.81,0.72,0.83,0.97,0.85,0.8,0.94,0.9,0.86,0.99,0.89,0.89,1.07,1.1,0.94,1.19,1.05,0.92,0.83,1.2,1.15,1.69,1.41,1.2,1.4,1.43,1.32,1.26,0.93,1.73,1.33,1.76,1.34,1.82,1.31,1.73,1.35,1.64,1.53,1.27,2.41,2.12,1.84,1.66,1.82,2.36,1.86,2.15,1.7,1.56,1.59,2.62,2.11,2.32,1.64,1.83,2.62,2.26,2.28,2.71,2.48,1.79,3.36,3.4,2.15,2.89,2.88,3.16,3.19,2.64,3.73,2.96,5.21,3.17,3.15,2.65,3.98
73.0,0.06,0.09,0.09,0.07,0.07,0.07,0.09,0.05,0.1,0.09,0.08,0.09,0.09,0.09,0.08,0.11,0.08,0.09,0.08,0.09,0.1,0.1,0.1,0.08,0.11,0.11,0.1,0.11,0.17,0.11,0.13,0.15,0.11,0.09,0.16,0.11,0.14,0.14,0.14,0.14,0.16,0.14,0.13,0.16,0.16,0.13,0.17,0.18,0.19,0.18,0.15,0.13,0.16,0.18,0.15,0.18,0.19,0.14,0.25,0.27,0.15,0.21,0.24,0.21,0.25,0.28,0.32,0.26,0.25,0.25,0.2,0.23,0.28,0.32,0.34,0.33,0.34,0.28,0.28,0.22,0.29,0.31,0.32,0.27,0.28,0.4,0.31,0.29,0.37,0.43,0.44,0.35,0.41,0.34,0.4,0.4,0.35,0.42,0.38,0.43,0.52,0.5,0.5,0.49,0.52,0.49,0.47,0.49,0.53,0.51,0.53,0.63,0.58,0.49,0.79,0.69,0.54,0.77,0.63,0.65,0.62,0.61,0.64,0.68,0.59,0.69,0.81,0.71,0.67,0.78,0.75,0.72,0.82,0.74,0.74,0.89,0.92,0.78,0.99,0.87,0.76,0.69,1.0,0.96,1.4,1.17,0.99,1.17,1.19,1.1,1.05,0.77,1.44,1.11,1.46,1.12,1.52,1.09,1.44,1.13,1.37,1.27,1.06,2.0,1.76,1.53,1.38,1.51,1.96,1.55,1.79,1.42,1.3,1.33,2.18,1.76,1.93,1.37,1.52,2.18,1.88,1.9,2.26,2.06,1.49,2.79,2.83,1.79,2.4,2.39,2.63,2.66,2.19,3.1,2.46,4.33,2.63,2.62,2.2,3.31
74.0,0.05,0.07,0.07,0.06,0.06,0.05,0.08,0.05,0.08,0.07,0.07,0.08,0.08,0.07,0.06,0.09,0.07,0.07,0.06,0.08,0.08,0.08,0.08,0.06,0.09,0.09,0.08,0.09,0.14,0.09,0.11,0.12,0.09,0.08,0.14,0.09,0.11,0.12,0.11,0.12,0.13,0.12,0.11,0.13,0.13,0.11,0.14,0.15,0.16,0.15,0.13,0.1,0.14,0.15,0.12,0.15,0.16,0.12,0.2,0.22,0.13,0.17,0.2,0.17,0.21,0.24,0.26,0.22,0.21,0.21,0.16,0.19,0.23,0.27,0.29,0.27,0.28,0.23,0.23,0.19,0.24,0.26,0.26,0.23,0.23,0.33,0.26,0.24,0.3,0.36,0.37,0.29,0.34,0.29,0.33,0.34,0.29,0.35,0.31,0.35,0.43,0.42,0.42,0.4,0.43,0.41,0.39,0.41,0.44,0.42,0.44,0.52,0.49,0.41,0.65,0.58,0.45,0.64,0.52,0.54,0.52,0.51,0.53,0.56,0.49,0.58,0.67,0.59,0.55,0.65,0.62,0.59,0.68,0.62,0.62,0.74,0.76,0.65,0.82,0.73,0.63,0.57,0.83,0.79,1.17,0.97,0.83,0.97,0.99,0.91,0.87,0.64,1.2,0.92,1.21,0.93,1.26,0.9,1.2,0.94,1.14,1.06,0.88,1.67,1.46,1.27,1.15,1.26,1.63,1.29,1.48,1.18,1.08,1.1,1.81,1.46,1.61,1.14,1.27,1.81,1.56,1.58,1.87,1.71,1.24,2.32,2.35,1.49,2.0,1.99,2.18,2.21,1.82,2.58,2.04,3.6,2.19,2.18,1.83,2.75
75.0,0.04,0.06,0.06,0.05,0.05,0.05,0.06,0.04,0.07,0.06,0.06,0.06,0.06,0.06,0.05,0.07,0.06,0.06,0.05,0.06,0.07,0.07,0.07,0.05,0.07,0.08,0.07,0.08,0.12,0.08,0.09,0.1,0.08,0.06,0.11,0.08,0.09,0.1,0.09,0.1,0.11,0.1,0.09,0.11,0.11,0.09,0.12,0.12,0.13,0.13,0.11,0.09,0.11,0.12,0.1,0.13,0.13,0.1,0.17,0.18,0.11,0.14,0.16,0.14,0.17,0.2,0.22,0.18,0.17,0.17,0.14,0.16,0.19,0.22,0.24,0.23,0.23,0.19,0.19,0.16,0.2,0.21,0.22,0.19,0.19,0.28,0.22,0.2,0.25,0.3,0.31,0.24,0.28,0.24,0.28,0.28,0.24,0.29,0.26,0.29,0.36,0.35,0.35,0.34,0.36,0.34,0.33,0.34,0.36,0.35,0.36,0.43,0.4,0.34,0.54,0.48,0.37,0.53,0.44,0.45,0.43,0.42,0.44,0.47,0.41,0.48,0.56,0.49,0.46,0.54,0.52,0.49,0.57,0.51,0.51,0.61,0.63,0.54,0.68,0.6,0.53,0.48,0.69,0.66,0.97,0.81,0.69,0.8,0.82,0.76,0.72,0.53,0.99,0.76,1.01,0.77,1.05,0.75,0.99,0.78,0.94,0.88,0.73,1.38,1.21,1.06,0.95,1.05,1.36,1.07,1.23,0.98,0.9,0.92,1.5,1.21,1.33,0.94,1.05,1.5,1.3,1.31,1.56,1.42,1.03,1.93,1.95,1.24,1.66,1.65,1.81,1.83,1.51,2.14,1.7,2.99,1.82,1.81,1.52,2.29
76.0,0.04,0.05,0.05,0.04,0.04,0.04,0.05,0.03,0.06,0.05,0.05,0.05,0.05,0.05,0.04,0.06,0.05,0.05,0.04,0.05,0.06,0.06,0.06,0.04,0.06,0.06,0.06,0.06,0.1,0.07,0.07,0.09,0.06,0.05,0.09,0.07,0.08,0.08,0.08,0.08,0.09,0.08,0.07,0.09,0.09,0.08,0.1,0.1,0.11,0.11,0.09,0.07,0.09,0.1,0.08,0.1,0.11,0.08,0.14,0.15,0.09,0.12,0.14,0.12,0.14,0.16,0.18,0.15,0.14,0.15,0.11,0.13,0.16,0.18,0.2,0.19,0.19,0.16,0.16,0.13,0.17,0.18,0.18,0.16,0.16,0.23,0.18,0.17,0.21,0.25,0.25,0.2,0.24,0.2,0.23,0.23,0.2,0.24,0.22,0.24,0.3,0.29,0.29,0.28,0.3,0.28,0.27,0.28,0.3,0.29,0.3,0.36,0.33,0.28,0.45,0.4,0.31,0.44,0.36,0.37,0.36,0.35,0.37,0.39,0.34,0.4,0.46,0.41,0.38,0.45,0.43,0.41,0.47,0.42,0.43,0.51,0.53,0.45,0.57,0.5,0.44,0.39,0.57,0.55,0.8,0.67,0.57,0.67,0.68,0.63,0.6,0.44,0.83,0.63,0.84,0.64,0.87,0.62,0.83,0.65,0.78,0.73,0.61,1.15,1.01,0.88,0.79,0.87,1.13,0.89,1.02,0.81,0.75,0.76,1.25,1.01,1.11,0.78,0.87,1.25,1.08,1.09,1.29,1.18,0.85,1.6,1.62,1.03,1.38,1.37,1.51,1.52,1.26,1.78,1.41,2.48,1.51,1.5,1.26,1.9
77.0,0.03,0.04,0.04,0.03,0.04,0.03,0.04,0.03,0.05,0.04,0.04,0.04,0.04,0.04,0.04,0.05,0.04,0.04,0.04,0.04,0.05,0.05,0.05,0.04,0.05,0.05,0.05,0.05,0.08,0.05,0.06,0.07,0.05,0.04,0.08,0.05,0.06,0.07,0.06,0.07,0.08,0.07,0.06,0.07,0.07,0.06,0.08,0.08,0.09,0.09,0.07,0.06,0.08,0.08,0.07,0.09,0.09,0.07,0.12,0.13,0.07,0.1,0.11,0.1,0.12,0.13,0.15,0.12,0.12,0.12,0.09,0.11,0.13,0.15,0.16,0.16,0.16,0.13,0.13,0.11,0.14,0.15,0.15,0.13,0.13,0.19,0.15,0.14,0.17,0.2,0.21,0.17,0.2,0.16,0.19,0.19,0.16,0.2,0.18,0.2,0.25,0.24,0.24,0.23,0.25,0.23,0.23,0.23,0.25,0.24,0.25,0.3,0.28,0.23,0.37,0.33,0.26,0.37,0.3,0.31,0.3,0.29,0.3,0.32,0.28,0.33,0.38,0.34,0.32,0.37,0.36,0.34,0.39,0.35,0.35,0.42,0.44,0.37,0.47,0.42,0.36,0.33,0.48,0.45,0.67,0.56,0.47,0.55,0.57,0.52,0.5,0.37,0.68,0.53,0.69,0.53,0.72,0.52,0.69,0.54,0.65,0.6,0.5,0.95,0.84,0.73,0.66,0.72,0.93,0.74,0.85,0.67,0.62,0.63,1.04,0.84,0.92,0.65,0.72,1.04,0.89,0.9,1.07,0.98,0.71,1.33,1.34,0.85,1.14,1.14,1.25,1.26,1.04,1.47,1.17,2.06,1.25,1.24,1.05,1.57
78.0,0.02,0.03,0.03,0.03,0.03,0.03,0.04,0.02,0.04,0.04,0.03,0.04,0.04,0.03,0.03,0.04,0.03,0.04,0.03,0.04,0.04,0.04,0.04,0.03,0.04,0.04,0.04,0.04,0.07,0.04,0.05,0.06,0.04,0.04,0.06,0.04,0.05,0.06,0.05,0.06,0.06,0.06,0.05,0.06,0.06,0.05,0.07,0.07,0.08,0.07,0.06,0.05,0.06,0.07,0.06,0.07,0.08,0.05,0.1,0.11,0.06,0.08,0.09,0.08,0.1,0.11,0.12,0.1,0.1,0.1,0.08,0.09,0.11,0.13,0.14,0.13,0.13,0.11,0.11,0.09,0.11,0.12,0.13,0.11,0.11,0.16,0.12,0.12,0.14,0.17,0.18,0.14,0.16,0.14,0.16,0.16,0.14,0.16,0.15,0.17,0.21,0.2,0.2,0.19,0.21,0.19,0.19,0.19,0.21,0.2,0.21,0.25,0.23,0.19,0.31,0.27,0.21,0.3,0.25,0.26,0.24,0.24,0.25,0.27,0.23,0.27,0.32,0.28,0.26,0.31,0.3,0.28,0.32,0.29,0.29,0.35,0.36,0.31,0.39,0.34,0.3,0.27,0.39,0.38,0.55,0.46,0.39,0.46,0.47,0.43,0.41,0.3,0.57,0.44,0.58,0.44,0.6,0.43,0.57,0.44,0.54,0.5,0.42,0.79,0.69,0.6,0.54,0.6,0.77,0.61,0.7,0.56,0.51,0.52,0.86,0.69,0.76,0.54,0.6,0.86,0.74,0.75,0.89,0.81,0.59,1.1,1.11,0.71,0.95,0.94,1.04,1.05,0.86,1.22,0.97,1.71,1.04,1.03,0.87,1.31
79.0,0.02,0.03,0.03,0.02,0.02,0.02,0.03,0.02,0.03,0.03,0.03,0.03,0.03,0.03,0.02,0.03,0.03,0.03,0.02,0.03,0.03,0.03,0.03,0.03,0.04,0.04,0.03,0.04,0.06,0.04,0.04,0.05,0.04,0.03,0.05,0.04,0.04,0.05,0.04,0.05,0.05,0.05,0.04,0.05,0.05,0.04,0.05,0.06,0.06,0.06,0.05,0.04,0.05,0.06,0.05,0.06,0.06,0.05,0.08,0.09,0.05,0.07,0.08,0.07,0.08,0.09,0.1,0.08,0.08,0.08,0.06,0.08,0.09,0.1,0.11,0.11,0.11,0.09,0.09,0.07,0.09,0.1,0.1,0.09,0.09,0.13,0.1,0.1,0.12,0.14,0.15,0.11,0.13,0.11,0.13,0.13,0.11,0.14,0.12,0.14,0.17,0.16,0.16,0.16,0.17,0.16,0.15,0.16,0.17,0.17,0.17,0.21,0.19,0.16,0.26,0.23,0.18,0.25,0.21,0.21,0.2,0.2,0.21,0.22,0.19,0.23,0.26,0.23,0.22,0.26,0.24,0.23,0.27,0.24,0.24,0.29,0.3,0.25,0.32,0.29,0.25,0.23,0.33,0.31,0.46,0.38,0.32,0.38,0.39,0.36,0.34,0.25,0.47,0.36,0.48,0.36,0.5,0.36,0.47,0.37,0.45,0.41,0.35,0.65,0.57,0.5,0.45,0.49,0.64,0.51,0.58,0.46,0.43,0.43,0.71,0.57,0.63,0.45,0.5,0.71,0.61,0.62,0.74,0.67,0.49,0.91,0.92,0.59,0.78,0.78,0.86,0.87,0.72,1.01,0.8,1.42,0.86,0.86,0.72,1.08
80.0,0.02,0.02,0.02,0.02,0.02,0.02,0.02,0.01,0.03,0.02,0.02,0.02,0.02,0.02,0.02,0.03,0.02,0.02,0.02,0.02,0.03,0.03,0.03,0.02,0.03,0.03,0.03,0.03,0.05,0.03,0.03,0.04,0.03,0.02,0.04,0.03,0.04,0.04,0.04,0.04,0.04,0.04,0.04,0.04,0.04,0.04,0.05,0.05,0.05,0.05,0.04,0.03,0.04,0.05,0.04,0.05,0.05,0.04,0.07,0.07,0.04,0.06,0.06,0.06,0.07,0.08,0.09,0.07,0.07,0.07,0.05,0.06,0.07,0.09,0.09,0.09,0.09,0.08,0.08,0.06,0.08,0.08,0.09,0.07,0.08,0.11,0.08,0.08,0.1,0.12,0.12,0.1,0.11,0.09,0.11,0.11,0.09,0.11,0.1,0.12,0.14,0.14,0.14,0.13,0.14,0.13,0.13,0.13,0.14,0.14,0.14,0.17,0.16,0.13,0.21,0.19,0.15,0.21,0.17,0.18,0.17,0.16,0.17,0.18,0.16,0.19,0.22,0.19,0.18,0.21,0.2,0.19,0.22,0.2,0.2,0.24,0.25,0.21,0.27,0.24,0.21,0.19,0.27,0.26,0.38,0.32,0.27,0.32,0.32,0.3,0.28,0.21,0.39,0.3,0.4,0.3,0.41,0.29,0.39,0.3,0.37,0.34,0.29,0.54,0.48,0.41,0.37,0.41,0.53,0.42,0.48,0.38,0.35,0.36,0.59,0.48,0.52,0.37,0.41,0.59,0.51,0.51,0.61,0.56,0.4,0.76,0.77,0.48,0.65,0.65,0.71,0.72,0.59,0.84,0.67,1.17,0.71,0.71,0.6,0.9
81.0,0.01,0.02,0.02,0.02,0.02,0.01,0.02,0.01,0.02,0.02,0.02,0.02,0.02,0.02,0.02,0.02,0.02,0.02,0.02,0.02,0.02,0.02,0.02,0.02,0.02,0.03,0.02,0.03,0.04,0.03,0.03,0.03,0.02,0.02,0.04,0.03,0.03,0.03,0.03,0.03,0.04,0.03,0.03,0.03,0.03,0.03,0.04,0.04,0.04,0.04,0.03,0.03,0.04,0.04,0.03,0.04,0.04,0.03,0.06,0.06,0.03,0.05,0.05,0.05,0.06,0.06,0.07,0.06,0.06,0.06,0.04,0.05,0.06,0.07,0.08,0.07,0.08,0.06,0.06,0.05,0.06,0.07,0.07,0.06,0.06,0.09,0.07,0.07,0.08,0.1,0.1,0.08,0.09,0.08,0.09,0.09,0.08,0.09,0.08,0.1,0.12,0.11,0.11,0.11,0.12,0.11,0.11,0.11,0.12,0.11,0.12,0.14,0.13,0.11,0.18,0.16,0.12,0.17,0.14,0.15,0.14,0.14,0.14,0.15,0.13,0.16,0.18,0.16,0.15,0.18,0.17,0.16,0.18,0.17,0.17,0.2,0.21,0.17,0.22,0.2,0.17,0.15,0.22,0.21,0.31,0.26,0.22,0.26,0.27,0.25,0.23,0.17,0.32,0.25,0.33,0.25,0.34,0.24,0.32,0.25,0.31,0.28,0.24,0.45,0.39,0.34,0.31,0.34,0.44,0.35,0.4,0.32,0.29,0.3,0.49,0.39,0.43,0.31,0.34,0.49,0.42,0.43,0.51,0.46,0.33,0.63,0.63,0.4,0.54,0.54,0.59,0.6,0.49,0.69,0.55,0.97,0.59,0.59,0.49,0.74
82.0,0.01,0.02,0.02,0.01,0.01,0.01,0.02,0.01,0.02,0.02,0.02,0.02,0.02,0.02,0.01,0.02,0.02,0.02,0.01,0.02,0.02,0.02,0.02,0.01,0.02,0.02,0.02,0.02,0.03,0.02,0.02,0.03,0.02,0.02,0.03,0.02,0.03,0.03,0.03,0.03,0.03,0.03,0.02,0.03,0.03,0.02,0.03,0.03,0.04,0.03,0.03,0.02,0.03,0.03,0.03,0.03,0.04,0.03,0.05,0.05,0.03,0.04,0.04,0.04,0.05,0.05,0.06,0.05,0.05,0.05,0.04,0.04,0.05,0.06,0.06,0.06,0.06,0.05,0.05,0.04,0.05,0.06,0.06,0.05,0.05,0.07,0.06,0.05,0.07,0.08,0.08,0.07,0.08,0.06,0.07,0.07,0.06,0.08,0.07,0.08,0.1,0.09,0.09,0.09,0.1,0.09,0.09,0.09,0.1,0.09,0.1,0.12,0.11,0.09,0.15,0.13,0.1,0.14,0.12,0.12,0.12,0.11,0.12,0.13,0.11,0.13,0.15,0.13,0.12,0.15,0.14,0.13,0.15,0.14,0.14,0.16,0.17,0.14,0.18,0.16,0.14,0.13,0.19,0.18,0.26,0.22,0.18,0.22,0.22,0.2,0.19,0.14,0.27,0.21,0.27,0.21,0.28,0.2,0.27,0.21,0.25,0.24,0.2,0.37,0.33,0.28,0.26,0.28,0.36,0.29,0.33,0.26,0.24,0.25,0.4,0.33,0.36,0.25,0.28,0.4,0.35,0.35,0.42,0.38,0.28,0.52,0.52,0.33,0.45,0.44,0.49,0.49,0.41,0.57,0.46,0.8,0.49,0.49,0.41,0.61
83.0,0.01,0.01,0.01,0.01,0.01,0.01,0.01,0.01,0.02,0.01,0.01,0.01,0.01,0.01,0.01,0.02,0.01,0.01,0.01,0.01,0.01,0.02,0.02,0.01,0.02,0.02,0.02,0.02,0.03,0.02,0.02,0.02,0.02,0.01,0.03,0.02,0.02,0.02,0.02,0.02,0.02,0.02,0.02,0.02,0.02,0.02,0.03,0.03,0.03,0.03,0.02,0.02,0.03,0.03,0.02,0.03,0.03,0.02,0.04,0.04,0.02,0.03,0.04,0.03,0.04,0.04,0.05,0.04,0.04,0.04,0.03,0.04,0.04,0.05,0.05,0.05,0.05,0.04,0.04,0.03,0.04,0.05,0.05,0.04,0.04,0.06,0.05,0.05,0.06,0.07,0.07,0.05,0.06,0.05,0.06,0.06,0.05,0.06,0.06,0.07,0.08,0.08,0.08,0.07,0.08,0.08,0.07,0.08,0.08,0.08,0.08,0.1,0.09,0.08,0.12,0.11,0.08,0.12,0.1,0.1,0.1,0.09,0.1,0.1,0.09,0.11,0.12,0.11,0.1,0.12,0.11,0.11,0.13,0.11,0.11,0.14,0.14,0.12,0.15,0.13,0.12,0.11,0.15,0.15,0.22,0.18,0.15,0.18,0.18,0.17,0.16,0.12,0.22,0.17,0.22,0.17,0.23,0.17,0.22,0.17,0.21,0.19,0.16,0.31,0.27,0.23,0.21,0.23,0.3,0.24,0.27,0.22,0.2,0.2,0.33,0.27,0.3,0.21,0.23,0.33,0.29,0.29,0.35,0.32,0.23,0.43,0.43,0.27,0.37,0.37,0.4,0.41,0.34,0.48,0.38,0.66,0.4,0.4,0.34,0.51
84.0,0.01,0.01,0.01,0.01,0.01,0.01,0.01,0.01,0.01,0.01,0.01,0.01,0.01,0.01,0.01,0.01,0.01,0.01,0.01,0.01,0.01,0.01,0.01,0.01,0.01,0.01,0.01,0.01,0.02,0.01,0.02,0.02,0.01,0.01,0.02,0.01,0.02,0.02,0.02,0.02,0.02,0.02,0.02,0.02,0.02,0.02,0.02,0.02,0.02,0.02,0.02,0.02,0.02,0.02,0.02,0.02,0.02,0.02,0.03,0.03,0.02,0.03,0.03,0.03,0.03,0.04,0.04,0.03,0.03,0.03,0.02,0.03,0.03,0.04,0.04,0.04,0.04,0.04,0.04,0.03,0.04,0.04,0.04,0.03,0.04,0.05,0.04,0.04,0.05,0.05,0.06,0.04,0.05,0.04,0.05,0.05,0.04,0.05,0.05,0.05,0.07,0.06,0.06,0.06,0.07,0.06,0.06,0.06,0.07,0.06,0.07,0.08,0.07,0.06,0.1,0.09,0.07,0.1,0.08,0.08,0.08,0.08,0.08,0.09,0.08,0.09,0.1,0.09,0.08,0.1,0.09,0.09,0.1,0.09,0.09,0.11,0.12,0.1,0.13,0.11,0.1,0.09,0.13,0.12,0.18,0.15,0.13,0.15,0.15,0.14,0.13,0.1,0.18,0.14,0.19,0.14,0.19,0.14,0.18,0.14,0.17,0.16,0.13,0.25,0.22,0.19,0.18,0.19,0.25,0.2,0.23,0.18,0.17,0.17,0.28,0.22,0.25,0.17,0.19,0.28,0.24,0.24,0.29,0.26,0.19,0.35,0.36,0.23,0.3,0.3,0.33,0.34,0.28,0.39,0.31,0.55,0.33,0.33,0.28,0.42
85.0,0.01,0.01,0.01,0.01,0.01,0.01,0.01,0.01,0.01,0.01,0.01,0.01,0.01,0.01,0.01,0.01,0.01,0.01,0.01,0.01,0.01,0.01,0.01,0.01,0.01,0.01,0.01,0.01,0.02,0.01,0.01,0.02,0.01,0.01,0.02,0.01,0.01,0.01,0.01,0.02,0.02,0.01,0.01,0.02,0.02,0.01,0.02,0.02,0.02,0.02,0.02,0.01,0.02,0.02,0.02,0.02,0.02,0.01,0.03,0.03,0.02,0.02,0.02,0.02,0.03,0.03,0.03,0.03,0.03,0.03,0.02,0.02,0.03,0.03,0.04,0.03,0.04,0.03,0.03,0.02,0.03,0.03,0.03,0.03,0.03,0.04,0.03,0.03,0.04,0.04,0.05,0.04,0.04,0.04,0.04,0.04,0.04,0.04,0.04,0.04,0.05,0.05,0.05,0.05,0.05,0.05,0.05,0.05,0.06,0.05,0.06,0.07,0.06,0.05,0.08,0.07,0.06,0.08,0.07,0.07,0.07,0.06,0.07,0.07,0.06,0.07,0.08,0.07,0.07,0.08,0.08,0.07,0.09,0.08,0.08,0.09,0.1,0.08,0.1,0.09,0.08,0.07,0.1,0.1,0.15,0.12,0.1,0.12,0.12,0.12,0.11,0.08,0.15,0.12,0.15,0.12,0.16,0.11,0.15,0.12,0.14,0.13,0.11,0.21,0.18,0.16,0.14,0.16,0.21,0.16,0.19,0.15,0.14,0.14,0.23,0.18,0.2,0.14,0.16,0.23,0.2,0.2,0.24,0.22,0.16,0.29,0.3,0.19,0.25,0.25,0.28,0.28,0.23,0.32,0.26,0.45,0.28,0.27,0.23,0.35
86.0,0.01,0.01,0.01,0.01,0.01,0.01,0.01,0.0,0.01,0.01,0.01,0.01,0.01,0.01,0.01,0.01,0.01,0.01,0.01,0.01,0.01,0.01,0.01,0.01,0.01,0.01,0.01,0.01,0.01,0.01,0.01,0.01,0.01,0.01,0.01,0.01,0.01,0.01,0.01,0.01,0.01,0.01,0.01,0.01,0.01,0.01,0.01,0.02,0.02,0.02,0.01,0.01,0.01,0.02,0.01,0.02,0.02,0.01,0.02,0.02,0.01,0.02,0.02,0.02,0.02,0.02,0.03,0.02,0.02,0.02,0.02,0.02,0.02,0.03,0.03,0.03,0.03,0.02,0.02,0.02,0.03,0.03,0.03,0.02,0.02,0.03,0.03,0.03,0.03,0.04,0.04,0.03,0.04,0.03,0.03,0.03,0.03,0.04,0.03,0.04,0.05,0.04,0.04,0.04,0.05,0.04,0.04,0.04,0.05,0.04,0.05,0.05,0.05,0.04,0.07,0.06,0.05,0.07,0.05,0.06,0.05,0.05,0.06,0.06,0.05,0.06,0.07,0.06,0.06,0.07,0.06,0.06,0.07,0.06,0.06,0.08,0.08,0.07,0.09,0.08,0.07,0.06,0.09,0.08,0.12,0.1,0.09,0.1,0.1,0.1,0.09,0.07,0.12,0.1,0.13,0.1,0.13,0.09,0.12,0.1,0.12,0.11,0.09,0.17,0.15,0.13,0.12,0.13,0.17,0.13,0.15,0.12,0.11,0.11,0.19,0.15,0.17,0.12,0.13,0.19,0.16,0.16,0.2,0.18,0.13,0.24,0.24,0.16,0.21,0.21,0.23,0.23,0.19,0.27,0.21,0.37,0.23,0.23,0.19,0.29
87.0,0.0,0.01,0.01,0.0,0.01,0.0,0.01,0.0,0.01,0.01,0.01,0.01,0.01,0.01,0.01,0.01,0.01,0.01,0.01,0.01,0.01,0.01,0.01,0.01,0.01,0.01,0.01,0.01,0.01,0.01,0.01,0.01,0.01,0.01,0.01,0.01,0.01,0.01,0.01,0.01,0.01,0.01,0.01,0.01,0.01,0.01,0.01,0.01,0.01,0.01,0.01,0.01,0.01,0.01,0.01,0.01,0.01,0.01,0.02,0.02,0.01,0.01,0.02,0.01,0.02,0.02,0.02,0.02,0.02,0.02,0.01,0.02,0.02,0.02,0.02,0.02,0.02,0.02,0.02,0.02,0.02,0.02,0.02,0.02,0.02,0.03,0.02,0.02,0.03,0.03,0.03,0.03,0.03,0.02,0.03,0.03,0.02,0.03,0.03,0.03,0.04,0.04,0.04,0.03,0.04,0.04,0.03,0.04,0.04,0.04,0.04,0.04,0.04,0.04,0.06,0.05,0.04,0.06,0.05,0.05,0.04,0.04,0.05,0.05,0.04,0.05,0.06,0.05,0.05,0.06,0.05,0.05,0.06,0.05,0.05,0.06,0.07,0.06,0.07,0.06,0.05,0.05,0.07,0.07,0.1,0.08,0.07,0.08,0.08,0.08,0.07,0.06,0.1,0.08,0.1,0.08,0.11,0.08,0.1,0.08,0.1,0.09,0.08,0.14,0.13,0.11,0.1,0.11,0.14,0.11,0.13,0.1,0.09,0.09,0.16,0.13,0.14,0.1,0.11,0.16,0.13,0.14,0.16,0.15,0.11,0.2,0.2,0.13,0.17,0.17,0.19,0.19,0.16,0.22,0.18,0.31,0.19,0.19,0.16,0.24
88.0,0.0,0.01,0.01,0.0,0.0,0.0,0.01,0.0,0.01,0.01,0.0,0.01,0.01,0.01,0.0,0.01,0.0,0.01,0.0,0.01,0.01,0.01,0.01,0.0,0.01,0.01,0.01,0.01,0.01,0.01,0.01,0.01,0.01,0.01,0.01,0.01,0.01,0.01,0.01,0.01,0.01,0.01,0.01,0.01,0.01,0.01,0.01,0.01,0.01,0.01,0.01,0.01,0.01,0.01,0.01,0.01,0.01,0.01,0.01,0.02,0.01,0.01,0.01,0.01,0.01,0.02,0.02,0.02,0.01,0.01,0.01,0.01,0.02,0.02,0.02,0.02,0.02,0.02,0.02,0.01,0.02,0.02,0.02,0.02,0.02,0.02,0.02,0.02,0.02,0.03,0.03,0.02,0.02,0.02,0.02,0.02,0.02,0.02,0.02,0.03,0.03,0.03,0.03,0.03,0.03,0.03,0.03,0.03,0.03,0.03,0.03,0.04,0.03,0.03,0.05,0.04,0.03,0.05,0.04,0.04,0.04,0.04,0.04,0.04,0.04,0.04,0.05,0.04,0.04,0.05,0.04,0.04,0.05,0.04,0.04,0.05,0.05,0.05,0.06,0.05,0.05,0.04,0.06,0.06,0.08,0.07,0.06,0.07,0.07,0.06,0.06,0.05,0.08,0.07,0.09,0.07,0.09,0.06,0.08,0.07,0.08,0.07,0.06,0.12,0.1,0.09,0.08,0.09,0.12,0.09,0.11,0.08,0.08,0.08,0.13,0.1,0.11,0.08,0.09,0.13,0.11,0.11,0.13,0.12,0.09,0.16,0.17,0.11,0.14,0.14,0.16,0.16,0.13,0.18,0.15,0.26,0.16,0.15,0.13,0.2
89.0,0.0,0.0,0.0,0.0,0.0,0.0,0.0,0.0,0.0,0.0,0.0,0.0,0.0,0.0,0.0,0.01,0.0,0.0,0.0,0.0,0.0,0.0,0.0,0.0,0.01,0.01,0.0,0.01,0.01,0.01,0.01,0.01,0.01,0.0,0.01,0.01,0.01,0.01,0.01,0.01,0.01,0.01,0.01,0.01,0.01,0.01,0.01,0.01,0.01,0.01,0.01,0.01,0.01,0.01,0.01,0.01,0.01,0.01,0.01,0.01,0.01,0.01,0.01,0.01,0.01,0.01,0.02,0.01,0.01,0.01,0.01,0.01,0.01,0.02,0.02,0.02,0.02,0.01,0.01,0.01,0.01,0.02,0.02,0.01,0.01,0.02,0.02,0.01,0.02,0.02,0.02,0.02,0.02,0.02,0.02,0.02,0.02,0.02,0.02,0.02,0.03,0.02,0.02,0.02,0.03,0.02,0.02,0.02,0.03,0.02,0.03,0.03,0.03,0.02,0.04,0.03,0.03,0.04,0.03,0.03,0.03,0.03,0.03,0.03,0.03,0.03,0.04,0.03,0.03,0.04,0.04,0.03,0.04,0.04,0.04,0.04,0.04,0.04,0.05,0.04,0.04,0.03,0.05,0.05,0.07,0.06,0.05,0.06,0.06,0.05,0.05,0.04,0.07,0.05,0.07,0.05,0.07,0.05,0.07,0.05,0.07,0.06,0.05,0.1,0.09,0.07,0.07,0.07,0.1,0.08,0.09,0.07,0.06,0.06,0.11,0.09,0.09,0.07,0.07,0.11,0.09,0.09,0.11,0.1,0.07,0.14,0.14,0.09,0.12,0.12,0.13,0.13,0.11,0.15,0.12,0.21,0.13,0.13,0.11,0.16
90.0,0.0,0.0,0.0,0.0,0.0,0.0,0.0,0.0,0.0,0.0,0.0,0.0,0.0,0.0,0.0,0.0,0.0,0.0,0.0,0.0,0.0,0.0,0.0,0.0,0.0,0.0,0.0,0.0,0.01,0.0,0.01,0.01,0.0,0.0,0.01,0.0,0.01,0.01,0.01,0.01,0.01,0.01,0.01,0.01,0.01,0.01,0.01,0.01,0.01,0.01,0.01,0.01,0.01,0.01,0.01,0.01,0.01,0.01,0.01,0.01,0.01,0.01,0.01,0.01,0.01,0.01,0.01,0.01,0.01,0.01,0.01,0.01,0.01,0.01,0.01,0.01,0.01,0.01,0.01,0.01,0.01,0.01,0.01,0.01,0.01,0.02,0.01,0.01,0.01,0.02,0.02,0.01,0.02,0.01,0.02,0.02,0.01,0.02,0.02,0.02,0.02,0.02,0.02,0.02,0.02,0.02,0.02,0.02,0.02,0.02,0.02,0.03,0.02,0.02,0.03,0.03,0.02,0.03,0.03,0.03,0.02,0.02,0.03,0.03,0.02,0.03,0.03,0.03,0.03,0.03,0.03,0.03,0.03,0.03,0.03,0.04,0.04,0.03,0.04,0.04,0.03,0.03,0.04,0.04,0.06,0.05,0.04,0.05,0.05,0.04,0.04,0.03,0.06,0.04,0.06,0.04,0.06,0.04,0.06,0.05,0.05,0.05,0.04,0.08,0.07,0.06,0.06,0.06,0.08,0.06,0.07,0.06,0.05,0.05,0.09,0.07,0.08,0.05,0.06,0.09,0.08,0.08,0.09,0.08,0.06,0.11,0.11,0.07,0.1,0.1,0.11,0.11,0.09,0.12,0.1,0.17,0.11,0.11,0.09,0.13
91.0,0.0,0.0,0.0,0.0,0.0,0.0,0.0,0.0,0.0,0.0,0.0,0.0,0.0,0.0,0.0,0.0,0.0,0.0,0.0,0.0,0.0,0.0,0.0,0.0,0.0,0.0,0.0,0.0,0.01,0.0,0.0,0.0,0.0,0.0,0.01,0.0,0.0,0.0,0.0,0.0,0.01,0.0,0.0,0.01,0.01,0.0,0.01,0.01,0.01,0.01,0.01,0.0,0.01,0.01,0.0,0.01,0.01,0.0,0.01,0.01,0.01,0.01,0.01,0.01,0.01,0.01,0.01,0.01,0.01,0.01,0.01,0.01,0.01,0.01,0.01,0.01,0.01,0.01,0.01,0.01,0.01,0.01,0.01,0.01,0.01,0.01,0.01,0.01,0.01,0.01,0.01,0.01,0.01,0.01,0.01,0.01,0.01,0.01,0.01,0.01,0.02,0.02,0.02,0.02,0.02,0.02,0.02,0.02,0.02,0.02,0.02,0.02,0.02,0.02,0.03,0.02,0.02,0.03,0.02,0.02,0.02,0.02,0.02,0.02,0.02,0.02,0.03,0.02,0.02,0.03,0.02,0.02,0.03,0.02,0.02,0.03,0.03,0.03,0.03,0.03,0.03,0.02,0.03,0.03,0.05,0.04,0.03,0.04,0.04,0.04,0.03,0.03,0.05,0.04,0.05,0.04,0.05,0.04,0.05,0.04,0.05,0.04,0.04,0.07,0.06,0.05,0.05,0.05,0.06,0.05,0.06,0.05,0.04,0.04,0.07,0.06,0.06,0.05,0.05,0.07,0.06,0.06,0.07,0.07,0.05,0.09,0.09,0.06,0.08,0.08,0.09,0.09,0.07,0.1,0.08,0.14,0.09,0.09,0.07,0.11
92.0,0.0,0.0,0.0,0.0,0.0,0.0,0.0,0.0,0.0,0.0,0.0,0.0,0.0,0.0,0.0,0.0,0.0,0.0,0.0,0.0,0.0,0.0,0.0,0.0,0.0,0.0,0.0,0.0,0.0,0.0,0.0,0.0,0.0,0.0,0.0,0.0,0.0,0.0,0.0,0.0,0.0,0.0,0.0,0.0,0.0,0.0,0.0,0.0,0.01,0.0,0.0,0.0,0.0,0.0,0.0,0.0,0.01,0.0,0.01,0.01,0.0,0.01,0.01,0.01,0.01,0.01,0.01,0.01,0.01,0.01,0.01,0.01,0.01,0.01,0.01,0.01,0.01,0.01,0.01,0.01,0.01,0.01,0.01,0.01,0.01,0.01,0.01,0.01,0.01,0.01,0.01,0.01,0.01,0.01,0.01,0.01,0.01,0.01,0.01,0.01,0.01,0.01,0.01,0.01,0.01,0.01,0.01,0.01,0.01,0.01,0.01,0.02,0.02,0.01,0.02,0.02,0.01,0.02,0.02,0.02,0.02,0.02,0.02,0.02,0.02,0.02,0.02,0.02,0.02,0.02,0.02,0.02,0.02,0.02,0.02,0.02,0.03,0.02,0.03,0.02,0.02,0.02,0.03,0.03,0.04,0.03,0.03,0.03,0.03,0.03,0.03,0.02,0.04,0.03,0.04,0.03,0.04,0.03,0.04,0.03,0.04,0.03,0.03,0.05,0.05,0.04,0.04,0.04,0.05,0.04,0.05,0.04,0.04,0.04,0.06,0.05,0.05,0.04,0.04,0.06,0.05,0.05,0.06,0.06,0.04,0.08,0.08,0.05,0.07,0.07,0.07,0.07,0.06,0.08,0.07,0.12,0.07,0.07,0.06,0.09
93.0,0.0,0.0,0.0,0.0,0.0,0.0,0.0,0.0,0.0,0.0,0.0,0.0,0.0,0.0,0.0,0.0,0.0,0.0,0.0,0.0,0.0,0.0,0.0,0.0,0.0,0.0,0.0,0.0,0.0,0.0,0.0,0.0,0.0,0.0,0.0,0.0,0.0,0.0,0.0,0.0,0.0,0.0,0.0,0.0,0.0,0.0,0.0,0.0,0.0,0.0,0.0,0.0,0.0,0.0,0.0,0.0,0.0,0.0,0.01,0.01,0.0,0.0,0.01,0.0,0.01,0.01,0.01,0.01,0.01,0.01,0.0,0.01,0.01,0.01,0.01,0.01,0.01,0.01,0.01,0.01,0.01,0.01,0.01,0.01,0.01,0.01,0.01,0.01,0.01,0.01,0.01,0.01,0.01,0.01,0.01,0.01,0.01,0.01,0.01,0.01,0.01,0.01,0.01,0.01,0.01,0.01,0.01,0.01,0.01,0.01,0.01,0.01,0.01,0.01,0.02,0.02,0.01,0.02,0.01,0.01,0.01,0.01,0.01,0.02,0.01,0.02,0.02,0.02,0.01,0.02,0.02,0.02,0.02,0.02,0.02,0.02,0.02,0.02,0.02,0.02,0.02,0.02,0.02,0.02,0.03,0.03,0.02,0.03,0.03,0.02,0.02,0.02,0.03,0.02,0.03,0.03,0.03,0.02,0.03,0.03,0.03,0.03,0.02,0.04,0.04,0.03,0.03,0.03,0.04,0.03,0.04,0.03,0.03,0.03,0.05,0.04,0.04,0.03,0.03,0.05,0.04,0.04,0.05,0.05,0.03,0.06,0.06,0.04,0.05,0.05,0.06,0.06,0.05,0.07,0.06,0.1,0.06,0.06,0.05,0.07
94.0,0.0,0.0,0.0,0.0,0.0,0.0,0.0,0.0,0.0,0.0,0.0,0.0,0.0,0.0,0.0,0.0,0.0,0.0,0.0,0.0,0.0,0.0,0.0,0.0,0.0,0.0,0.0,0.0,0.0,0.0,0.0,0.0,0.0,0.0,0.0,0.0,0.0,0.0,0.0,0.0,0.0,0.0,0.0,0.0,0.0,0.0,0.0,0.0,0.0,0.0,0.0,0.0,0.0,0.0,0.0,0.0,0.0,0.0,0.0,0.0,0.0,0.0,0.0,0.0,0.0,0.01,0.01,0.0,0.0,0.0,0.0,0.0,0.01,0.01,0.01,0.01,0.01,0.01,0.01,0.0,0.01,0.01,0.01,0.01,0.01,0.01,0.01,0.01,0.01,0.01,0.01,0.01,0.01,0.01,0.01,0.01,0.01,0.01,0.01,0.01,0.01,0.01,0.01,0.01,0.01,0.01,0.01,0.01,0.01,0.01,0.01,0.01,0.01,0.01,0.01,0.01,0.01,0.01,0.01,0.01,0.01,0.01,0.01,0.01,0.01,0.01,0.01,0.01,0.01,0.01,0.01,0.01,0.02,0.01,0.01,0.02,0.02,0.01,0.02,0.02,0.01,0.01,0.02,0.02,0.03,0.02,0.02,0.02,0.02,0.02,0.02,0.01,0.03,0.02,0.03,0.02,0.03,0.02,0.03,0.02,0.03,0.02,0.02,0.04,0.03,0.03,0.03,0.03,0.04,0.03,0.03,0.03,0.02,0.02,0.04,0.03,0.04,0.03,0.03,0.04,0.03,0.04,0.04,0.04,0.03,0.05,0.05,0.03,0.04,0.04,0.05,0.05,0.04,0.06,0.05,0.08,0.05,0.05,0.04,0.06
95.0,0.0,0.0,0.0,0.0,0.0,0.0,0.0,0.0,0.0,0.0,0.0,0.0,0.0,0.0,0.0,0.0,0.0,0.0,0.0,0.0,0.0,0.0,0.0,0.0,0.0,0.0,0.0,0.0,0.0,0.0,0.0,0.0,0.0,0.0,0.0,0.0,0.0,0.0,0.0,0.0,0.0,0.0,0.0,0.0,0.0,0.0,0.0,0.0,0.0,0.0,0.0,0.0,0.0,0.0,0.0,0.0,0.0,0.0,0.0,0.0,0.0,0.0,0.0,0.0,0.0,0.0,0.0,0.0,0.0,0.0,0.0,0.0,0.0,0.0,0.01,0.0,0.01,0.0,0.0,0.0,0.0,0.0,0.0,0.0,0.0,0.01,0.0,0.0,0.01,0.01,0.01,0.01,0.01,0.01,0.01,0.01,0.01,0.01,0.01,0.01,0.01,0.01,0.01,0.01,0.01,0.01,0.01,0.01,0.01,0.01,0.01,0.01,0.01,0.01,0.01,0.01,0.01,0.01,0.01,0.01,0.01,0.01,0.01,0.01,0.01,0.01,0.01,0.01,0.01,0.01,0.01,0.01,0.01,0.01,0.01,0.01,0.01,0.01,0.02,0.01,0.01,0.01,0.02,0.01,0.02,0.02,0.02,0.02,0.02,0.02,0.02,0.01,0.02,0.02,0.02,0.02,0.02,0.02,0.02,0.02,0.02,0.02,0.02,0.03,0.03,0.02,0.02,0.02,0.03,0.02,0.03,0.02,0.02,0.02,0.03,0.03,0.03,0.02,0.02,0.03,0.03,0.03,0.03,0.03,0.02,0.04,0.04,0.03,0.04,0.04,0.04,0.04,0.03,0.05,0.04,0.07,0.04,0.04,0.03,0.05
