EventID,Duration,TimeStep,Region,Area,Increments
892,720,30,East Coast (North),100,2.47,4.34,6.4,3.68,3.06,0.72,0.17,0.91,4.52,2.43,7.72,5.38,4.73,5.95,5.26,4.82,7.45,5.33,6.21,5.85,3.69,3.85,4.2,0.86
893,720,30,East Coast (North),100,0.76,1.7,3.5,1.64,5.83,6.65,3.09,6.83,6.81,10.38,8.56,6.74,6.81,7.19,7.12,4.44,2.47,3.32,0.81,0.99,1.51,0.82,0.69,1.34
894,720,30,East Coast (North),100,2.15,2.15,2.23,2.45,3.06,4.21,4.1,6.24,4.95,4.63,5.14,6.01,6.32,5.94,5.32,5.02,4.34,5.39,3.79,3.93,4.25,3.99,2.78,1.61
895,720,30,East Coast (North),100,4,5.61,10.94,5.03,2.41,0.81,2.51,3.36,1.75,0.54,0.65,2.69,2.62,2.85,0.93,5.04,4.7,5.76,8.35,12.58,6.04,4.91,3.74,2.18
896,720,30,East Coast (North),100,2.26,3.68,3.52,5.09,5.23,6.7,7.86,5.08,3.13,4.4,4.25,5.32,5.31,4.99,5.4,4.84,3.39,4.18,2.48,3.21,2.42,3.95,1.59,1.72
897,720,30,East Coast (North),100,2.3,3.07,3.22,2.13,2.14,1.92,1.61,1.77,1.54,1.2,1.73,2.02,3.64,3.28,4.5,5.91,6.96,7.91,9.18,8.44,8.31,8.09,5.8,3.33
898,720,30,East Coast (North),100,2.82,5.14,5.87,5.49,2.77,3.48,3.69,3.49,5.76,2.72,3.32,4.73,3.5,5.93,4.45,3.6,3.33,3.33,1.58,1.3,2.2,6.91,8.14,6.45
899,720,30,East Coast (North),100,2.64,1.85,0.52,0.2,0.62,3.56,2.17,2.36,2.31,0.4,4.1,3.72,6.99,5.39,7.53,5.78,9.07,6.47,4.71,5.98,5.05,6.61,6.52,5.45
900,720,30,East Coast (North),100,2.25,3.83,4.2,2.85,4.2,3.29,5,3.91,3.45,2.22,2.51,3.86,3.75,5.09,4.29,3.41,3.1,3.01,2.79,4.49,7.39,7.83,7.86,5.42
901,720,30,East Coast (North),100,3.29,2.92,4.67,3.15,2.83,3.05,5.77,4.12,3.49,7.12,7.37,5.51,3.2,4.64,3.49,2.67,4.84,3.75,6.47,4.87,4.88,3.29,2.36,2.25
902,720,30,East Coast (North),200,1.9,3.53,5.42,3.1,3.21,0.99,0.48,0.83,4.17,1.97,6.1,4.07,4.69,7.45,5.21,4.99,7.54,5.97,7.27,6.5,4.45,4.33,4.71,1.12
903,720,30,East Coast (North),200,3.44,3.34,3.16,4.17,4.97,7.43,5.17,6.16,6.71,6.2,6.26,5.91,5.68,4.3,5.44,4.57,3.19,3.28,2.4,0.28,0.29,0.46,3.55,3.64
904,720,30,East Coast (North),200,2.66,2.57,2.38,2.64,3.57,3.61,4.45,4.85,4.69,4.55,5.63,4.81,3.84,4.56,4.82,5.05,5.66,5.35,5.52,4.01,4.25,4.17,3.56,2.8
905,720,30,East Coast (North),200,2.08,2.51,2.53,2.37,3.48,3.71,3.88,5.18,4.46,4.85,5.3,5.62,6.22,5.7,5.36,4.93,4.09,4.96,3.76,4.69,4.24,3.62,3.78,2.68
906,720,30,East Coast (North),200,4.59,2.4,1.69,1.14,1.24,1.97,2.43,2.03,2.28,2.41,3.46,3.36,4.54,3.47,4.75,6.15,3.79,5.46,7.3,8.49,3.26,9.26,9.02,5.51
907,720,30,East Coast (North),200,1.65,4.23,2.76,5.73,7.24,4.46,7.53,7.05,9.99,7.51,5.73,5.67,5.75,5.49,3.83,2.26,3.19,1.32,1.47,2.19,0.96,1.07,1.85,1.07
908,720,30,East Coast (North),200,2.32,1.39,1.86,5.23,7.08,3.54,3.86,3.4,7.54,2.3,5.96,9.26,8.57,4.64,4.45,4.16,2.49,1.19,3.11,5.16,1.65,1.61,6.62,2.61
909,720,30,East Coast (North),200,2.71,6.36,8.69,9.55,5.21,2.09,0.55,1.8,2.69,2.33,1.48,1.16,3.86,3.79,3.16,1.33,4.28,4.11,6.54,7.97,8.88,3.99,4.14,3.33
910,720,30,East Coast (North),200,2.82,4.83,5.59,6.58,4.05,3.22,3.18,3.84,5.02,3.31,3.55,5.5,4.06,6.9,3.78,3.06,3.95,4.05,1.78,1.43,2.4,5.19,6.62,5.29
911,720,30,East Coast (North),200,2.11,2.81,3.26,1.98,1.98,1.81,1.78,2.27,1.83,1.33,1.79,2.53,3.74,3.51,5.05,6.7,7.45,8.03,9.08,8.17,7.3,7.24,5.22,3.03
912,720,30,East Coast (North),500,2.47,8.61,10.3,9.02,15.34,11.38,9.8,1.18,1.01,1.23,1.03,1.8,2.57,3.16,2.17,2.09,3.02,3.2,1.97,1.58,2.08,2.23,1.62,1.14
913,720,30,East Coast (North),500,2.05,3.66,5.33,3.26,3.12,1.07,0.65,1.02,3.63,1.9,5.6,3.91,5.12,8.3,5.56,5.48,7.64,6.05,7.17,6.05,4.19,3.89,4.22,1.13
914,720,30,East Coast (North),500,4.11,5.3,8.04,6.06,3.52,4.39,4.14,4.44,2.87,1.22,1.17,3.15,3.08,3.92,3.51,4.03,5.61,5.16,3.87,3.7,5.34,6.46,4.18,2.73
915,720,30,East Coast (North),500,2.55,2.87,1.36,2.88,3.91,1.84,2.47,2.51,4.03,3.17,3.81,4.95,3.51,5.77,5.94,3.47,5.06,9.22,3.61,8.49,4.69,5.67,4.46,3.76
916,720,30,East Coast (North),500,1.43,0.82,1.4,2.14,1.63,2.99,2.95,3.37,3.7,5.09,9.73,5.29,5.12,7.39,4.05,7.05,7.44,6.53,4.22,5.39,4.1,3.97,2.57,1.63
917,720,30,East Coast (North),500,3.34,3.23,3.14,4.06,4.78,7.46,5.39,6.15,6.35,6.22,6.52,6.52,5.65,4.57,5.54,4.27,2.95,3.41,2.47,0.3,0.27,0.56,3.34,3.51
918,720,30,East Coast (North),500,1.49,3.25,5.96,7.89,6.05,3.91,2.55,2.07,4.51,4.55,6.09,8.47,6.05,4.45,5.12,4.47,2.27,5.36,2.55,4.1,3.04,1.91,1.74,2.15
919,720,30,East Coast (North),500,2.1,2.65,2.73,2.35,3.41,3.67,3.7,5.2,4.57,5,5.29,5.46,6.21,5.68,5.59,4.92,4.24,4.72,3.78,4.62,4.16,3.37,3.67,2.91
920,720,30,East Coast (North),500,2.63,1.7,1.12,0.97,1.49,0.72,0.98,1.62,1.92,4.17,4.09,4.91,4.86,4.54,3.78,7.58,6.84,6.33,7.17,10.56,10.34,5.38,3.71,2.59
921,720,30,East Coast (North),500,2.83,2.55,2.42,2.69,3.53,3.6,4.73,4.98,4.86,4.58,5.39,4.67,3.77,4.48,4.67,5.08,5.71,5.32,5.46,4.02,4.27,4.06,3.48,2.85
922,720,30,East Coast (North),1000,4.62,3.37,3.64,4.91,3.07,3.59,3.45,3.14,3.3,4.23,4.36,3.55,3.21,3.78,4.17,2.93,4.03,6.47,6.52,5.61,5.28,4.79,3.81,4.17
923,720,30,East Coast (North),1000,2.63,1.96,1.66,1.9,4.04,3.9,3.64,5.62,3.07,1.28,0.45,0.55,2.06,4.37,6.55,9.08,7.93,8.25,6.49,6.47,5.14,5.36,3.83,3.77
924,720,30,East Coast (North),1000,2.6,2.94,1.5,3.02,3.95,2.02,2.46,2.55,4.11,3.2,3.82,4.9,3.6,5.82,5.81,3.32,4.94,8.93,3.74,8.37,4.77,5.59,4.37,3.67
925,720,30,East Coast (North),1000,3.24,3.43,3.17,2.63,2.46,2.95,3.54,3.94,2.4,4.03,4.63,3.56,3.99,4.72,3.76,3.94,3.9,4.07,6.74,5.75,5.33,4.79,3.2,9.83
926,720,30,East Coast (North),1000,2.81,3.86,3.57,3.54,6.28,6.13,4.3,7.88,9.56,7.64,7.94,5.93,6.66,5.21,3.46,3.23,2.35,2.03,1.57,1.21,0.97,1.34,1.4,1.13
927,720,30,East Coast (North),1000,1.39,2.25,2.43,2.52,2.13,3.27,3.79,4.02,5.51,4.38,4.88,5.18,5.77,6.13,5.91,5.98,5.14,4.81,4.88,4.22,4.26,4.3,3.61,3.24
928,720,30,East Coast (North),1000,4.05,5.03,6.58,5.44,5.17,5.25,3.52,3.89,4.38,5.35,6.88,5.53,4.49,4.92,4.57,3.2,5.12,2.85,3.69,2.65,2.86,1.67,1.94,0.97
929,720,30,East Coast (North),1000,0.1,2.7,5.92,5.14,4.16,2.05,1.96,4.47,6.46,6.87,4.42,4.27,4.1,3.32,3.67,5.5,5.21,4.41,4.63,3.58,3.6,4.52,5.61,3.33
930,720,30,East Coast (North),1000,3.22,3.25,3.19,3.82,4.49,7.38,5.89,5.5,5.71,6.66,6.92,7.19,5.04,4.75,5.23,4.57,3.22,3.09,2.36,0.49,0.49,0.97,3.14,3.43
931,720,30,East Coast (North),1000,2.19,5.97,5.46,5.11,8.65,5.44,8.07,6.31,8.08,5.77,4.55,4.31,4.13,3.79,2.48,1.59,3.13,2.46,1.79,2.97,1.79,2.3,2.18,1.48
932,720,30,East Coast (North),2500,7.34,5.65,2.53,2.99,3.25,3.99,2.57,1.21,1.27,3.65,3,3.55,3.28,4.59,6.01,5.26,3.73,5.32,7.47,6.64,4.14,2.83,3.83,5.9
933,720,30,East Coast (North),2500,1.94,2.91,1.38,2.14,4.64,3.35,5.42,4.78,4.69,4.09,4.69,4.33,5.75,4.5,6.51,8.14,9.11,7.2,9.03,1.99,1.45,0.74,0.67,0.55
934,720,30,East Coast (North),2500,2.92,2.99,3.43,3.64,2.92,3.08,2.57,3.54,3.49,3.88,5.66,4.84,3.56,6.46,7.88,5.74,5.98,4.95,5.95,5.49,3.63,3.14,2.37,1.89
935,720,30,East Coast (North),2500,4.32,5.06,5.91,5.34,4.06,5.06,4.44,4.77,4.05,4.08,4.06,3.95,4.05,3.11,3.28,4.42,2.93,3.63,3.7,3.31,3.69,4.62,4.49,3.67
936,720,30,East Coast (North),2500,2.22,4.29,4.36,3.59,6.8,5.2,6.32,5.02,3.95,2.6,4.25,3.65,2.65,3.42,3.4,3.73,6.06,3.82,3.62,3.74,6.64,5.75,2.18,2.74
937,720,30,East Coast (North),2500,3.41,3.62,3.87,4.63,3.12,2.52,1.17,1.54,1.43,2.79,2.47,5,4.62,5.57,8.66,6.15,6.33,7.51,5.67,6.77,4.67,3.06,2.65,2.77
938,720,30,East Coast (North),2500,2.97,2.71,2.43,3.23,3.76,4.34,5.55,4.79,4.66,4.95,5.53,5.57,5.79,6.01,5.44,4.95,4.81,4.41,4.01,3.87,3.12,2.78,2.56,1.76
939,720,30,East Coast (North),2500,2.78,3.05,3.08,3.56,4.81,6.97,4.64,5.15,5.44,4.27,6.79,6.21,5.97,4.54,5.07,5.75,6.65,3.25,3.08,1.77,1.58,2.15,3.33,0.11
940,720,30,East Coast (North),2500,4.67,2.98,7.62,4.9,3.39,3.14,4.85,4.92,5.06,4.76,3.05,1.73,4.07,2.49,2.97,4.23,4.81,4.49,6.35,7.28,4.44,1.52,4.11,2.17
941,720,30,East Coast (North),2500,0.14,1.77,1.97,2.52,2.59,2.55,3.14,6.79,6.13,5.57,5.11,5.2,5.11,7.11,7.56,6.94,6.8,4.87,4.51,3.8,1.91,3.17,3.15,1.59
942,720,30,East Coast (North),5000,7.93,7.89,8.47,12.85,10.38,6.63,2.15,1.79,2.07,1.85,2.67,3.29,3.56,3.38,2.38,2.74,3.78,2.79,2.12,2.87,2.56,2.12,1.87,1.86
943,720,30,East Coast (North),5000,1.94,3.05,1.89,4.31,5.42,8.4,6.89,4.91,6.68,3.99,3.31,6.17,2.29,1.48,2.44,5.78,3.54,4.05,3.02,2.65,6.77,3.93,3.74,3.35
944,720,30,East Coast (North),5000,2.21,2.78,1.84,2.97,2.71,4.85,2.37,2.56,4.02,4.67,4.68,4.81,3.93,3.22,4.08,3.99,4.87,2.88,3.47,7.07,9,7.53,8.35,1.14
945,720,30,East Coast (North),5000,4.34,3.18,3.44,3.38,3.27,3.13,3.36,3.23,3.35,3.89,4.89,4.41,5.16,4.42,4.87,5.15,5.04,4.35,4.46,4.11,4.33,3.78,5.6,4.86
946,720,30,East Coast (North),5000,1.6,1.72,0.72,1.45,2.83,2.02,2.53,3.97,4.39,4.05,4.91,7.44,4.95,6.13,5.45,4.88,7.16,5.95,5.55,4.17,4.53,5.52,5,3.08
947,720,30,East Coast (North),5000,3.23,2.58,2.16,4.46,4.49,3.21,7.99,6.7,4.3,3.78,4.73,4.08,4.09,3.35,3.71,2.29,4.33,2.03,3.03,3.84,4.92,4.36,6.14,6.2
948,720,30,East Coast (North),5000,3.14,5.06,5.59,6.49,6.65,5.86,4.78,4.91,4.13,5.16,4.45,4.19,3.77,3.6,3.8,2.45,2.59,3.05,2.3,3.51,3.54,3.53,3.2,4.25
949,720,30,East Coast (North),5000,2.11,2.65,2.93,2.97,2.79,3.61,4.42,4.47,5.5,4.39,4.29,5.31,5.15,5.19,5.26,5.12,5.04,4.74,6.79,4.27,4.29,3.86,2.92,1.93
950,720,30,East Coast (North),5000,0.19,1.34,1.58,2.18,2.28,2.58,3.05,6.62,5,4.58,4.34,4.38,4.55,5.96,7.09,6.32,6.89,5.8,6.02,5.64,3.86,4.34,3.64,1.77
951,720,30,East Coast (North),5000,1.94,1.85,1.88,2.01,2.45,4.77,5.45,7.1,7.54,5.04,7.75,5,5.17,4.73,4.73,5.42,5.88,4.5,3.02,5.12,2.44,2.41,2.18,1.62
952,720,30,East Coast (North),10000,2.68,3.4,4.83,5.2,4.74,5.31,4.58,5.78,3.9,1.79,3.39,1.58,6.74,4.47,4.17,5,8.86,4.82,4.02,1.77,1.1,2.71,3.32,5.84
953,720,30,East Coast (North),10000,2.19,2.99,2.37,5.1,6.33,8.2,6.52,4.92,6.58,3.68,2.92,6.12,1.85,1.3,2.36,5.63,3.31,3.81,3.09,2.7,6.83,3.97,3.81,3.42
954,720,30,East Coast (North),10000,3.75,3.41,5.38,4.43,5.61,5.87,4.27,3.55,4.33,3.91,3.61,3.71,3.76,3.65,5.45,3.68,4.49,4.02,6.45,5.67,2.71,2.68,2.59,3.02
955,720,30,East Coast (North),10000,1.65,0.69,0.36,0.74,1,0.75,2.01,1.47,2.25,4.27,5.08,5.77,6.47,7.01,9.36,8.79,11.32,7.74,7.52,7.68,3.95,3.08,0.94,0.1
956,720,30,East Coast (North),10000,4.45,3.31,6.44,6.69,4.06,3.35,4.25,3.92,4.39,3.21,3.38,2.23,5.75,2.44,3.51,4.39,4.54,3.97,5.9,6.34,3.93,1.73,4.47,3.35
957,720,30,East Coast (North),10000,6.84,4.83,3.5,2.66,3.46,3.77,3.8,2.33,2.49,3.21,4.24,3.14,4.24,3.49,3.7,2.4,4.48,6.32,3.15,6.51,6.52,5.1,4.24,5.58
958,720,30,East Coast (North),10000,7.63,7.35,8.33,12.23,10.24,6.31,2.3,1.82,2.13,2.02,2.86,3.42,3.65,3.68,2.55,2.88,3.85,2.89,2.23,3.03,2.66,2.14,1.87,1.93
959,720,30,East Coast (North),10000,2.26,2.57,3.08,3.08,3.37,4.07,4.18,4.35,4.95,4.62,4.16,5.38,5.09,5.33,4.84,4.8,5.07,4.56,6.5,4.63,4.61,3.75,3.03,1.72
960,720,30,East Coast (North),10000,2.87,3.31,3.77,5.14,4.29,4.06,4.27,3.94,5.54,4.99,5.21,4.71,4.76,6.06,6.23,3.4,4.24,4.81,3.24,4.86,3.96,2.24,1.99,2.11
961,720,30,East Coast (North),10000,0.23,1.41,1.71,2.1,2.26,2.5,3.19,7.03,5.21,4.76,4.68,4.62,4.74,6.01,6.73,6.3,6.73,5.37,5.75,5.52,3.67,4.45,3.46,1.57
962,720,30,East Coast (North),20000,0.41,0.85,1.08,0.84,1.99,1.62,2.43,4.35,5.35,5.49,5.71,5.95,7.44,7.47,9.74,6.73,6.72,7.29,5.1,5.27,2.74,1.64,2.43,1.36
963,720,30,East Coast (North),20000,3.83,3.75,3.52,3.87,4.23,4.74,5.2,4.31,4.11,5.41,5.44,5.03,4.79,4.58,4.3,4.38,6.11,4.38,4.48,4.19,3.23,1.84,2.33,1.95
964,720,30,East Coast (North),20000,0.57,0.38,0.64,0.49,1.03,2.59,3.59,2.32,2.9,4.31,8.58,10.14,16.32,7.42,7.33,4.73,5.6,4.36,3.38,3.44,2.67,2.7,2.44,2.07
965,720,30,East Coast (North),20000,3.56,4.35,4.43,5.19,5.25,3.99,4.92,4.45,5.24,5.07,4.62,4.09,3.62,4.36,3.6,3.56,3.82,4.47,4.46,4.65,4.28,3.55,2.51,1.96
966,720,30,East Coast (North),20000,2.34,2.49,2.82,3.77,5.12,6.49,6.53,6.48,6.32,5.63,6.14,4.83,4.28,3.96,4.16,3.24,2.97,3.14,4.61,4.23,3.86,2.95,2.1,1.54
967,720,30,East Coast (North),20000,1.65,2.48,2.59,5.06,10.14,2.83,4.29,4.48,4.41,3.92,3.95,4.88,7.67,5.47,4.16,5.29,4.48,3.34,3.71,3.49,2.96,1.95,2.95,3.85
968,720,30,East Coast (North),20000,4.44,9.1,8.43,6.16,5.39,5.25,4.26,6.96,7.26,5.21,2.45,2.29,1.55,2.54,6.4,3.44,2.67,1.69,2,3.05,4.94,2.39,1.4,0.73
969,720,30,East Coast (North),20000,3.35,4.21,5.05,6.32,5.04,5.13,5.1,5.28,6.53,5.06,4.68,4.48,4.01,5.95,5.54,3.21,3.32,3.86,2.18,3.26,3.6,1.48,1.56,1.8
970,720,30,East Coast (North),20000,3.09,3.12,4.83,1.57,1.6,2.89,3.27,5.02,5.62,4.18,6.16,5.13,6.09,8.14,5.75,6.97,4.65,4.72,4.12,3.58,2.53,2.56,2.36,2.05
971,720,30,East Coast (North),20000,0.06,2.08,0.54,3.44,1.5,0.47,0.66,0.14,0.34,3.87,2.09,2.7,2.08,5.16,17.26,6.94,8.07,14.49,2.57,2.22,2.29,2.9,7.74,10.39
972,720,30,East Coast (North),40000,1.69,2.66,3.1,3.38,4.59,3.52,4.69,6.36,6.93,5.69,5.54,5.22,6.73,6.21,8.08,5.3,5.15,5.08,3.45,3.63,1.37,0.31,0.84,0.48
973,720,30,East Coast (North),40000,2.71,2.97,3.34,4.07,5.13,6.19,6.21,6.01,6.06,5.54,5.83,4.5,3.94,4.03,4.09,3.39,3.25,3.39,4.66,4.11,3.74,3,2.19,1.65
974,720,30,East Coast (North),40000,1.6,2.31,2.85,3.82,3.47,3.93,4.8,5.35,5.31,5.84,4.41,4.46,4.93,6.56,7.9,5.35,4.11,3.69,3.29,4.65,3.93,2.47,2.42,2.55
975,720,30,East Coast (North),40000,3.84,8.1,7.42,5.57,4.95,5.05,4.44,6.86,7.38,5.22,3.04,3.3,2.38,2.98,6.83,3.96,2.91,1.74,2.09,3.04,4.34,2.25,1.38,0.93
976,720,30,East Coast (North),40000,3.79,2.25,1.87,2.32,2.46,2.55,2.85,3.4,3.1,2.69,2.94,4.36,3.23,3.49,5.96,6.64,7.91,8.16,5.47,4.67,5.86,4.56,6.33,3.14
977,720,30,East Coast (North),40000,5,4.17,4.05,4.46,4.38,3.84,3.86,4.49,4.6,6.18,6.37,4.83,4.07,4.02,4.17,4.2,2.94,4.46,3.72,3.31,2.51,3.15,4.05,3.17
978,720,30,East Coast (North),40000,3.46,3.15,3.64,3.61,4.27,3.99,3.94,3.97,4.49,4.51,5.63,5.82,4.59,4.82,4.89,4.41,5.53,6.87,3.28,3.89,4.48,1.92,2.43,2.41
979,720,30,East Coast (North),40000,2.81,3.69,3.27,3.06,3.78,4.02,4.35,5.27,5.18,5.06,5.16,4.71,4.35,3.67,3.67,3.65,4,4.98,5.1,4.51,4.24,2.98,3.71,4.78
980,720,30,East Coast (North),40000,2.95,2.94,2.9,3.24,4.51,2.99,3.95,5.09,4.86,6.26,5.8,7.41,3.99,5.43,6.24,7.49,4.74,2.74,5.01,4.4,1.86,1.71,1.84,1.65
981,720,30,East Coast (North),40000,2.89,3.28,3.9,4.59,5.29,6.11,6.28,5.17,4.9,7.43,4.36,5.29,4.45,4.84,5.74,4.22,4.18,4.41,3.21,1.85,1.15,2.59,2.2,1.67
982,1080,60,East Coast (North),100,2.39,4.01,2.46,0.52,2.91,9.51,5.97,0.79,4.8,8.99,8.96,9.93,10.87,10.22,8.45,7.13,1.55,0.54
983,1080,60,East Coast (North),100,2.61,2.99,2.77,3.24,3.94,4.77,7.57,10.41,8.62,10.63,10.11,8.49,7.37,6.53,5.43,1.77,0.99,1.76
984,1080,60,East Coast (North),100,6.71,4.92,5.27,5.32,7.05,4.95,5.5,6.77,5.05,4.16,5.31,9.55,9.45,1.26,2.96,2.37,8.14,5.26
985,1080,60,East Coast (North),100,0.09,0.74,3.77,8.96,13.48,2.61,5.16,2.93,2.5,3.73,5.28,9.74,17.85,9.3,5.59,5.58,2.33,0.36
986,1080,60,East Coast (North),100,1.44,0.67,2.44,6.25,8.96,12.65,7.13,7.51,9.23,9.01,7.15,5.78,4.89,4.81,2.35,3.09,3.88,2.76
987,1080,60,East Coast (North),100,3.78,0.63,3.48,3.78,2.26,6.52,10.34,11.1,12.97,8.92,9.73,9.99,1.4,1.69,2.97,1.66,3.57,5.21
988,1080,60,East Coast (North),100,1.25,2.81,1.45,2.88,4.83,4.81,3.66,3.04,2.46,3.38,6.23,9.37,13.38,15.87,14.76,8.22,1.15,0.45
989,1080,60,East Coast (North),100,3,2.28,2.93,6.63,2.82,2.48,1.41,1.96,2.71,4.6,4.82,5.64,12.67,10.75,22.32,7,1.85,4.13
990,1080,60,East Coast (North),100,2.39,3.47,7.26,3.52,3.6,6.25,4.43,4.33,4.12,0.57,0,0.2,1.89,8.38,25.61,10.05,8.65,5.28
991,1080,60,East Coast (North),100,2.8,3.36,4.88,3.18,1.95,1.59,2.56,4.83,6.14,7.05,7.57,9.56,8,9.14,11.83,8.79,4.11,2.66
992,1080,60,East Coast (North),200,1.96,2.82,1.54,0.83,2.38,8.09,5.71,1.34,4.52,7.31,7.93,11.46,11.35,11.99,9.92,8.18,1.86,0.81
993,1080,60,East Coast (North),200,2.47,3.25,3.26,2.61,4.42,4.06,5.08,6.59,7.81,8.33,7.08,7.67,8.77,8.9,6.76,6.33,4.03,2.58
994,1080,60,East Coast (North),200,0.57,3.29,1.83,5,6.05,4.17,2.89,3.74,3.77,4.49,5.94,6.72,6.97,11.1,13.24,15.06,4.22,0.95
995,1080,60,East Coast (North),200,1.75,2.89,2.84,2.08,3.97,4.24,6.23,7.85,8.08,9.47,10.33,8.92,7.84,7.33,6.82,5.6,1.65,2.11
996,1080,60,East Coast (North),200,2.69,2.74,1.79,2.27,2.54,3.19,2.75,10.45,6.28,9.28,7.02,15.14,7.72,5.64,3.65,5.78,6.99,4.08
997,1080,60,East Coast (North),200,1.5,0.56,2.61,4.52,5.56,4.86,5.69,3.5,3.13,4.36,6.65,5.7,6.05,9.73,8.82,7.33,11.01,8.42
998,1080,60,East Coast (North),200,0.07,0.77,4.3,11.87,13.17,2.44,4.31,3.04,3.61,5.18,5.06,9.59,16.12,7.99,5.09,4.76,2.2,0.43
999,1080,60,East Coast (North),200,2.51,5.68,1.15,4.34,5.26,7.67,15.86,17.74,11.13,5.77,4.99,7.25,3.92,3.14,1.61,1.43,0.28,0.27
1000,1080,60,East Coast (North),200,5.55,5.19,2.53,5.13,2.19,4.94,3.59,4.17,5.48,6.56,5.19,4.41,8.41,14.4,7.49,6.06,5.69,3.02
1001,1080,60,East Coast (North),200,6.03,7.04,10.45,4.88,5.62,7.99,4.04,5.38,6.96,4.27,2.97,2.55,11.7,7.91,1.75,3.11,3.25,4.1
1002,1080,60,East Coast (North),500,2.93,2.36,4.46,5.05,9.93,7.14,6.35,5.45,1.78,4.64,5.54,7.18,6.72,6.74,7.93,4.65,6.85,4.3
1003,1080,60,East Coast (North),500,2,3.65,2.48,1.26,2.58,7.94,5.63,1.51,4.1,6.62,7.98,12.24,11.58,11.67,9.04,7.17,1.73,0.82
1004,1080,60,East Coast (North),500,4.82,4.52,3.24,4.74,4.09,5.85,6.96,7.04,7.23,11.29,10.83,8.98,6.77,2.51,3.4,2.36,2.55,2.82
1005,1080,60,East Coast (North),500,1.99,1.09,1.78,3.47,6.73,4.96,5.08,7.84,6.35,4.27,6.46,11.44,6.1,8.03,12.71,8.65,1.98,1.07
1006,1080,60,East Coast (North),500,1.11,2.71,5.39,3.63,2.37,2.06,1.43,2.96,6.92,8.18,6.96,12.07,11.3,17.5,7.61,3.61,2.71,1.48
1007,1080,60,East Coast (North),500,0.27,0.16,1.49,7.94,12.01,5.57,5.66,9.16,12.51,8.26,5.81,6.82,6.15,3.15,2.72,3.25,4.88,4.19
1008,1080,60,East Coast (North),500,2.48,3.33,3.3,2.77,4.5,4.05,5.08,6.8,8.04,8.14,6.89,7.47,8.81,8.8,6.77,6.15,4.03,2.59
1009,1080,60,East Coast (North),500,6.72,9.7,9.1,9.35,9.71,8.73,13.1,5.06,2.17,4.23,0.58,0.59,0.93,0,0.04,0,9.38,10.61
1010,1080,60,East Coast (North),500,1.84,2.98,2.89,2.23,4.08,4.37,6.08,7.64,8.22,9.24,10.21,9.03,7.69,7.22,6.47,5.66,1.84,2.31
1011,1080,60,East Coast (North),500,5.25,5.14,4,2.36,1.63,0.5,6.29,7.07,3.26,10,8.54,5.5,5.54,8.36,7.22,6.15,8.77,4.42
1012,1080,60,East Coast (North),1000,5.85,6.88,6.79,5.73,5.62,4.38,4.36,5.18,4.03,4.32,4.6,4.99,4.73,4.71,7.29,8.46,6.96,5.12
1013,1080,60,East Coast (North),1000,2.78,5.34,4.41,1.43,4.29,7.71,5.15,1.32,3.7,7.21,8.8,11.6,11.35,10.21,7.23,5.56,1.29,0.62
1014,1080,60,East Coast (North),1000,5.11,4.5,3.4,4.89,3.98,5.76,6.82,7.1,6.84,10.73,10.73,8.91,6.34,2.44,3.62,2.56,3.27,3
1015,1080,60,East Coast (North),1000,2.87,5.53,4.81,4.67,6.06,5.29,6.3,6.45,5.88,5.96,9.06,7.4,9.13,4.92,5.29,2.55,3.47,4.36
1016,1080,60,East Coast (North),1000,6.28,5.76,6.12,10.69,10.49,14.82,11.95,10.23,5.76,3.77,2.4,1.99,2.19,1.79,1.88,1.31,1.35,1.22
1017,1080,60,East Coast (North),1000,1.43,1.48,1.45,2.73,2.76,2.67,3.18,4.33,4.72,6.83,8.65,8.8,10.41,10.4,8.71,7.96,7.49,6
1018,1080,60,East Coast (North),1000,1.01,0.48,1.96,7.77,10.3,8.93,6.35,8.35,10.64,8.07,6.66,6.83,5.43,3.88,2.49,3.28,4.33,3.24
1019,1080,60,East Coast (North),1000,5.86,4.74,3.17,2.02,1.27,1.91,7.99,5.33,5.26,10.98,6.6,5.87,7.17,7.79,7.11,6.48,7.83,2.62
1020,1080,60,East Coast (North),1000,1.55,1.87,4.76,6.28,5.71,6.6,5.7,3.67,3.59,4.7,5.03,7.68,10.6,8.15,8.47,6.77,5.21,3.66
1021,1080,60,East Coast (North),1000,4.77,6.27,6.9,10.13,10.4,10.69,9.81,7.32,6.62,4.34,1.75,0.67,4.37,4.32,3.62,3.15,1.81,3.06
1022,1080,60,East Coast (North),2500,3.39,13.68,18.52,14.9,2.47,2.4,4.06,5.09,3.86,4.69,3.48,3.35,2.39,2.87,3.63,3.48,3.7,4.04
1023,1080,60,East Coast (North),2500,5.16,7.9,8.26,6.31,5.73,5.52,4.49,3.67,3.96,3.87,4.26,4.51,4.82,5.03,4.72,6.64,8.47,6.68
1024,1080,60,East Coast (North),2500,4.56,4.05,3.39,4.21,4.29,5.93,9.56,4.06,5.33,2.78,3.62,4.82,5.78,8.29,6.66,10.38,5.13,7.16
1025,1080,60,East Coast (North),2500,6.37,6.27,6.76,4.33,7.74,1.36,1.48,4.51,5.39,8.72,8.39,4.57,5.74,3.6,4.59,6.87,4.99,8.32
1026,1080,60,East Coast (North),2500,2.47,3.18,3.26,4.09,3.35,4.57,4.77,5.67,4.81,4.92,6.14,8.25,7.82,10.6,8.51,8.87,5.37,3.35
1027,1080,60,East Coast (North),2500,4.68,3.81,4.96,5.29,4.63,3.9,6.92,8.72,6.83,3.82,2.4,5.98,7.18,8.49,5.56,5.21,5.93,5.69
1028,1080,60,East Coast (North),2500,5.91,10.95,6.85,7.82,6.59,4.06,3.08,4.9,7.84,9.64,3.53,6.13,3.27,2.47,2.24,4.51,4.76,5.45
1029,1080,60,East Coast (North),2500,1.37,5.25,3.44,3.56,2.26,2.61,2.88,5.5,7.51,7.89,9.4,10.69,14.41,12.33,4.62,2.77,2.36,1.15
1030,1080,60,East Coast (North),2500,5.31,3.41,3.55,4.03,3.32,4.06,7.25,5.88,6.69,7.42,6.5,6.41,5.51,5.42,5.34,7.27,5.6,7.03
1031,1080,60,East Coast (North),2500,2.57,2.84,3.65,2.77,3,3.63,4.57,4.76,6.73,7.54,7.82,8.55,9.16,8.33,8.94,6.87,4.55,3.72
1032,1080,60,East Coast (North),5000,6.22,7.21,4.08,4.64,6.41,2.13,3.22,2.27,4.33,7.35,7.41,7.39,4.2,3.64,8.28,6.8,10.21,4.21
1033,1080,60,East Coast (North),5000,12.33,16.84,13.4,2.94,2.81,4.43,5.36,3.78,4.92,3.73,3.51,2.74,2.94,4.55,4.34,4.05,4.12,3.21
1034,1080,60,East Coast (North),5000,5.25,7.7,7.98,6.18,5.93,5.51,4.69,3.99,3.59,3.71,4.51,4.75,4.98,5.27,5.1,6.23,8.15,6.48
1035,1080,60,East Coast (North),5000,7.63,6.24,6.24,4.02,6.98,1.46,1.4,4.19,5.09,7.64,7.86,5.16,5.16,4.77,5.27,6.34,5.6,8.95
1036,1080,60,East Coast (North),5000,3,3.03,3.5,5.05,4.44,5.05,5.87,11.19,6.16,6.72,5.67,4.57,4.85,5.24,7.08,9.4,3.57,5.61
1037,1080,60,East Coast (North),5000,4.47,4.41,5.32,4.28,5.35,8.37,3.61,4.69,3.29,3.56,4.83,6.33,8.43,7.42,9.98,5.06,7.07,3.53
1038,1080,60,East Coast (North),5000,2.04,0.86,0.35,0.96,4.59,3.16,4.72,4.64,7.08,4.79,7.78,8.44,6.28,6.96,6.59,9,13.78,7.98
1039,1080,60,East Coast (North),5000,3.11,2.9,3.32,4.08,2.9,3.07,3.82,4.75,5.16,7.17,7.97,7.74,8.34,8.37,7.89,8.92,6.57,3.92
1040,1080,60,East Coast (North),5000,2.27,1.35,2.94,1.93,4.3,5.74,7.46,10.93,9.8,9.14,11.59,8.6,8.88,7.15,3.04,1.84,1.76,1.28
1041,1080,60,East Coast (North),5000,1.42,5.05,3.15,3.62,3.24,4.26,4.14,5.46,7.29,7.64,8.93,9.87,13.01,11.13,4.43,2.94,2.8,1.62
1042,1080,60,East Coast (North),10000,6.4,7.47,4.12,4.9,6.32,2.11,3.26,2.3,4.42,7.27,7.28,7.51,4.13,3.61,8.13,6.65,9.93,4.19
1043,1080,60,East Coast (North),10000,6.34,5.87,6.29,4.29,7.83,2.45,1.71,4.56,5.5,6.8,8.09,4.96,4.69,4.47,5.29,6.64,5.57,8.65
1044,1080,60,East Coast (North),10000,1.66,8.4,6.09,4.7,7.8,4.12,4.84,4.1,3.81,4.94,5.18,4.09,7.23,6.46,7.78,6.57,5.16,7.07
1045,1080,60,East Coast (North),10000,3.65,3.29,3.95,6.43,5.02,4.76,5.34,9.78,4.96,5.51,5.45,3.5,6.99,5.82,6.25,9.64,4.41,5.25
1046,1080,60,East Coast (North),10000,11.31,15.55,12.52,3.12,3.14,4.75,5.54,4.1,5.09,3.98,3.63,2.88,3.11,4.69,4.4,4.25,4.43,3.51
1047,1080,60,East Coast (North),10000,6.88,5.81,6.06,5.7,5.23,5.19,4.39,4.31,5.02,5.09,5.25,5.84,5.38,5.71,7.45,6.16,5.8,4.73
1048,1080,60,East Coast (North),10000,0.67,1.26,1.57,2.82,1.82,1.44,4.68,6.75,13.14,10.34,9.28,8.18,2.84,7.23,6.44,5.24,9.76,6.54
1049,1080,60,East Coast (North),10000,3.7,3.41,3.85,4.45,3.08,3.35,4.01,4.93,5.74,6.89,7.68,7.53,7.99,7.49,7.22,8.58,6.43,3.67
1050,1080,60,East Coast (North),10000,1.96,1.66,2.71,2.2,3.82,3.32,6.75,8.31,6.83,7.88,8.1,11.48,11.67,9.83,4.57,3.09,4.87,0.95
1051,1080,60,East Coast (North),10000,2.6,2.67,5.56,9.02,9.43,9.83,7.71,8.04,8.09,6.27,3.71,3.01,3.5,4.71,4.48,5.35,3.28,2.74
1052,1080,60,East Coast (North),20000,8.02,5.25,4.42,4.73,8.37,4.49,5.08,5.19,3.75,7.28,5.57,5.68,8.97,4.41,5.33,4.17,4.24,5.05
1053,1080,60,East Coast (North),20000,3.93,4.36,4.62,3.88,3.84,4.87,5.64,5.51,6.68,7.08,7.1,7.8,6.98,6.47,7.83,6.46,3.77,3.18
1054,1080,60,East Coast (North),20000,5.41,6.31,5.52,4.86,4.11,3.65,3.7,4.59,4.99,5.82,7.05,6.76,6.61,7.51,6.32,5.84,5.14,5.81
1055,1080,60,East Coast (North),20000,6.43,7.5,6.68,6.76,5.72,5.63,6.22,4.76,3.1,1.84,3.12,5.04,6.4,5.74,6.82,7.49,8.4,2.35
1056,1080,60,East Coast (North),20000,5.06,6.2,5.49,6.35,6.48,3.93,5.51,5.8,4.81,4.54,5.82,6.3,5.54,6.81,5.08,6.51,4.22,5.55
1057,1080,60,East Coast (North),20000,3.54,2.81,3.85,3.74,5.9,4.76,7.44,8.21,6.63,8.16,7.58,9.63,11.57,8.26,2.92,1.79,2.69,0.52
1058,1080,60,East Coast (North),20000,3.22,5.66,9.24,6.44,6.38,6.93,9.92,7.51,6.65,6.09,4.25,5.77,5.49,5.06,3.22,2.96,2.4,2.81
1059,1080,60,East Coast (North),20000,4.7,7.54,7.3,7.56,7.3,6.31,7.14,7.85,8.04,6.5,5.17,6.7,3.92,1.83,3.03,3.93,4.07,1.11
1060,1080,60,East Coast (North),20000,0.77,1.43,1.04,0.88,1.04,3.32,5.42,6.63,17.2,21.82,11.09,9.14,6.27,4.93,4.14,2.34,0.93,1.61
1061,1080,60,East Coast (North),20000,2.41,3.18,3.51,4.25,5.78,10.19,11.42,10.49,9.63,7.24,6.49,5.36,7.76,5.98,3.2,1.73,1.04,0.34
1062,1080,60,East Coast (North),40000,3.78,4.17,4.59,6.59,5.25,4.57,6.99,6.26,5.51,6.95,8.61,5.66,5.46,5.18,4,6.03,5.62,4.78
1063,1080,60,East Coast (North),40000,1.77,3.13,4.67,6.7,7.41,9.48,9.41,8.58,8.04,10.17,10.96,9.12,6.47,2.05,1.7,0.23,0.1,0.01
1064,1080,60,East Coast (North),40000,4.31,5.03,3.89,3.51,3.75,3.42,4.47,6,5.72,8.05,7.1,6.51,5.89,6.25,7.68,8.05,6.52,3.85
1065,1080,60,East Coast (North),40000,2.78,3.62,4.3,4.88,6.37,9.73,10.51,9.98,8.89,6.86,6.43,5.71,7.54,5.8,3.31,1.83,0.97,0.49
1066,1080,60,East Coast (North),40000,8.2,8.58,6.94,7.43,5.85,5.55,5.66,4.47,3.57,1.85,2.58,4.31,6.11,4.96,6.35,6.78,7.94,2.87
1067,1080,60,East Coast (North),40000,3.12,5.27,5.33,5.47,5,7.66,5.97,7.17,6.38,6.25,5.68,4.1,4.31,4.51,5.09,6.66,5.66,6.37
1068,1080,60,East Coast (North),40000,4.6,5.4,7.94,8.75,9.28,6.8,6.39,5.44,5.08,4.53,3.76,5.89,6.61,5.74,4.54,3.27,2.85,3.13
1069,1080,60,East Coast (North),40000,6.09,5.73,6.81,2.8,6.09,4.08,6.27,5.82,5.62,5.71,7.38,7.66,5.53,5.72,5.06,4.81,3.88,4.94
1070,1080,60,East Coast (North),40000,3.58,5.99,5.72,4.45,5.42,5.61,5.33,5.34,6.81,5.61,5.72,5.51,6.21,5.92,5.46,5.37,6.46,5.49
1071,1080,60,East Coast (North),40000,4.53,5.58,3.75,5.85,4.26,3.35,4.53,5.2,5.59,7.33,6.71,9.22,7.62,5.97,5.61,5.24,5.55,4.11
1072,1440,60,East Coast (North),100,1.28,0.82,0.99,1.12,2.41,2.76,2.55,2.98,3.63,4.38,6.98,9.59,7.94,9.79,9.32,7.83,6.78,6,5,1.64,0.91,1.62,0.46,3.22
1073,1440,60,East Coast (North),100,1.11,3.4,2.77,3.29,2.28,5.8,4.26,4.56,4.6,6.1,4.27,4.75,5.84,4.37,3.59,4.59,8.25,8.18,1.08,2.56,2.05,7.04,4.54,0.72
1074,1440,60,East Coast (North),100,9.59,1.02,0,0.02,0,0.04,0.03,0.06,0.66,3.38,8.03,12.08,2.34,4.63,2.63,2.24,3.35,4.73,8.73,16,8.33,5.02,5,2.09
1075,1440,60,East Coast (North),100,1.24,0.64,3.98,1.81,0.62,4.36,3.55,3.42,8.15,9.83,11.3,8.5,8.39,9.99,5.26,1.26,1.95,1.98,2.97,3.02,3.3,0.76,2.36,1.36
1076,1440,60,East Coast (North),100,5.67,7.85,8.79,5.01,0.12,0.42,0.17,0.42,0.69,1.38,3.64,3.11,0.09,3.75,7.3,6.03,6.25,5.97,9.47,8.47,4.55,5.74,2.93,2.18
1077,1440,60,East Coast (North),100,0.63,0.96,1.51,1.72,1.69,1.81,2.56,3.08,4.48,2.91,1.79,1.46,2.34,4.42,5.63,6.47,6.94,8.76,7.34,8.38,10.85,8.06,3.77,2.44
1078,1440,60,East Coast (North),100,2.2,6.49,6.37,6.9,8.37,8.97,8.67,3.02,4.12,2.35,0.1,0.45,5.86,3.38,6.79,3.41,4.56,4.26,4.32,4.41,1.26,1.29,1.11,1.34
1079,1440,60,East Coast (North),100,1.69,0.13,0.69,0.07,1.23,1.5,2.18,5.47,5.9,2.64,6.07,3.81,3.61,4.6,2.53,0.12,0,1.15,3.25,19.45,16,8.55,7.2,2.16
1080,1440,60,East Coast (North),100,1.16,0.08,0.12,0.15,1.35,5.2,0.56,2.38,4.99,6.3,4.74,7.97,8.55,10.4,6.32,4.97,6.93,9.15,6.59,3.72,2.5,0.94,3.11,1.82
1081,1440,60,East Coast (North),100,3.83,2.65,2.45,1.23,0.99,2.3,2.94,5.98,4.4,0.97,0.97,0.9,2.38,0.68,2,2.02,3.29,7.99,10.26,8.85,6,9.63,14.46,2.83
1082,1440,60,East Coast (North),200,3.66,4.13,1.97,1.18,1.88,1.56,1.8,8.32,13.63,17.28,7.24,1.86,2.34,3.97,3.19,4.3,2.41,3.25,2.19,1.6,3.09,2.38,2.39,4.38
1083,1440,60,East Coast (North),200,1.65,1.78,2.26,2.61,1.69,1.34,3.21,2.63,2.36,3.21,3.81,3.64,5.21,6.75,6.71,7.58,6.1,7.17,7.99,6.92,6.1,4.63,2.75,1.9
1084,1440,60,East Coast (North),200,3.34,2.83,4.07,1.94,2.4,2.54,3.88,4.62,4.98,7.94,4.74,4.58,5.43,5.91,7.15,4.46,5.22,2.09,4.96,7.77,2.28,2.67,1.22,2.98
1085,1440,60,East Coast (North),200,2.12,3.35,2.91,1.79,2.3,2.35,1.53,1.94,2.19,2.74,2.36,8.96,5.38,7.96,6.02,12.98,6.62,4.84,3.14,4.96,6,3.49,1.83,2.24
1086,1440,60,East Coast (North),200,1.42,1.34,1.27,1.28,2.25,2.54,2.38,2.66,4.07,4.72,6.12,7.78,8.2,9.55,8.93,7.28,7.03,7.21,5.97,3.1,1.61,1.19,0.21,1.89
1087,1440,60,East Coast (North),200,5.84,4.75,5.2,4.1,6,2.86,1.77,4.26,1.32,2.68,2.54,3.76,5.98,3.49,9.13,4.77,1.92,1.25,1.47,7.42,4.44,3.12,4.94,6.99
1088,1440,60,East Coast (North),200,5.51,4.08,2,2.8,2.62,5.51,2.51,3.24,3.03,3.47,2.88,3,4.07,3.66,5.5,3.5,4.43,9.3,9.93,3.15,5.96,3.58,2.32,3.95
1089,1440,60,East Coast (North),200,1.21,0.92,2.05,0.42,0.75,0.97,1.85,1.61,6.23,8.76,4.76,5.99,6.19,6.74,8.52,6.38,4.76,9.23,4.56,5.03,2.43,6.01,3.6,1.03
1090,1440,60,East Coast (North),200,8.6,1.03,0,0.02,0,0.03,0.05,0.06,0.7,3.9,10.75,11.93,2.21,3.91,2.76,3.28,4.7,4.58,8.7,14.61,7.25,4.62,4.31,2
1091,1440,60,East Coast (North),200,7.09,4.38,6.83,7.66,9.35,6.01,4.69,3.66,2.65,2.7,2.7,1.74,2.06,2.13,1.09,2.55,3.36,2.69,2.67,4.23,2.64,5.32,5.17,6.63
1092,1440,60,East Coast (North),500,3.73,4.51,1.84,0.92,1.48,1.08,1.32,7.86,13.73,18.97,7.8,1.59,2.01,4.07,3.03,4.42,2.53,3.06,1.96,1.53,3.11,2.45,2.43,4.57
1093,1440,60,East Coast (North),500,2.33,2.09,3.6,2.68,2.55,2.06,3.79,4.14,8.46,6.18,5.39,4.58,1.51,3.99,4.61,6.15,5.77,5.92,6.82,3.95,6,3.62,1.07,2.74
1094,1440,60,East Coast (North),500,2.38,3.01,2.19,1.56,1.58,3.33,3.06,2.84,4.41,3.95,5.1,5.81,5.07,5.41,8.65,7.13,9.01,4.59,5.1,2.42,3.45,4.23,2.63,3.09
1095,1440,60,East Coast (North),500,1.38,0.88,1.02,0.81,1.85,0.73,0.75,3.88,3.47,1.79,1.11,5.09,7.2,3.28,1.28,4.61,8.37,10.58,9.14,11.12,10.35,6.25,4.13,0.93
1096,1440,60,East Coast (North),500,0.4,0.57,3.61,3.95,3,4.73,3.19,4.73,5,6.03,7.62,5.92,9.4,10.33,7.51,4.21,2,2.87,2.11,1.85,3.12,2.15,2.69,3.01
1097,1440,60,East Coast (North),500,1.37,0.95,2.98,4.13,4.73,8.23,8.37,6.66,9.88,8.39,8.27,7.81,2.77,1.56,1.69,0.89,0.79,0,0.03,0,0,12.05,6.21,2.24
1098,1440,60,East Coast (North),500,3.24,3.22,1.93,0.62,0.17,0.64,0.09,1.32,1.36,1.27,1.57,5.63,5.34,3.41,6.43,7.23,4.46,3.9,9.88,7.69,5.21,11.94,7.87,5.58
1099,1440,60,East Coast (North),500,1.66,1.8,2.44,2.54,1.69,1.51,3.17,2.72,2.46,3.21,3.87,3.68,5.15,7.02,6.82,7.26,5.96,7.04,7.96,6.84,6.01,4.56,2.75,1.88
1100,1440,60,East Coast (North),500,2.1,3.17,3.91,2.64,2.93,2.92,2.65,2.15,2.38,2.64,3.33,5.33,6.84,6.9,5.82,10.84,8.12,3.63,2.67,4.92,2.41,5.46,3.11,3.13
1101,1440,60,East Coast (North),500,8.24,2.4,1.08,2.14,0.84,1.02,0.4,4.6,4.5,3.52,2.07,1.43,0.44,5.52,6.2,2.86,8.78,7.49,4.82,4.86,7.34,6.34,5.41,7.7
1102,1440,60,East Coast (North),1000,3.48,3.27,3.66,2.97,3.65,4.65,5.48,5.41,4.57,4.48,3.5,3.47,4.13,3.22,3.44,3.67,3.98,3.76,3.76,5.82,6.74,5.55,4.08,3.26
1103,1440,60,East Coast (North),1000,2.4,2.26,3.75,2.57,2.27,3.35,3.67,5.53,8.89,3.97,5.23,2.56,2.96,4.41,4.87,7.01,5.27,8.41,4.33,5.63,3.64,3,1.97,2.05
1104,1440,60,East Coast (North),1000,2.23,1.8,3.3,2.63,2.47,6.25,5.2,5.73,3.37,6.06,0.67,1.12,3.78,4.27,7.79,7.11,3.91,5.47,3.09,3.94,5.76,4.1,6.89,3.06
1105,1440,60,East Coast (North),1000,2.09,3.21,2.72,3.19,2.64,3.14,2.62,1.99,2.21,4.35,3.77,3.52,4.86,4.18,5.32,5.66,5,5.17,8.12,6.57,8.46,4.22,4.77,2.22
1106,1440,60,East Coast (North),1000,0.64,1.63,4.51,3.97,3,4.32,3.51,5.08,6.02,6.27,6.04,9.48,9.48,7.87,5.59,2.14,3.19,2.26,2.89,2.65,2.61,2.64,2.99,1.22
1107,1440,60,East Coast (North),1000,2.62,4.16,5.69,2.98,3.44,3.15,3.74,2.63,2.92,3.19,4.89,5.98,5.78,8.68,4,8.04,5.69,3.25,2.69,3.79,2.29,4.14,2.66,3.6
1108,1440,60,East Coast (North),1000,9.39,4.9,1.01,0.28,2.47,1.08,0.16,3.27,5.12,3.75,2.2,1.38,1.19,2,7.63,3.18,5.18,10.47,5.91,5.45,5.88,6.11,5.36,6.63
1109,1440,60,East Coast (North),1000,0.36,0.82,0.58,0.77,1.14,1.58,1.37,1.42,1.35,2.54,2.69,2.62,2.97,4.29,4.59,6.5,8.27,8.29,9.81,9.75,8.29,7.41,6.97,5.62
1110,1440,60,East Coast (North),1000,0.06,0.13,0.98,5.14,6.36,7.12,10.06,9.92,9.69,8.9,6.41,5.96,3.88,1.58,0.5,4.01,3.98,3.24,2.88,1.6,2.7,4.09,0.78,0.03
1111,1440,60,East Coast (North),1000,1.76,2.46,2.87,5.53,6.92,7.79,6.39,9.37,2.86,1.4,2.04,2.57,1.8,9.2,5.34,5.42,7.95,7.64,2.39,1.38,1.6,2.39,2.39,0.54
1112,1440,60,East Coast (North),2500,5.28,3.76,1.34,1.39,1.72,1.41,2.87,11.63,15.77,12.68,2.1,2.04,3.45,4.33,3.28,3.99,2.96,2.85,2.04,2.45,3.1,2.97,3.15,3.44
1113,1440,60,East Coast (North),2500,3.41,2.83,4.1,6.29,6.57,5.01,4.56,4.39,3.56,2.92,3.16,3.08,3.39,3.59,3.84,4.01,3.75,5.27,6.74,5.32,4.03,3.47,3.34,3.37
1114,1440,60,East Coast (North),2500,2.01,2.34,2.52,3.91,3.47,2.9,3.59,3.66,5.07,8.16,3.47,4.55,2.37,3.1,4.12,4.94,7.08,5.69,8.88,4.38,6.12,3.41,2.62,1.64
1115,1440,60,East Coast (North),2500,2.83,1.99,1.39,2.17,2.81,2.88,3.63,2.97,4.05,4.22,5.02,4.26,4.36,5.44,7.3,6.92,9.37,7.53,7.85,4.75,2.97,1.89,1.61,1.79
1116,1440,60,East Coast (North),2500,1.51,1.64,1.1,2.47,1.58,0.9,3.16,5.01,4.81,2.77,5.15,6.24,4.14,1.99,3.1,5.47,7.46,10.86,10.15,9.12,5.67,3.97,1.11,0.62
1117,1440,60,East Coast (North),2500,0.7,1.82,4.35,3.78,3.32,4.5,3.59,5.05,5.75,6.21,5.36,8.21,8.45,6.98,4.79,2.1,3.51,3.41,4.09,2.92,3.16,3.34,3.46,1.15
1118,1440,60,East Coast (North),2500,3.61,2.48,4.81,2.92,2.78,3.28,2.78,3.44,6.25,5.15,6,6.34,5.67,5.27,4.49,4.09,3.98,5.83,4.7,5.71,3.27,3.35,1.64,2.16
1119,1440,60,East Coast (North),2500,2.9,2.86,2.43,3.42,0.5,1.2,2.13,3.77,5.93,5.56,4.06,2.37,4.09,5.27,5.35,5.25,4.92,5.5,4.74,6.09,6.21,4.96,6.71,3.78
1120,1440,60,East Coast (North),2500,1.07,0.96,1.19,0.56,0.97,0.61,1.3,4.96,3.26,3.36,2.14,2.47,2.73,5.21,7.11,7.45,8.89,10.12,13.64,11.67,4.38,2.62,2.24,1.09
1121,1440,60,East Coast (North),2500,4.13,1.95,1.8,3.99,2.02,3.25,3.74,4.05,2.54,5.42,4.09,2.32,6.01,7.32,3.48,6.84,5.58,4.64,5.97,3.31,5.28,4.04,4.55,3.68
1122,1440,60,East Coast (North),5000,5.12,5.96,3.38,3.84,5.3,1.77,2.66,1.88,3.59,6.08,6.13,6.11,3.48,3.01,6.85,5.62,8.44,3.48,2.28,5.57,2.57,2.14,2.31,2.43
1123,1440,60,East Coast (North),5000,3.3,2.88,4.13,6.09,6.31,4.89,4.68,4.35,3.71,3.16,2.85,2.93,3.57,3.75,3.94,4.16,4.03,4.92,6.44,5.12,4.24,3.62,3.36,3.57
1124,1440,60,East Coast (North),5000,3.57,5.68,3.98,1.71,1.66,2.01,1.73,3.07,10.19,13.91,11.07,2.43,2.32,3.66,4.43,3.13,4.06,3.09,2.9,2.27,2.43,3.76,3.59,3.35
1125,1440,60,East Coast (North),5000,2.12,3.73,2.75,2.91,6.31,5.16,5.16,3.33,5.77,1.22,1.16,3.48,4.22,6.33,6.51,4.28,4.27,3.95,4.36,5.24,4.64,7.41,3.04,2.65
1126,1440,60,East Coast (North),5000,2.94,4.39,3.52,3.51,3.88,8.18,4.89,5.61,4.99,4.19,4.24,4.05,5.25,7.44,2.91,3.81,2.73,1.93,1.97,3.38,3.2,3.57,4.35,5.07
1127,1440,60,East Coast (North),5000,2.08,2.14,2.67,3.77,3.84,3.78,4.56,3.66,4.57,7.16,3.09,4.02,2.81,3.04,4.14,5.42,7.22,6.35,8.53,4.33,6.05,3.02,2.36,1.39
1128,1440,60,East Coast (North),5000,1.22,1.55,2.04,2.68,2.75,2.56,2.92,3.58,2.55,2.69,3.36,4.17,4.53,6.3,7.01,6.8,7.33,7.35,6.93,7.84,5.78,3.44,2.96,1.66
1129,1440,60,East Coast (North),5000,2.68,3.2,3.69,2.16,1.24,1.67,2.5,2.43,4.24,6.96,6.07,6.3,5.71,6.16,6.65,6.04,3.14,3.54,2.93,4.46,3.86,5.98,5.05,3.34
1130,1440,60,East Coast (North),5000,3.7,3.24,4.8,3.04,2.95,4.8,7.06,2.25,2.73,5.61,6.57,6.45,6.73,9.25,8.26,4.47,2.82,2.19,1.79,2.65,2.54,2.01,1.66,2.43
1131,1440,60,East Coast (North),5000,2.11,1.27,2.75,1.8,4.01,5.37,6.97,10.21,9.15,8.53,10.83,8.02,8.3,6.68,2.84,1.72,1.65,1.2,0.35,0.02,0.07,0.09,0.33,5.73
1132,1440,60,East Coast (North),10000,5.32,6.16,3.4,4.04,5.22,1.74,2.69,1.89,3.65,6,6.01,6.2,3.4,2.98,6.7,5.49,8.19,3.46,2.28,5.47,2.65,2.28,2.38,2.4
1133,1440,60,East Coast (North),10000,2.47,4.2,3,2.93,5.35,4.8,4.92,3.39,6,1.77,1.3,3.64,4.38,5.61,6.52,4.1,4.28,3.79,4.15,5.29,4.64,6.97,2.9,3.6
1134,1440,60,East Coast (North),10000,3.09,4.84,4.27,4.12,4.5,7.92,4.34,4.37,3.96,2.96,4.98,4.68,4.9,7.08,3.28,4.73,2.29,1.98,3.24,4.31,3.13,2.91,3.08,5.04
1135,1440,60,East Coast (North),10000,3.74,5.18,5.33,4.51,4.71,4.43,4.07,4.02,3.41,3.35,3.9,3.96,4.08,4.54,4.18,4.44,5.79,4.79,4.5,3.68,3.38,3.85,3.86,2.3
1136,1440,60,East Coast (North),10000,3.56,5.57,4.05,1.99,1.96,2.31,1.95,3.12,9.29,12.76,10.26,2.55,2.57,3.9,4.54,3.36,4.18,3.26,2.98,2.36,2.55,3.84,3.61,3.48
1137,1440,60,East Coast (North),10000,1.35,1.66,2.34,3.06,3.26,3,3.2,3.82,2.64,2.92,3.29,4.2,5.06,5.82,6.52,6.51,7.1,6.58,6.57,7.58,5.7,3.23,2.99,1.6
1138,1440,60,East Coast (North),10000,2.77,1.71,1.01,1.37,2.15,2.1,4.71,5.7,6.76,6.34,4.94,6.82,6.9,6.63,3.52,3.67,2.83,4.76,4.96,6.67,5.07,3.81,3.71,1.09
1139,1440,60,East Coast (North),10000,0.87,0.92,2.41,3.98,4.06,5.92,5.76,5.51,6.99,6.5,6.84,5.94,6.03,6.04,4.59,2.76,1.3,1.92,2.34,2.87,2.23,5.43,4.36,4.43
1140,1440,60,East Coast (North),10000,0.02,3.16,3.97,3.5,5.19,3.31,3.22,5.19,7.67,2.48,3.1,5.7,6.85,6.66,6.76,8.26,7.45,3.73,2.54,2.21,1.9,2.53,2.54,2.06
1141,1440,60,East Coast (North),10000,4.07,4.22,3.82,6.98,9.58,5.12,5.36,5.05,7.83,5.34,5.25,4.66,2.08,4.54,3.88,3.73,2.48,2.26,1.45,2.25,2.13,2.66,2.35,2.91
1142,1440,60,East Coast (North),20000,4.78,5.64,4.84,5.03,3.2,2.85,1.55,3.38,3.17,4.09,2.24,3.8,3.93,2.51,1.41,1.99,5.93,3.79,8.5,8.85,3.47,4.54,5.04,5.47
1143,1440,60,East Coast (North),20000,2.89,3.72,4.26,4.01,5.11,4.18,3.29,3.08,2.47,2.62,3.32,3.39,4.24,5.29,5.11,5.48,5.72,4.75,4.47,4.15,5.16,5.61,4.89,2.79
1144,1440,60,East Coast (North),20000,0.94,2.4,3.72,3.79,5.73,5.44,5.14,6.15,5.52,5.95,5.09,5.14,5.19,4.08,2.6,1.41,2.47,3.51,4.35,3.83,5.2,5.04,5.63,1.68
1145,1440,60,East Coast (North),20000,0.05,0.47,1.07,1.58,2.38,2.22,2.72,5.71,7.41,10.18,8.92,9.25,8.41,5.41,6.4,4.87,4.28,6.59,5.11,1.27,2.25,1.59,0.06,1.8
1146,1440,60,East Coast (North),20000,1.44,1.33,1.56,1.99,2.92,3.49,3.41,3.79,4.03,3.39,3.34,4.25,4.93,4.81,5.83,6.18,6.2,6.81,6.1,5.65,6.83,5.64,3.3,2.78
1147,1440,60,East Coast (North),20000,3.15,2.5,2.51,2.09,3.73,3.59,3.15,3.29,5.19,4.37,5.82,5.17,4.91,3.77,3.64,3.86,4.88,5.75,8.07,5.53,6.79,4.35,2.67,1.22
1148,1440,60,East Coast (North),20000,4.55,5.76,4.93,5.63,5.66,3.61,4.84,5.1,4.4,4.12,5.44,5.89,5.22,5.74,4.5,5.82,3.68,4.51,1.73,1.33,1.63,0.48,2.15,3.28
1149,1440,60,East Coast (North),20000,5.66,4.08,2.25,2.13,2.43,2.07,3.08,8.59,11.8,9.64,2.58,2.67,3.88,4.46,3.37,4.17,3.28,2.95,2.35,2.51,4.59,4.2,3.58,3.68
1150,1440,60,East Coast (North),20000,3.37,3.83,3.6,3.66,4.04,2.73,2.49,2.83,3.84,3.77,4.1,4.49,5.21,4.74,5.7,5.62,5.97,5.14,3.81,3.52,5.91,4.68,3.8,3.15
1151,1440,60,East Coast (North),20000,1.25,1.69,2.05,4.32,6.97,6.76,6.98,6.76,5.84,6.61,7.27,7.44,6.02,4.78,6.19,3.63,1.69,2.81,3.63,3.77,1.03,0.87,0.39,1.25
1152,1440,60,East Coast (North),40000,1.62,3.13,1.58,3.05,3.37,3.7,5.32,4.23,3.7,5.64,5.05,4.45,5.6,6.95,4.57,4.41,4.19,3.23,4.87,4.54,3.86,6,3.04,3.9
1153,1440,60,East Coast (North),40000,1.78,1.67,1.73,2.22,3.12,3.94,3.75,4.01,4.15,3.57,3.5,4.14,4.74,4.87,5.44,5.8,6.04,6.62,5.61,5.6,6.52,5.41,3.17,2.6
1154,1440,60,East Coast (North),40000,2.81,3.83,4.38,3.47,4.58,3.94,3.56,3.08,2.66,2.77,3.34,3.46,4.24,5.32,5.08,6.11,5.84,4.98,4.37,4.55,5.33,5.3,4.36,2.64
1155,1440,60,East Coast (North),40000,4.24,6.63,6.44,6.26,6.55,5.31,5.68,4.48,4.24,4.33,3.41,2.73,1.41,1.98,3.3,4.67,3.8,4.85,5.18,6.07,2.19,2.05,2.98,1.22
1156,1440,60,East Coast (North),40000,3.09,2.69,3.76,3.77,3.21,3.03,2.51,4.24,4.29,4.39,4.02,6.16,4.8,5.77,5.14,5.03,4.58,3.29,3.46,3.62,4.09,5.37,4.56,5.13
1157,1440,60,East Coast (North),40000,4.14,4.85,7.13,7.84,8.33,6.09,5.73,4.88,4.56,4.06,3.37,5.27,5.94,5.14,4.07,2.94,2.55,2.81,2.01,1.71,1.9,1.91,1.52,1.25
1158,1440,60,East Coast (North),40000,3.07,3.7,4.25,4.38,4.54,3.62,3.07,2.9,2.24,3.85,4.23,4.26,4.28,3.44,3.27,3.57,4.51,6.12,5.76,5.81,5.21,4.57,4.86,4.49
1159,1440,60,East Coast (North),40000,3.27,3.8,3.74,4.31,4.66,3.93,4.33,3.26,4.2,4.31,5.25,5.36,6.44,4.22,5.23,5.25,5.08,4.7,4.04,3.34,4.1,3.08,2.43,1.67
1160,1440,60,East Coast (North),40000,2.9,3.09,2.46,3.04,1.85,2.43,2.25,3.9,6.75,6.06,6.88,4.63,4.62,3.8,4.19,4.05,4.83,3.76,3.3,3.77,5.2,5.62,6.48,4.14
1161,1440,60,East Coast (North),40000,0.67,2.48,2.57,0.35,0.78,0.54,0.29,1.41,0.29,3.42,1.19,4.21,10.01,10.32,7.93,8.25,9.15,4.22,3.82,9.32,4.15,4.85,6.6,3.18
1162,2160,120,East Coast (North),100,1.51,2.05,1.07,2.69,5.39,14.98,4.62,0.53,1,4.52,2.89,9.95,11.06,13.91,11.72,7.81,2.96,1.34
1163,2160,120,East Coast (North),100,2.03,3.8,8.31,7.93,10.99,16.78,1.19,0.21,1.07,5.39,6.48,14.92,7.08,2.24,3.25,3.28,2.91,2.14
1164,2160,120,East Coast (North),100,7.07,3.81,8.97,13.63,19.14,4.66,6.62,3.1,3.5,2.33,1.52,0.16,0.7,2.82,1.99,8.87,8.45,2.66
1165,2160,120,East Coast (North),100,3.02,2.08,4.07,1.92,2.81,2.76,16.44,4.76,1.6,1.77,11.54,9.5,4.89,5.93,12.37,7.37,4.24,2.93
1166,2160,120,East Coast (North),100,1.85,0.79,0.49,6.55,0.5,3.36,11.77,4.64,13.06,9.31,10.92,3.01,4.75,6.51,8.17,3.21,4.79,6.32
1167,2160,120,East Coast (North),100,2.26,2.99,3.92,5.57,7.21,11.29,11.7,7.63,7.88,5.82,6.05,4.86,3.22,3.12,6.69,5.1,2.56,2.13
1168,2160,120,East Coast (North),100,5.5,0.69,1.67,1.02,2.38,1.94,1.47,3.9,6.17,7.52,2.93,8.7,6.57,13.84,16.69,5.31,6.01,7.69
1169,2160,120,East Coast (North),100,13.01,16.82,16.76,5.84,6.28,0.91,3.16,0.59,1.26,0.06,0.55,1.97,0.89,18.42,7.77,4.49,0.25,0.97
1170,2160,120,East Coast (North),100,0.17,0.67,2.79,11.16,11.53,14.49,2.97,6.33,13.74,5.98,1.51,0.34,1.51,2.39,9.47,13.51,0.76,0.68
1171,2160,120,East Coast (North),100,16.06,6.94,6.75,4.43,3.91,3.53,2.34,0,0.25,0.3,0.26,0.35,0.1,0.41,2.59,11.66,21.82,18.3
1172,2160,120,East Coast (North),200,2.99,3.88,5.75,2.65,2.85,8.4,25.64,7.7,5.18,6.03,4.72,3.25,4.26,5.35,2.96,2.4,2.99,3
1173,2160,120,East Coast (North),200,9.94,6.81,8.21,9.53,8.97,6.25,5.38,3.21,1.09,0.29,0.54,3.55,1.66,2.45,3.95,11.93,9.52,6.72
1174,2160,120,East Coast (North),200,5.32,3.44,3.82,6.37,9.21,7.52,7.63,8.62,4.34,9.72,3.17,3.74,2.08,1.09,1.16,3.69,8.5,10.58
1175,2160,120,East Coast (North),200,2.68,2.33,1.98,2.7,2.56,2.99,4.19,3.04,4.96,5.37,6.98,11,11.77,12.56,11.95,7.9,2.97,2.07
1176,2160,120,East Coast (North),200,6.23,4.23,9,0.37,1.46,3.89,7.65,2.68,1.37,3.7,5.37,2.36,5.79,6.42,13.24,7.56,9.98,8.7
1177,2160,120,East Coast (North),200,2.87,5.09,5.1,2.39,3.94,7.9,6.95,6.61,4.5,2.98,4.71,7.07,10.37,2.37,6.63,5.65,8.91,5.96
1178,2160,120,East Coast (North),200,3.54,6.48,4.51,4.06,6.12,4.36,4.94,5.59,7.1,6.26,15.06,6.84,4.35,5.9,1.69,3.85,4.47,4.88
1179,2160,120,East Coast (North),200,3.01,4.36,3.76,3.72,2.77,3.93,9.05,10.67,15.18,9.16,6.46,7.58,3.25,2.88,3.47,3.55,3.8,3.4
1180,2160,120,East Coast (North),200,3.5,1.72,1.62,2.01,4.31,6.52,6.01,6.95,7.62,9.93,9.74,15.38,1.54,0.15,1.29,3.75,11.75,6.21
1181,2160,120,East Coast (North),200,4.22,4.8,7.03,6.2,5.16,3.48,7.36,5.24,2.37,6.75,5.75,7.25,1.92,3.71,2.78,5.64,10.82,9.52
1182,2160,120,East Coast (North),500,2.92,4.06,6.81,2.28,2.12,7.57,27,7.75,5.04,6.15,4.62,2.88,4.6,5.78,2.66,1.75,2.91,3.1
1183,2160,120,East Coast (North),500,4.36,2.49,0.95,4.14,5.2,5.75,5.46,7.52,7.06,6.63,6.96,5.5,6.44,5.54,9.43,7.54,4.68,4.35
1184,2160,120,East Coast (North),500,1.79,3.76,5.32,3.91,6.73,12.41,8.45,4.67,9.12,9.9,9.13,8.15,3.23,2.86,0.42,4.01,3.17,2.97
1185,2160,120,East Coast (North),500,1.34,3.39,4.43,4.58,3.99,3.3,5.05,6.45,8.96,9.37,13.12,12.52,7.81,5.45,5.42,2.81,0.62,1.39
1186,2160,120,East Coast (North),500,1.7,1.97,4.47,1.99,1.17,1.86,1.77,2.09,1.38,5.28,3.46,9,5.67,8.97,16.32,18.53,12.5,1.87
1187,2160,120,East Coast (North),500,6.65,4.1,8.29,0.39,1.47,4.02,7.93,2.55,1.36,3.95,5.43,2.42,5.47,6.24,13.04,8.02,9.74,8.93
1188,2160,120,East Coast (North),500,9.66,7.05,8.47,9.4,8.98,7.09,5.56,3.62,1.21,0.38,0.64,3.17,1.56,2.33,3.55,10.78,9.4,7.15
1189,2160,120,East Coast (North),500,4.6,2.87,3.66,7.19,9.83,8.2,8.13,8.68,4.45,9.69,3.16,3.92,2.36,1.2,1.28,3.37,7.97,9.44
1190,2160,120,East Coast (North),500,3.29,6.83,4.41,3.91,3.64,5.2,10.13,10.86,14.67,5.83,6.13,6.81,4.18,3.2,3.17,2.95,2.32,2.47
1191,2160,120,East Coast (North),500,2.75,2.32,2.06,2.75,2.59,3.12,4.14,3.16,5.05,5.53,6.94,11.29,11.43,12.37,11.83,7.75,2.97,1.95
1192,2160,120,East Coast (North),1000,4.39,2.46,1.06,3.77,4.86,5.49,5.26,8.01,7.9,6.31,6.02,5.28,6.07,5.97,9.94,7.63,5.05,4.53
1193,2160,120,East Coast (North),1000,2.41,3.92,5.35,4.76,7.8,10.9,6.59,6.24,10.05,11.59,8.43,5.62,3.41,2.46,0.29,5.1,2.43,2.65
1194,2160,120,East Coast (North),1000,0.21,0.19,0.55,1.69,4.58,5.12,5.02,4,5.68,6.32,7.83,9.5,8.81,12.73,10.98,6.05,6.16,4.58
1195,2160,120,East Coast (North),1000,5.61,3.53,7.18,0.62,1.46,8.63,4.44,2.06,0.93,6.32,4.49,1.93,7.24,6.29,12.33,8.52,8.63,9.79
1196,2160,120,East Coast (North),1000,2.65,5.53,5.42,6.59,4.38,6.43,10.6,9.75,14.41,5.34,5.15,6.67,4.52,3.13,2.97,2.4,1.75,2.31
1197,2160,120,East Coast (North),1000,1.92,6.37,3.82,0.03,1.71,1.62,0.07,0.23,7.26,12.43,15.87,15.14,10.07,2.6,7.6,5.78,3.62,3.86
1198,2160,120,East Coast (North),1000,7.59,9.56,11.31,9.21,10.75,8.5,6.59,1.36,1.09,0.75,1.91,1.04,1.98,2.21,3.85,9.26,10.14,2.9
1199,2160,120,East Coast (North),1000,13.13,5.69,4.18,7.6,12.28,6,4.74,6.06,5.65,7.15,7.67,6.1,7.18,3.54,0.78,1.57,0.09,0.59
1200,2160,120,East Coast (North),1000,3.64,4.13,1.05,1.98,4.15,6.16,4.47,5.54,6.63,6.1,5.1,4.85,7.02,8.76,10.26,8.62,6.54,5
1201,2160,120,East Coast (North),1000,6.26,5.81,6.66,4.38,5.8,8.91,1.7,3.94,5.34,8.3,1.66,2.62,2.76,4,6.94,15.25,5.04,4.63
1202,2160,120,East Coast (North),2500,3.19,4.84,7.22,2.19,2.51,11.63,22.81,3.32,6.24,5.83,4.66,3.6,4.85,5.29,3.55,2.47,3.13,2.67
1203,2160,120,East Coast (North),2500,3.99,2.11,1.19,3.25,4.47,5.26,5.54,10.26,7.65,6.36,4.86,5.16,5.94,6.2,9.59,7.46,5.43,5.28
1204,2160,120,East Coast (North),2500,4.28,8.89,2.98,7.96,5.1,2.74,2.97,4.43,5.19,7.44,7.3,1.62,5.82,8.79,5.53,5.39,6.81,6.76
1205,2160,120,East Coast (North),2500,2.77,4.16,6.32,5.56,7.46,9.96,5.93,6.16,10.3,12.46,8.98,5.17,2.86,2.06,0.25,4.45,2.31,2.84
1206,2160,120,East Coast (North),2500,5.02,6.01,6.8,8.8,8.93,12.64,14.87,10.62,4.6,3.26,2.65,1.96,2.03,1.77,1.74,3.23,2.53,2.54
1207,2160,120,East Coast (North),2500,1.88,4.73,5.33,4.83,4.47,6.52,7.48,8.8,9.09,8.54,11.16,9.42,5.29,5.15,4.42,1.37,0.49,1.03
1208,2160,120,East Coast (North),2500,5.71,5.01,0.91,0.62,1.51,6.93,4.18,4.3,1.41,5.28,7.74,4.44,7.6,8.87,9.21,8.96,8.91,8.41
1209,2160,120,East Coast (North),2500,4.19,5.57,9.14,4.98,8.38,10.7,7.74,11.94,5.91,4.26,5.82,4.21,3.44,3.3,2.88,2.24,3.03,2.27
1210,2160,120,East Coast (North),2500,2.09,6.47,6.85,11.45,7.65,3.17,3.42,6.03,7.06,9.42,10.52,10.79,6.13,3.45,2.45,1.68,0.77,0.6
1211,2160,120,East Coast (North),2500,2.18,1.15,2.43,8.13,11.14,3.84,3.13,5.35,10.73,6.85,4.47,5.59,4.88,6.78,7.64,6,6.72,2.99
1212,2160,120,East Coast (North),5000,2.97,3.86,1.68,2.29,3.72,5.02,4.91,7.42,8.66,7.65,6,4.94,6.15,6.84,7.36,9.23,6.12,5.18
1213,2160,120,East Coast (North),5000,2.29,3.97,7.31,4.49,2.9,3.79,19.02,10.64,4.72,5.97,5.65,4.07,4.87,5.46,4.79,3.54,3.32,3.2
1214,2160,120,East Coast (North),5000,3.73,5.83,6.96,11.29,7.65,4.2,5.67,8.04,5.59,4.58,7.01,7.59,7.35,6.53,1.42,0.85,2.92,2.79
1215,2160,120,East Coast (North),5000,1.81,3.7,5.65,6.69,7.23,10.31,6.24,5.14,8.39,11.92,11.31,7.97,3.3,2.41,0.59,1.47,3.44,2.43
1216,2160,120,East Coast (North),5000,5.22,3.56,4.28,2.79,4.11,10.56,13.53,10.71,9.9,4.62,5.48,6.31,3.82,3.31,3.5,1,4.04,3.26
1217,2160,120,East Coast (North),5000,8.66,10.33,7.49,10.51,9.67,6.91,6.69,3.59,3.61,4.5,4.18,4.2,3.56,2.92,2.64,3.7,2.87,3.97
1218,2160,120,East Coast (North),5000,2.34,5.23,5.95,4.58,5.4,8.53,10.36,11.67,8.67,8.5,8.82,6.9,3.84,3.57,3.33,1.07,0.55,0.69
1219,2160,120,East Coast (North),5000,0.4,0.08,0.4,1.01,2.75,6.33,7.16,7.06,8.48,7.6,11.87,14.57,11.61,4.57,4.05,4.15,3.72,4.19
1220,2160,120,East Coast (North),5000,8.2,6.3,1.22,0.27,0.81,2.55,5.68,6.06,2.54,2.57,12.27,8.83,6.39,6.64,6.74,6.43,7.78,8.72
1221,2160,120,East Coast (North),5000,0.27,1.2,1.03,3.67,7.41,7.32,6.18,6.2,5.01,5.19,5.86,7.69,8,8.94,7.07,7.86,7.32,3.78
1222,2160,120,East Coast (North),10000,8.84,5.72,5.35,3.53,7.42,9.39,4.91,9.38,8.96,5.98,3.8,3.68,6.01,7.35,1.48,0.55,3.75,3.9
1223,2160,120,East Coast (North),10000,8.17,2.88,6.55,7.68,4.53,2.76,5.15,4.56,6.66,5.66,5.36,3.42,6.54,6.38,5.79,6.28,7.61,4.02
1224,2160,120,East Coast (North),10000,3.17,4.49,4.47,7.18,7.95,7.37,6.53,5.45,6.34,6.95,6.95,8.52,6.6,5.84,4.97,2.64,2.35,2.23
1225,2160,120,East Coast (North),10000,2.31,3.93,7.13,4.74,3.35,3.97,17.29,10.06,5.08,6.21,5.83,4.19,5.02,5.57,5.09,3.64,3.41,3.18
1226,2160,120,East Coast (North),10000,2.55,4.96,5.7,5.89,10.63,8.04,5.99,4.98,8.95,6.21,4.52,5.79,7.13,7.71,5.59,1.66,1.08,2.62
1227,2160,120,East Coast (North),10000,7.78,7.4,6.9,5.69,2.19,1.94,0.96,1.91,1.77,1.72,2.04,2.97,1.03,5.76,4.47,9.32,25.04,11.11
1228,2160,120,East Coast (North),10000,5.12,3.48,4.14,2.67,3.63,10.07,13.31,10.87,9.91,4.65,5.67,6.8,4.16,3.4,3.69,1.09,4,3.34
1229,2160,120,East Coast (North),10000,3.49,6.46,8.41,11.45,8.1,10.27,7.72,5.17,5.92,3.69,2.89,3.73,4.1,4.75,3.96,3.07,3.07,3.75
1230,2160,120,East Coast (North),10000,4.75,5.67,6.98,3.45,5.39,3.58,6.05,6.96,5.2,2.77,7.82,10.65,6.2,3.52,4.65,6.51,3.88,5.97
1231,2160,120,East Coast (North),10000,1.43,3.39,3.32,4.08,5.29,3.34,3.53,3.2,3.91,3.5,7.6,8.6,8,5.67,10.83,13.5,8.44,2.37
1232,2160,120,East Coast (North),20000,0.94,1.13,2.07,2.54,5.51,5.86,7.92,6.99,8.78,6.93,7.4,7.61,8.38,6.14,5.55,6.16,4.44,5.65
1233,2160,120,East Coast (North),20000,3.13,3.69,3.63,5.88,7.11,7.27,5.31,4.4,5.73,7.8,8.29,8.49,6.77,7.75,5.49,3.09,3.25,2.92
1234,2160,120,East Coast (North),20000,2.4,1.61,2.55,1.75,1.29,3.34,0.62,1.18,4.39,6.84,12.34,9.89,7.57,7.32,9.6,10.21,9.46,7.64
1235,2160,120,East Coast (North),20000,3.4,3.93,3.35,2.72,12.24,6.63,6.2,7.83,1.83,1.33,3.26,5.94,3.32,2.73,3.23,8.13,9.13,14.8
1236,2160,120,East Coast (North),20000,4.1,4.54,2.5,2.97,7.91,9.49,10.39,10.86,5.25,6.09,9.23,7.32,3.91,3.22,1.18,3.42,4.5,3.12
1237,2160,120,East Coast (North),20000,2.04,2.2,2.78,4.6,6.28,7.11,6.18,8.21,9.62,11.26,11.72,11.53,8.07,3.78,1.61,1.78,0.7,0.53
1238,2160,120,East Coast (North),20000,4.04,7.31,4.92,3.54,4.02,15.85,9.5,5.08,6.09,5.79,4.11,5.52,6.05,5.22,3.78,3.51,3.65,2.02
1239,2160,120,East Coast (North),20000,8.58,7.82,2.07,1.13,1.51,4.55,4.37,4.36,2.81,4.25,9.35,7.85,6.73,6.9,7.01,5.89,7.31,7.51
1240,2160,120,East Coast (North),20000,4.88,5.23,6.06,6.27,4.26,5.44,6.44,7.93,8.53,9.46,7.3,7.69,6.92,4.51,2.94,1.5,2.11,2.53
1241,2160,120,East Coast (North),20000,4.45,5.71,12.06,8.8,11.01,7.64,4.69,5.84,4.65,2.79,3,3.4,4.59,6.63,4.31,3.89,4.23,2.31
1242,2160,120,East Coast (North),40000,0.5,1.71,2.62,3.83,3.72,5.68,7.69,7.51,7.64,10.1,7.21,5.97,7.56,7.93,5.59,4.76,5.92,4.06
1243,2160,120,East Coast (North),40000,3.44,3.69,4.26,5.49,6.31,6.62,4.66,3.83,4.78,6.32,7.47,7.72,6.73,8.96,6.93,4.27,4.7,3.82
1244,2160,120,East Coast (North),40000,0.67,2.13,2.03,3.08,3.53,6.31,6.95,6.91,6.84,8.6,10.06,11.34,10.04,10.69,5.17,2.39,2.08,1.18
1245,2160,120,East Coast (North),40000,0.63,0.91,1.67,3.14,6.53,10.98,10.74,9.28,7.44,6.75,3.71,4.55,7.29,8.9,7.54,4.99,2.97,1.98
1246,2160,120,East Coast (North),40000,1.99,3.5,3.6,4.12,4.4,5.11,5.55,4.41,6.78,6.69,8.71,8.67,7.64,5.37,6.13,7.88,6.65,2.8
1247,2160,120,East Coast (North),40000,4.63,3.79,4.24,5.04,4.3,5.14,5.61,6.33,5.48,4.38,4.76,6.22,6.37,4.71,7.49,8.05,6.87,6.59
1248,2160,120,East Coast (North),40000,3.13,5.5,9.58,12.96,9.47,7.56,5.95,8.98,7.38,4.39,3.86,2.89,2.76,2.56,4.17,4.59,2.01,2.26
1249,2160,120,East Coast (North),40000,11.89,8.86,2.14,1.04,1.57,4.19,4.18,3.63,2.75,4.3,9.24,7.84,5.74,5.39,5.83,5.16,8.32,7.93
1250,2160,120,East Coast (North),40000,5.93,7.36,7.56,7.52,8.26,4.28,3.85,2.49,2.2,2.2,3.63,3.79,3.71,8.45,9.16,7.25,8.14,4.22
1251,2160,120,East Coast (North),40000,2.86,2.83,3.96,3.8,6.23,2.5,4.33,1.65,4.43,3.72,7.54,8.21,6.64,8.23,8.42,8.3,11.17,5.18
1252,2880,120,East Coast (North),100,3.95,7.09,5.32,10.23,11.09,0.78,0.22,1.6,4.46,6.78,11.37,3.89,1.52,3.61,1.52,2.84,0.79,0.14,0.26,3.27,3.05,5.76,6.88,3.58
1253,2880,120,East Coast (North),100,0.39,0.62,0.07,3.61,7.52,8.61,10.6,14.23,17.37,2.17,0.01,0.08,0.67,0.28,0,0,0,0.09,2.63,15.06,8.77,4.75,1.14,1.33
1254,2880,120,East Coast (North),100,1.43,6.14,3.23,9.68,12.23,15.14,5.11,6.5,1.93,4.45,0.76,1.42,0.04,2.9,1.6,2.85,9.12,5.78,0.79,3.02,3.17,1.3,0.9,0.51
1255,2880,120,East Coast (North),100,1.73,0.68,1.18,1.46,2.54,3.31,5.22,5.65,5.77,4.46,7.36,9.41,9.29,3.32,8.3,1.28,0.16,1.64,5.93,16.28,0.03,1.42,2.17,1.41
1256,2880,120,East Coast (North),100,2.05,0.37,0.12,0.29,11.22,11.45,4.77,8.9,8.91,12.12,3.18,1.74,1.84,0.35,0.02,0,0,0.05,5.6,7.08,6.11,7.47,1.67,4.69
1257,2880,120,East Coast (North),100,2.25,3.06,2.61,2.33,2,5.08,13.16,3.86,1.07,1.97,13.04,7.39,3.83,6.5,11.26,6.29,3.01,2.32,0.82,1.29,0.22,0.07,0.01,6.56
1258,2880,120,East Coast (North),100,2.58,2.23,2.16,0.52,0.44,1.24,1.8,2.53,2.85,5.02,6.26,7.96,12.94,6.73,7.58,5.55,5.15,5.25,2.86,2.85,4.81,5.7,3.07,1.92
1259,2880,120,East Coast (North),100,1.78,0.97,0.77,0.57,1.34,0.89,0.61,4.74,2.05,1.31,11.7,4.76,10.56,9.98,10.67,3.76,4.28,5.62,8.12,2.23,5.88,3.84,2.47,1.1
1260,2880,120,East Coast (North),100,13.84,5.77,5.94,4.67,3.01,3.57,2.67,0.14,0.01,0.47,0.19,0.15,0.28,0.37,0.92,7.61,21.74,15.41,3.04,0.3,1.5,2.85,3.56,1.99
1261,2880,120,East Coast (North),100,3.16,6.44,7.72,14.95,20.27,0.97,1.76,2.96,4.37,0.25,0.25,1.08,1.67,6.07,1.01,0,0.08,0.08,1.75,0.22,5.79,16.64,1.32,1.19
1262,2880,120,East Coast (North),200,1.86,1.81,0.38,0.46,0.99,1.06,0.21,0.46,0.81,2.25,4.54,3.68,4.04,2.13,4.64,5.52,7.26,9.05,11.92,13.92,8.3,5.05,5.91,3.75
1263,2880,120,East Coast (North),200,1.26,1.48,1,2.01,9.09,6.23,7.5,8.72,8.2,5.71,4.93,2.94,0.99,0.27,0.49,3.24,1.52,2.23,3.61,10.91,8.71,6.15,0.93,1.88
1264,2880,120,East Coast (North),200,0.6,1.4,1.38,0.99,2.2,2.42,1.72,2.48,2.31,2.76,3.91,2.42,4.7,4.48,5.99,9.6,11.47,10.65,11.98,8.63,3.73,1.35,0.97,1.86
1265,2880,120,East Coast (North),200,2.95,2.99,2.66,3.9,2.95,1.54,2.87,5.33,3.84,3.48,5.18,3.29,3.97,4.67,5.77,5.18,12.59,5.67,3.65,4.68,1.48,3.23,3.84,4.29
1266,2880,120,East Coast (North),200,3.29,1.71,2.27,2.9,3.58,3.42,2.56,2.98,5.15,8.63,11.97,11.11,5.62,5.6,3.37,2.42,3.24,3.43,3.62,3.18,2.63,2.39,2.17,2.76
1267,2880,120,East Coast (North),200,3.89,2.78,3.38,3.86,5.65,4.97,4.15,2.8,5.91,4.21,1.9,5.41,4.61,5.81,1.54,2.98,2.22,4.53,8.69,7.65,3.06,3.54,4.23,2.23
1268,2880,120,East Coast (North),200,1.18,1.17,1.37,4.01,2.52,0.85,3.58,3.3,5.43,4.98,1.95,4.96,7.3,7.77,5.34,5.77,2.73,3.3,3.55,6.15,2.7,6.65,6.24,7.2
1269,2880,120,East Coast (North),200,2.4,3.87,5.82,8.4,10.61,11.25,6.12,3.92,3.24,3.07,2.66,4.43,5.05,5.82,8.63,4.25,1.19,1.15,1.02,0.86,2.08,1.77,1.39,1
1270,2880,120,East Coast (North),200,1.23,0.65,3.5,6.32,10.94,5.54,5.94,4.84,4.61,4.67,5.45,6.03,5.99,4.89,5.1,6.02,3.08,1.16,1.55,2.56,2.98,2.61,2.57,1.77
1271,2880,120,East Coast (North),200,2.65,5.33,0.37,0.03,0.09,1.61,7.65,5.68,8.04,13.6,11.71,3.8,6.47,1.66,3.46,0.59,1.15,0.02,1.62,2.27,3.57,6.5,7.8,4.33
1272,2880,120,East Coast (North),500,1.87,3.75,2.16,0.83,3.59,4.51,4.98,4.74,6.51,6.12,5.74,6.03,4.76,5.58,4.81,8.17,6.52,4.06,3.77,2.24,1.87,1.54,3.11,2.74
1273,2880,120,East Coast (North),500,1.33,1.09,2.69,4.52,4.18,4.65,10.02,9.22,4.86,6.84,9.5,10.14,7.93,3.73,3.63,1.64,0.64,5.22,2.21,1.98,1.01,0.32,1.19,1.46
1274,2880,120,East Coast (North),500,2.02,1.89,0.38,0.47,1.01,1.05,0.2,0.46,0.86,2.37,4.62,3.93,4.24,2.56,5.22,5.92,7.38,8.88,11.47,13.17,7.91,4.79,5.59,3.61
1275,2880,120,East Coast (North),500,2.51,4.02,2.51,3.2,6.27,8.56,7.14,7.09,7.58,3.88,8.44,2.76,3.43,2.06,1.05,1.12,2.94,6.95,8.23,1.81,2.68,2.23,2.19,1.35
1276,2880,120,East Coast (North),500,1.14,1.34,1.23,2.58,8.79,6.4,7.67,8.52,8.15,6.43,5.04,3.28,1.1,0.34,0.57,2.87,1.41,2.1,3.22,9.77,8.51,6.47,1,2.07
1277,2880,120,East Coast (North),500,4.88,3.85,4.39,5.01,4.6,4.01,7.28,6.45,6.05,4.68,6.84,5.57,2.45,0.27,0.26,0.33,0.7,0.98,2.65,2.3,2.27,7.4,9.8,6.98
1278,2880,120,East Coast (North),500,0.19,0,0.25,1.02,4.23,4.03,3.32,7.17,0.55,1.43,9.18,2.28,2.2,1.08,6.54,3.27,1.44,8.96,8.29,9.84,8.53,7.19,7.99,1.02
1279,2880,120,East Coast (North),500,2.61,2.89,2.34,3.95,2.63,1.31,2.92,5.32,3.84,3.42,5.03,4.74,4.29,4.56,6.02,5.18,11.91,6.1,3.9,5.67,1.34,2.92,3.55,3.56
1280,2880,120,East Coast (North),500,2.63,4.47,3.92,3.66,2.94,3.89,7.73,9.72,12.25,7.63,5.16,5.99,3.66,2.56,3.13,3.11,3.08,2.62,1.94,1.81,2.32,2.2,2.09,1.49
1281,2880,120,East Coast (North),500,1.01,0.95,2.69,2.21,0.47,2.21,2.79,4.56,4.85,2.21,3.7,7.28,6.45,6.33,4.06,2.75,4.44,6.31,8.89,2.13,5.85,5.17,7.61,5.08
1282,2880,120,East Coast (North),1000,1.88,3.81,2.14,0.93,3.27,4.23,4.77,4.57,6.98,6.87,5.5,5.23,4.58,5.28,5.18,8.66,6.63,4.4,3.94,2.36,1.98,1.51,2.8,2.5
1283,2880,120,East Coast (North),1000,1.45,1.34,3.27,4.76,3.84,5.56,11.44,7.29,4.38,7.36,9.75,10.12,7.35,3.94,3.21,0.73,2,4.28,2.88,1.08,1.11,0.32,1.17,1.37
1284,2880,120,East Coast (North),1000,5.63,6.03,9.6,4.32,2.34,6.94,7.44,4.16,1.96,6.84,3.56,5.47,3.46,0.9,0.45,1.58,1.98,0.5,1.69,5.88,6.82,3.63,4.59,4.23
1285,2880,120,East Coast (North),1000,2.07,1.99,0.37,0.5,0.98,1.05,0.16,0.44,0.88,2.48,4.73,4.65,4.6,3.35,6.49,6.68,7.59,8.51,10.6,12,7.17,4.35,5.03,3.33
1286,2880,120,East Coast (North),1000,0.22,0,0.08,1.05,3.06,5.26,3.31,6.72,0.57,1.37,8.08,4.17,1.93,0.87,5.91,4.19,1.81,6.79,5.89,11.55,7.99,8.09,9.19,1.9
1287,2880,120,East Coast (North),1000,1.78,4.71,6.25,5.04,5.45,4.58,7.66,9.63,7.68,6.93,4.5,4.03,4.14,3.24,3.64,3.28,2.89,2.11,2.73,1.82,2.15,2.72,1.57,1.47
1288,2880,120,East Coast (North),1000,4.83,6.44,5.63,7.19,6.92,2.49,0.44,0.18,0.31,0.24,0,0.65,2.64,2.46,1.36,2.42,7.69,12.43,5.27,3.36,6.92,11.93,4.36,3.84
1289,2880,120,East Coast (North),1000,1.29,5.39,6.62,1.69,2.88,2.2,4.17,4.27,2.01,3.67,6.15,7.26,13.6,3.42,3.09,1.48,2.78,5.57,4.4,2.83,4.08,4.27,5.48,1.4
1290,2880,120,East Coast (North),1000,3.79,2.8,3.07,3.89,5.69,5.36,4.03,2.91,6.96,3.95,1.92,4.69,4.37,4.66,1.14,2.57,2.26,4.84,9.24,8.31,3.29,3.87,4.37,2.02
1291,2880,120,East Coast (North),1000,7.15,8.98,10.61,8.65,10.09,7.98,6.18,1.28,1.01,0.7,1.8,0.98,1.85,2.07,3.61,8.68,9.51,2.72,2.28,1.59,1.38,0.58,0.04,0.28
1292,2880,120,East Coast (North),2500,0.99,1,0.49,0.28,0.4,2.1,3.59,6.67,3.92,2.38,3.28,21.02,11.35,4.22,5.84,5.33,3.75,4.26,4.7,4.33,2.92,2.86,2.85,1.47
1293,2880,120,East Coast (North),2500,1.99,3.51,1.86,1.03,2.86,3.9,4.59,4.83,8.97,6.68,5.55,4.24,4.51,5.17,5.42,8.38,6.52,4.76,4.6,2.63,1.94,1.44,2.44,2.18
1294,2880,120,East Coast (North),2500,2.86,6.79,2.7,5.35,6.25,3.74,2.04,3.4,2.92,6.51,5.52,4.7,2.97,6.69,5.92,4.88,5.75,6.91,3.03,2.85,2.93,1.31,1.86,2.12
1295,2880,120,East Coast (North),2500,1.61,1.53,3.43,5.08,5.02,5.72,10.44,6.32,4.31,7.16,10.08,10.46,7.51,3.36,2.65,0.61,1.66,3.8,2.67,1.56,1.62,0.38,1.38,1.64
1296,2880,120,East Coast (North),2500,10.57,7.02,4.77,5.45,9.11,5.03,2.89,5.51,5.12,7.6,3.99,1.11,0.57,1.92,1.86,0.59,1.1,3.37,4.3,2.65,3.08,3.61,3.38,5.4
1297,2880,120,East Coast (North),2500,1.93,3.92,2.93,4.4,5.15,6.03,7.35,7.93,10.76,12.51,9.38,4,2.87,2.27,1.76,1.8,1.53,1.49,2.75,2.12,2.13,2.1,1.8,1.09
1298,2880,120,East Coast (North),2500,3.97,3.8,3.46,5.1,5.23,4.21,8.75,6.77,6.72,6.1,6.11,5.4,3.92,0.72,0.63,0.24,0.77,0.71,2.71,2.69,2.19,6.73,8.23,4.84
1299,2880,120,East Coast (North),2500,2.39,2.72,1.04,0.26,0.9,1.42,0.32,0.22,0.55,1.76,4.38,4.95,4.47,4.15,6.06,6.96,8.17,8.43,7.92,10.36,8.74,4.92,4.8,4.11
1300,2880,120,East Coast (North),2500,0.29,0.04,0.4,1.54,4.92,6.46,2.21,0.84,0.64,4.02,4.67,3.92,2.9,2.46,7.18,7.11,4.78,7.86,7.52,7.58,9.1,8.63,3.99,0.94
1301,2880,120,East Coast (North),2500,2.89,4.45,6.36,6.07,5.23,8.36,9.51,8.92,7.65,4.16,4.18,4.42,3.14,2.99,2.56,2.22,1.96,2.56,2.46,3.05,2.41,1.6,1.48,1.37
1302,2880,120,East Coast (North),5000,3.26,7.38,2.47,5.64,6.85,3.74,2.03,4.31,4.09,5.61,4.75,4.33,2.83,5.73,5.34,5.22,5.29,6.38,3.18,3.19,2.85,1.35,1.71,2.47
1303,2880,120,East Coast (North),5000,1.69,2.57,3.32,1.44,1.97,3.21,4.33,4.23,6.39,7.47,6.59,5.18,4.24,5.3,5.89,6.34,7.97,5.27,4.46,3.9,2.27,1.87,1.74,2.36
1304,2880,120,East Coast (North),5000,1.15,1.21,0.61,0.47,0.7,2.13,3.75,6.89,4.22,2.73,3.57,17.91,10.03,4.43,5.61,5.32,3.84,4.59,5.15,4.5,3.34,3.12,3.01,1.72
1305,2880,120,East Coast (North),5000,9.57,7.1,5.15,5.05,8.37,5.21,3.42,5.11,5.78,7.06,4.28,1.19,0.62,2.1,2.03,0.7,1.19,3.49,4.24,2.61,2.82,3.51,3.61,5.79
1306,2880,120,East Coast (North),5000,1.51,1.68,3.43,5.24,6.2,6.69,9.56,5.78,4.77,7.76,11.04,10.46,7.38,3.05,2.23,0.55,1.36,3.19,2.25,1.4,1.43,0.34,1.23,1.47
1307,2880,120,East Coast (North),5000,5.78,7.53,8.92,6.48,9.08,8.35,5.96,5.79,3.1,3.12,3.89,3.6,3.63,3.07,2.52,2.29,3.2,2.47,3.44,2.87,1.55,1.54,1.17,0.65
1308,2880,120,East Coast (North),5000,3.21,6.41,6.3,6.37,5.11,5.59,7.12,5.57,0.56,0.47,0.11,0.92,1.36,2.44,2.88,2.03,5.12,10.79,8.62,5.22,3.26,6.18,2.94,1.42
1309,2880,120,East Coast (North),5000,0.2,0.14,0.19,0.75,2.2,1.6,5,3.38,4.06,2.65,3.89,10.02,12.84,10.17,9.39,4.37,5.2,6,3.61,3.13,3.33,0.96,3.83,3.09
1310,2880,120,East Coast (North),5000,5.07,3.78,2.92,3.37,1.1,0.31,0.72,1.29,0.38,0.31,0.53,2.03,4.61,5.27,4.05,4.79,7.54,9.16,10.32,7.66,7.51,7.79,6.1,3.39
1311,2880,120,East Coast (North),5000,0.56,0.26,0.09,0.26,2.75,7.58,5.82,1.13,0.25,0.73,2.37,5.26,5.6,2.35,2.37,11.32,8.14,5.89,6.12,6.22,5.94,7.18,8.05,3.76
1312,2880,120,East Coast (North),10000,1.45,4.1,4.1,8.24,5.45,3.48,2.86,5.69,5.81,4.05,6,5.71,4.68,4.81,3.97,5.8,5.09,2.02,0.55,3.15,3.88,5.04,1.84,2.23
1313,2880,120,East Coast (North),10000,3.23,6.88,2.44,5.54,6.5,3.84,2.33,4.37,3.85,5.63,4.79,4.54,2.89,5.55,5.4,4.91,5.32,6.45,3.4,3.38,2.94,1.45,1.83,2.54
1314,2880,120,East Coast (North),10000,1.68,2.51,2.96,1.49,1.81,2.79,3.91,3.9,6.28,6.92,6.43,5.69,4.76,5.53,6.08,6.07,7.44,5.76,5.09,4.34,2.31,2.05,1.94,2.26
1315,2880,120,East Coast (North),10000,0.87,2.07,4.05,4.85,5.64,8.6,5.72,3.93,4.81,6.72,5.12,3.62,5.6,5.27,5.87,4.41,1.61,1.09,1.92,2.31,2.59,2.73,5.91,4.69
1316,2880,120,East Coast (North),10000,3.97,3.68,4.36,4.96,4.23,7.58,6.97,6.95,5.68,5.32,5.91,5.43,0.68,1.24,0.3,0.79,1.56,2.69,3.13,2.88,5.74,7.67,5.34,2.94
1317,2880,120,East Coast (North),10000,4.59,3.13,3.71,2.38,3.26,9.03,11.93,9.75,8.88,4.17,5.09,6.1,3.72,3.05,3.32,0.98,3.58,2.99,1.9,0.99,1.44,1.43,1.1,3.48
1318,2880,120,East Coast (North),10000,3.03,5.61,7.28,9.89,7,8.86,6.67,4.46,5.11,3.18,2.48,3.22,3.54,4.1,3.42,2.64,2.66,3.24,2.26,3.23,3.5,1.81,1.75,1.06
1319,2880,120,East Coast (North),10000,1.3,0.87,1.02,1.62,2.95,4.26,5.89,4.12,2.04,2.42,15.24,9.17,3.81,5.11,5.77,3.3,3.88,6.09,5.68,4.34,4.03,3.59,2.37,1.13
1320,2880,120,East Coast (North),10000,3.14,0.86,1.49,2.03,4.23,5.08,6.25,3.09,4.82,3.21,5.42,6.24,4.67,2.49,6.99,9.53,5.55,3.14,4.15,5.82,3.48,5.34,1.83,1.15
1321,2880,120,East Coast (North),10000,0.79,3.02,5.63,5.27,4.97,5.11,4.49,4.84,5.19,6.7,7,7.55,6.05,6.85,5.59,3.2,2.2,1.57,2.26,2.81,2.42,2.35,2.08,2.06
1322,2880,120,East Coast (North),20000,6.41,4.32,5.62,3.02,4.1,4.46,4.82,5.09,5.65,4.12,2.73,3.94,2.25,2.43,1.93,4.92,7.75,4.82,4.86,5.7,3.24,2.5,2.86,2.46
1323,2880,120,East Coast (North),20000,2.67,3.16,2.67,1.86,2.24,2.82,3.4,3.56,6.19,6.23,5.33,3.99,4.29,5.59,7.24,7.56,6.41,5.94,6.49,2.98,3.18,2.21,2.46,1.53
1324,2880,120,East Coast (North),20000,1.2,1.56,1.17,1.2,2,1.4,1.66,2.21,1.45,2.4,1.32,0.72,2.54,4.85,9.89,8.75,8.53,7.48,7.11,7.49,9.89,9.04,6,0.14
1325,2880,120,East Coast (North),20000,0.18,5.64,0.02,0.38,0.29,2.26,3.07,3.58,3.05,2.48,11.17,6.06,5.66,7.15,1.66,1.21,2.97,5.43,3.04,2.5,2.95,7.42,8.32,13.51
1326,2880,120,East Coast (North),20000,8.65,5.37,8,10.65,6.76,2.4,2.23,2.14,4.99,3.35,1.73,1.36,1.4,1.35,1.22,5.52,4.58,3.48,5.78,4.51,6.46,3.55,0.03,4.49
1327,2880,120,East Coast (North),20000,1.82,3.03,4.78,5.2,5.23,4.88,3.84,5.5,6.2,7.18,8.15,8,5.29,7.64,5.02,3.26,1.77,1.47,2.07,2.21,2.36,1.75,2.3,1.05
1328,2880,120,East Coast (North),20000,2.08,2.84,3.34,3.1,2.64,2.86,4.25,2.85,3.02,3.14,5.18,5.41,3.57,3.39,5.29,5.61,4.64,6.37,7.93,5.92,5.99,5.86,2.92,1.8
1329,2880,120,East Coast (North),20000,6.75,5.31,1.49,1.12,1.36,5.86,5.24,4.82,2.67,4.67,8.9,6.26,6.25,8.03,8.05,6.36,6.49,6.07,2.45,0.26,0.07,0.04,0.41,1.07
1330,2880,120,East Coast (North),20000,0.8,1.06,2.28,2.13,1.67,1.5,1.47,3.1,3.23,3.73,4.53,4.57,4.38,3.77,5.61,4.91,7.52,7.52,7.35,4.83,6.49,8.46,6.28,2.81
1331,2880,120,East Coast (North),20000,1.65,1.44,1.16,1.18,1.45,1.46,1.85,1.96,2.21,2.66,4.96,8.47,12.52,9.2,7.18,6.04,9.16,6.34,4.37,3.66,2.24,2.56,2.5,3.78
1332,2880,120,East Coast (North),40000,5.55,5.09,7.09,4.92,4.2,4.73,4.81,4.46,3.92,5.16,4.88,4.97,2.85,2.64,1.97,2.08,2.1,4.34,4.51,6.43,3.93,3.14,3.07,3.16
1333,2880,120,East Coast (North),40000,2.08,2.28,2.79,2.85,1.76,1.69,2.53,3.2,3.53,4.91,5.61,6.25,4.78,3.91,4.8,6.15,6.55,6.69,5.85,7.16,5.48,3.01,3.13,3.01
1334,2880,120,East Coast (North),40000,2.73,2.74,3.81,3.11,2.28,2.92,4.35,3.54,3.7,3.45,4.98,5.33,3.9,3.73,4.56,4.32,4.48,6.47,7.23,6.33,5.96,5.69,2.54,1.85
1335,2880,120,East Coast (North),40000,0.82,1.37,2.76,2.71,2,1.79,1.75,3.1,3.18,3.65,3.9,4.53,4.92,3.9,6.01,5.93,7.71,7.67,6.76,4.76,5.43,6.98,5.89,2.48
1336,2880,120,East Coast (North),40000,2.61,4,4.18,5.28,5.9,9.28,10.57,7.85,5.74,2.52,0.77,0.03,0.02,0.01,1.37,1.18,0.51,0.08,0.2,6.67,14.5,13.03,2.69,1.01
1337,2880,120,East Coast (North),40000,2.97,5.8,2.32,1.44,2.39,2,0.89,1.15,0.69,1.31,1.85,4.35,8.09,11.4,10.77,6.88,11.42,6.06,6.61,5.38,2.66,2.22,0.89,0.46
1338,2880,120,East Coast (North),40000,3.16,1.65,0.68,0.27,0.59,5.16,8.14,7.53,2.25,1.21,1.56,4.13,3.94,3.75,2.95,3.99,7.87,7.37,5.44,5.58,5.67,4.46,6.36,6.29
1339,2880,120,East Coast (North),40000,1.78,2.96,3.45,5.25,6.46,6.66,6.62,7.27,3.76,3.38,2.19,1.94,1.93,3.19,3.32,3.27,7.43,8.06,6.37,7.17,3.71,1.84,1.3,0.69
1340,2880,120,East Coast (North),40000,8.88,8.05,5.9,4.16,2.21,1.38,1.61,0.68,3.37,3.97,3.47,3.27,2.32,3.71,3.3,2.03,2.44,7.69,3.24,5.85,6.56,5,8.18,2.73
1341,2880,120,East Coast (North),40000,3.98,10.61,8.65,9.34,7.95,7.01,4.01,3.04,1.26,1.05,1.51,1.21,4.14,2.21,2.19,2.49,6.25,4.99,5.76,4.8,1.75,1.89,1.66,2.25
1342,4320,180,East Coast (North),100,0.74,2.34,6.08,4.08,8.87,8.85,8.86,5.5,9.37,4.74,1.81,1.15,6.86,11.88,2.97,3.74,2.52,1.51,2.31,0.22,1.05,1.81,1.04,1.7
1343,4320,180,East Coast (North),100,1.51,1.57,0.9,3.62,8.72,10.03,11.95,0.56,2.02,6.9,13.44,3.24,4.11,2.37,1.47,0.32,3.65,5.69,8.13,3.46,1.88,0.95,1.85,1.66
1344,4320,180,East Coast (North),100,1.28,4.71,0.35,0.17,11.18,8.41,8.39,12.9,5.15,2.01,0.55,0.01,0,0.05,10.74,11.55,1.6,3.86,0.01,0,0,0.01,9.1,7.97
1345,4320,180,East Coast (North),100,3.28,7.48,4.06,8.25,6.9,8.19,5.24,0.04,0.21,0.84,0.63,0.84,2.98,1.36,1.56,1.31,1.01,4.58,5.2,6.01,3.42,15.6,5.39,5.62
1346,4320,180,East Coast (North),100,0.94,4.9,0.39,0.04,2.97,6.69,12.52,21.62,7.81,5.79,4.67,1.39,0.21,3.98,5.54,9.84,2.61,4.25,2.04,0.9,0.21,0.02,0.58,0.09
1347,4320,180,East Coast (North),100,2.73,2.86,2.35,1.38,1.69,1.47,0.89,0.49,1.39,3.36,2.23,0.56,1.48,2.93,4.31,7,12.02,11.85,9.81,6.8,6.52,3.81,6.53,5.54
1348,4320,180,East Coast (North),100,0,0.04,2.8,1.84,0.25,1.12,2.59,5.03,3.29,2.93,14.66,4.28,4.72,14.27,6.35,12.94,8.96,3.14,1.5,0.9,0.17,4.32,3.16,0.74
1349,4320,180,East Coast (North),100,1.97,1.1,0.63,1.84,1,5.48,3.53,12.04,13.41,13.94,4.13,7.84,7.82,6.38,5.26,1.23,0.15,0.62,0.82,2.67,1.73,4.35,1.59,0.47
1350,4320,180,East Coast (North),100,8.55,3.83,4.81,4.52,9.35,6.36,1.99,4.45,0.78,0.23,0.86,1.47,1.46,0.66,1.66,2.33,9.19,19.51,0.4,0.89,0.44,1.46,4.1,10.7
1351,4320,180,East Coast (North),100,3.46,0.69,0.48,8.42,11.25,26.96,2.66,3.08,3.73,0.51,1.86,5.8,0.83,0.11,0.71,1.05,16.49,5.47,1.03,0.06,0.02,0,0.09,5.24
1352,4320,180,East Coast (North),200,1.86,1.6,0.76,1.08,1.02,2.09,3.59,2.86,2.58,0.88,0.9,1.23,0.25,1.02,3.78,5.1,4.37,4.84,7.38,11.21,15.42,13.66,7.42,5.1
1353,4320,180,East Coast (North),200,3.59,5.8,2.46,3.01,2.47,5.55,2.68,1.88,1.97,1.08,3.03,3.34,4.09,2.54,3.13,6.17,3.59,5.41,4.59,5.49,6.77,11.19,5.8,4.37
1354,4320,180,East Coast (North),200,2.15,4.79,6.19,6.82,8.78,10.39,4.23,0.41,2.67,8.2,1.8,0.14,0.39,0.74,1.32,0.43,3.62,5.31,7.78,8.18,5.81,4.13,2.65,3.07
1355,4320,180,East Coast (North),200,3.61,4.02,3.71,3.15,1.38,0.5,0.38,0.31,0.58,0.99,1.62,1.47,3.11,2.33,3.11,3.34,4.18,5.36,6.63,11.67,13.81,14.6,7.74,2.4
1356,4320,180,East Coast (North),200,2.34,0.76,1.92,0.32,1.37,1.29,1.03,1.85,1.84,9.07,8.84,11.38,9.83,7.14,2.92,0.86,2.06,2.68,3.85,11.23,12.23,1.96,1.99,1.24
1357,4320,180,East Coast (North),200,4.14,3.98,5.27,6.38,4.34,6,3.86,5.4,7.45,2.2,3.28,4.54,11.25,4.37,3.86,4.2,1.65,3.58,2.72,1.57,1.2,2.53,2.77,3.46
1358,4320,180,East Coast (North),200,1.21,0.56,1.69,2.3,4.22,0.7,3.28,1.9,1.1,2.87,1.34,2.36,4.84,5.25,2.84,8.77,8.47,4.35,3.92,10.09,6.45,6.69,8.01,6.79
1359,4320,180,East Coast (North),200,4.49,2.94,0.2,3.58,0.13,0.03,3.51,2.06,4.03,4.12,3.62,4.2,12.08,14.66,7.38,6.19,3.46,4.05,4.77,3.55,2.89,3.11,3.26,1.69
1360,4320,180,East Coast (North),200,3.47,5.95,10.58,13,6.09,3.94,3.03,4.95,5.3,9.48,3.91,1.25,1.06,2.04,2.07,1.01,0.49,4.3,2,5.29,4.65,3.05,1.76,1.33
1361,4320,180,East Coast (North),200,0.58,1.98,4.23,13.97,9.53,3.61,4.48,0.5,0.67,2.48,5.54,2.97,8.5,9.26,1.31,2.49,4.44,1.48,1.26,2.29,2.01,13.26,2.22,0.94
1362,4320,180,East Coast (North),500,1.79,2.65,1.53,2.36,1,0.85,2.04,2.27,4.18,1.87,4.98,6.63,6.88,8.21,7.21,6.71,7.1,9.51,6.6,4.56,2.74,1.99,4.2,2.14
1363,4320,180,East Coast (North),500,1.78,1.6,0.79,1.1,1.08,2.22,3.95,2.98,2.74,0.9,0.9,1.28,0.26,1.07,3.93,5.15,4.55,5.22,7.71,11.06,14.75,12.95,7,5.03
1364,4320,180,East Coast (North),500,2.22,5.13,6.34,6.99,9.12,10.11,3.54,0.5,2.7,7.69,1.77,0.16,0.41,0.79,1.47,0.44,3.76,5.02,7.62,8.22,6.11,4.26,2.81,2.82
1365,4320,180,East Coast (North),500,4.7,5.23,5.19,5.85,7.96,8.14,6.83,6.89,3.21,0.3,0.47,0.58,3.43,2.1,8.24,9.25,3.05,2.27,0.83,2.83,5.89,4.93,0.76,1.07
1366,4320,180,East Coast (North),500,3.49,5.53,2.48,2.93,2.37,5.74,2.72,1.91,1.94,1.09,2.73,3.1,3.98,2.29,3.01,6.1,3.63,5.82,5.06,5.3,6.89,10.94,6.01,4.94
1367,4320,180,East Coast (North),500,1.13,0.6,1.69,2.4,4.19,0.7,3.24,1.97,1.15,2.96,1.5,2.68,4.83,5.41,2.96,8.9,8.73,4.4,4.07,9.72,6.13,6.53,7.72,6.39
1368,4320,180,East Coast (North),500,4.43,2.8,0.2,3.52,0.11,0.02,3.13,1.99,4.68,4.52,3.88,4.77,12.31,14.01,7.25,6.15,3.72,4.09,4.5,3.38,2.69,3.07,3.03,1.75
1369,4320,180,East Coast (North),500,1.95,2.24,0.83,0.35,1.29,1.16,0.82,1.8,2.73,9.73,9.63,10.86,10.65,6.55,2.6,0.83,2.91,2.17,3.99,11.46,10.49,2.01,1.67,1.28
1370,4320,180,East Coast (North),500,4.05,3.87,5.41,6.47,4.36,6.52,3.94,5.32,6.98,1.93,2.99,5.21,12.26,4.55,4.13,4,1.67,3.27,2.62,1.44,1.06,2.29,2.44,3.22
1371,4320,180,East Coast (North),500,3.46,3.78,3.54,3.02,1.36,0.5,0.37,0.28,0.59,0.96,1.54,1.5,3.17,2.44,3.19,3.49,4.28,5.5,6.8,11.99,13.53,14.66,7.69,2.36
1372,4320,180,East Coast (North),1000,1.74,2.8,1.49,2.6,0.99,1.07,1.72,3.08,4.01,2.1,5.57,6.02,7.94,8.25,6.9,6.12,6.73,10.64,6.01,4.27,2.71,2.22,3.54,1.48
1373,4320,180,East Coast (North),1000,0.14,0.42,2.29,4.14,9.54,10.3,3.41,10.18,7.53,4.62,4.64,6.11,1.28,0.94,1.83,0.75,5.55,8.97,5.09,6.97,3.1,0.96,0.69,0.55
1374,4320,180,East Coast (North),1000,1.66,1.54,0.78,1.11,1.19,2.28,4.29,2.97,2.81,0.94,0.9,1.22,0.22,1.05,4.24,5.75,5.21,6.94,8.43,10.73,13.33,11.71,6.26,4.44
1375,4320,180,East Coast (North),1000,4.1,2.42,2.25,3.95,5.95,1.55,2.19,1.65,1.12,2.29,2.71,4.54,1.15,3.96,5.42,5.09,7.08,5.37,6.73,7.66,9.95,6.73,3.32,2.82
1376,4320,180,East Coast (North),1000,0.93,0.94,0.97,2.48,2.39,1.23,6.61,8.16,10.03,4.23,0.56,0.26,0.24,0.49,3.75,1.19,2.61,11.75,5.03,6.55,11.03,5.63,6.09,6.85
1377,4320,180,East Coast (North),1000,4.01,1.76,0.48,4.54,0.06,0.04,1.65,1.52,3.96,6.2,5.68,7.23,11.85,17.12,6.32,7.86,3.2,3.18,2.8,2.65,1.89,1.99,2.28,1.73
1378,4320,180,East Coast (North),1000,7.02,0.81,1.13,2.71,0.76,3.59,2.96,1.48,4.76,1.16,2.22,8.78,2.77,2.83,5.24,3.42,5.25,8.91,12.29,4.37,2.34,5.82,4.42,4.96
1379,4320,180,East Coast (North),1000,3.95,3.62,4.5,6.18,6.33,4.9,6.57,3.13,5.98,4.23,2.7,3.56,10,8.17,4.68,4.18,2.48,2.23,3.05,1.55,1.27,1.75,2.05,2.94
1380,4320,180,East Coast (North),1000,4.34,5.38,1.27,1.23,1.46,4.64,8.14,9.44,14.62,7.62,1.17,12.72,2.54,4.27,0.88,2.53,11.81,3.24,2.32,0.38,0,0,0,0
1381,4320,180,East Coast (North),1000,0.81,2.26,9.66,0.47,1.14,0.03,0.02,4.8,2.82,2.42,9.76,14.86,6.57,1.17,0.04,3.02,5.12,1.18,4.03,2.32,6.05,4.73,8.82,7.9
1382,4320,180,East Coast (North),2500,0.18,0.89,2.32,3.44,2.2,2.74,1.27,1.42,2.85,4.63,3.42,3.5,5.65,5.65,10.14,7.27,5.79,6.6,7.62,8.98,5.18,3.64,2.5,2.12
1383,4320,180,East Coast (North),2500,0.18,0.36,0.77,2.67,5.74,7.75,11.61,6.27,10.21,5.3,5.78,6.01,7.05,0.94,1.93,1.76,1.15,5.63,3.66,4.47,4.24,4.96,0.81,0.75
1384,4320,180,East Coast (North),2500,1.21,1.68,4.09,4.75,5.22,5.69,8.3,8.47,6.96,6.4,3.45,0.74,0.52,0.94,3.66,2.63,7.85,7.88,2.66,2.36,1.26,3.21,5.54,4.53
1385,4320,180,East Coast (North),2500,1.59,2.22,1.6,3.6,6.76,8.04,6.74,1.76,0.28,0.2,0.06,1.65,1.53,1.86,6.37,6.26,3.45,10.39,5.67,6.03,7.18,5.66,6.28,4.82
1386,4320,180,East Coast (North),2500,1.18,2.08,1.15,1.01,1.11,1.46,2.93,5.73,3.06,2.96,0.43,1.2,1,0.49,1.63,5.42,6.22,5.29,9.18,10.48,10.18,13.36,6.87,5.58
1387,4320,180,East Coast (North),2500,3.81,2.87,0.26,3.59,0.5,0.03,0.91,1.07,3.07,5.98,8.69,8.44,11.64,11.5,6.53,5.65,4.56,3.79,2.97,3.22,2.85,3.96,2.18,1.93
1388,4320,180,East Coast (North),2500,4.24,5.88,5.98,4.17,7.97,2.41,3.89,5.73,1.68,2.95,6.13,10.99,5.62,3.91,4.14,3.93,2.2,1.85,1.45,1.75,2.59,1.99,4.13,4.42
1389,4320,180,East Coast (North),2500,1.2,1.85,1.1,0.41,1.83,1.56,1.6,3.04,1.22,1.47,4.56,2,3.16,1.93,2.69,2,1.86,1.98,7.93,5.02,13.55,22.38,12.78,2.88
1390,4320,180,East Coast (North),2500,10.7,3.1,7.91,1.34,2.26,1.25,0.58,0.91,7.16,15.7,4.08,2.73,1.19,0.22,0.98,9.67,14.78,1.95,0.97,0.24,0.03,0.28,1.1,10.87
1391,4320,180,East Coast (North),2500,2.18,0.18,1.3,0.84,1.57,5.35,5.73,8.42,6.05,2.16,1.23,1.2,1.97,6.31,5.91,8.22,7.64,6.9,11.11,9.54,1.47,2.7,1.41,0.61
1392,4320,180,East Coast (North),5000,5.68,0.79,1.06,3.88,5.63,2.71,2.27,3.71,0.85,1.9,3.49,6,6.19,4.28,2.98,3.56,7.01,5.37,4.37,7.57,5.16,7.67,4.25,3.62
1393,4320,180,East Coast (North),5000,1.52,2.82,2.38,2.44,1.24,0.95,1.48,3.03,3.69,2.32,4.8,5.62,8.94,8.79,6.55,6.52,7.54,9.55,5.89,4.81,2.88,2.12,2.76,1.36
1394,4320,180,East Coast (North),5000,6.13,11.04,8.52,6.6,8.8,6.04,7.12,8.57,3.91,1.42,2.91,1.32,2.43,5.37,3.49,4.32,5.67,4.69,1.29,0.27,0.01,0.07,0,0.01
1395,4320,180,East Coast (North),5000,1.6,3.02,5.17,4.45,4.72,5.62,7.48,5.2,7.22,6.21,0.74,0.12,1.1,2.35,2.88,4.65,10.6,7.09,3.79,3.78,1.74,3.77,2.85,3.85
1396,4320,180,East Coast (North),5000,1.71,2.32,1.58,3.54,6.7,8.51,6.89,1.82,0.38,0.28,0.07,1.4,1.61,1.68,6.58,5.35,3.3,9.81,6.27,6.13,7.27,5.73,6.36,4.71
1397,4320,180,East Coast (North),5000,2.35,4.53,4.5,3.34,5.88,14.94,12.01,6.62,6.13,5.4,3.95,1.81,4.4,2.44,1.54,1.49,1.79,5.53,2.27,5.07,2.15,0.32,0.82,0.72
1398,4320,180,East Coast (North),5000,1.44,1.38,1.17,0.9,1.39,1.78,4.91,5.32,3.76,2.45,0.53,1.44,0.49,0.55,3.27,6.74,5.55,8.19,12.27,10.53,10.01,7.96,3.97,4
1399,4320,180,East Coast (North),5000,2.82,3.25,0.68,0.58,2.61,0.09,0.73,1.08,1.98,6.34,11.74,8.47,11.36,7.56,6.25,3.65,4.53,4.96,4.28,3.26,4.02,4.15,3.59,2.02
1400,4320,180,East Coast (North),5000,5.1,4.77,5.84,5.13,4.38,8.33,2.54,4.22,5.74,2.68,3.73,4.97,8.32,4.67,3.2,3.77,4.37,2.4,2.07,1.55,2.55,3.16,2.67,3.84
1401,4320,180,East Coast (North),5000,1.11,1.2,1.35,0.9,1.48,1.48,1.42,2.43,1.97,1.36,3.68,2.34,2.95,2.18,2.13,2.47,2.07,1.44,6.34,7.34,11.16,17.46,18.88,4.86
1402,4320,180,East Coast (North),10000,6.22,1.25,1.49,3.54,6.32,3.53,2.86,4.37,1.26,2.16,2.83,4.76,6.34,4.22,3.65,3.23,5.57,5.98,4.55,6.36,4.36,7.1,4.78,3.27
1403,4320,180,East Coast (North),10000,0.51,0.73,1.19,4.32,7,9.49,7.28,7.23,8.76,5.16,6.13,6.32,2.82,1.38,2.17,1.93,3.21,5.94,3.6,4.48,5.27,3.54,1.15,0.39
1404,4320,180,East Coast (North),10000,1.55,2.91,3.58,2.17,2.15,1.53,1.44,2.48,4.26,3.43,2.77,4.52,4.85,8.4,7.18,5.57,7.13,8.41,9.23,6.02,3.9,2.47,2.24,1.81
1405,4320,180,East Coast (North),10000,3.85,2.12,4.63,9.7,9.63,7.12,6.47,8.03,3.74,1.78,4.3,2.88,1.21,1.29,1.21,5.55,3.12,5.69,4.96,1.91,2.59,4.69,1.27,2.26
1406,4320,180,East Coast (North),10000,1.87,2.44,1.61,3.59,6.75,8.93,7.18,1.82,0.42,0.32,0.11,1.31,1.53,1.53,5.92,4.6,2.98,9.74,6.76,6.24,7.4,5.85,6.46,4.64
1407,4320,180,East Coast (North),10000,2.35,2.48,3.85,5.07,5.5,7.15,8.52,6.43,6.04,6.05,1.25,0.35,1.08,2.37,3.1,5.15,7.6,4.34,3.34,3.69,2.37,4.29,4.13,3.5
1408,4320,180,East Coast (North),10000,3.68,3.99,0.6,0.5,2.14,0.14,0.53,0.82,1.93,6.49,12.03,9.16,10.86,6.66,5.94,3.52,4.21,5.31,4.37,3.28,3.8,3.85,4.09,2.1
1409,4320,180,East Coast (North),10000,0.8,2.37,1.94,1.61,0.85,1.11,1.02,1.43,1.61,1.21,2.49,5.35,7.8,2.92,7.54,16.28,5.85,7.22,4.49,7.3,7.16,5.34,4.41,1.9
1410,4320,180,East Coast (North),10000,0.73,3.32,4.45,6.08,3.72,2.88,5.3,5.84,9.22,10.08,7.02,3.16,5.06,2.97,2.7,4.26,2.7,4.4,4.11,5.99,1.86,3.24,0.57,0.34
1411,4320,180,East Coast (North),10000,4.38,6.79,5.97,4.58,6.33,1.9,2.86,3.65,6.32,5.69,8.6,8.83,3.85,3.57,4.26,2.2,1.64,1.16,1.29,1.98,2.59,2.65,3.67,5.24
1412,4320,180,East Coast (North),20000,1.84,2.89,4.86,5.34,4.96,5.39,3.82,2.51,2.64,2.88,4.27,3.21,5.19,4.62,3.34,3.66,4.14,6.62,5.23,6.66,5.37,4.71,3.74,2.11
1413,4320,180,East Coast (North),20000,0.43,0.66,2.02,4.16,6.83,6.74,4.34,5.81,6.78,7.46,5.74,4.67,3.4,3.19,7.09,9.01,6.3,4.32,2.72,3.01,2.61,1.48,0.76,0.47
1414,4320,180,East Coast (North),20000,3.55,4.18,2.03,3.68,8.03,9.37,7.53,6.34,8.82,3.72,1.82,4.08,2.96,1.11,1.28,1.22,5.53,3.06,5.51,5.08,2.23,2.85,5.17,0.85
1415,4320,180,East Coast (North),20000,4.41,4.48,5.24,7.05,8.58,6.72,5.56,4.18,0.96,0.42,1.68,3.29,3,6.12,7.49,3.66,4.55,4.02,3.68,4.56,4.63,3.25,1.39,1.08
1416,4320,180,East Coast (North),20000,1.58,3.53,1.68,1.57,1.38,1.06,3.43,2.91,7.28,10.77,12.43,5.93,2.38,0.26,0.02,1.34,1.23,0.2,1.73,16.37,16.55,1.02,1.18,4.17
1417,4320,180,East Coast (North),20000,2.26,2.06,3.3,1.82,2.97,4.03,3.9,3.38,5.34,4.13,4.45,7.1,3.59,5.89,5.54,6.39,8.42,6.64,6.63,2.69,2.71,2.38,2.89,1.49
1418,4320,180,East Coast (North),20000,2.16,1.35,1.23,0.24,0.98,2.92,5.87,7.18,6.86,6.03,8.13,9.88,10.75,8.57,7,2.92,2.11,2.85,3.12,2.38,2.21,0.22,2.05,2.99
1419,4320,180,East Coast (North),20000,3.44,3.16,9.02,5.15,0.46,0.38,1.68,0.21,0.23,0.4,1.45,5.23,10.86,9.37,9.89,5.36,4.62,2.94,3.46,5.89,5.75,3.78,3.43,3.84
1420,4320,180,East Coast (North),20000,1.24,1.35,1.87,1.68,1.6,1.83,2.37,2.7,3.76,9.74,14.65,9.64,8.82,9.28,5.52,3.11,2.93,4.5,4.66,2.49,1.85,1.7,1.99,0.72
1421,4320,180,East Coast (North),20000,6.55,11.14,11.86,7.49,3.77,2.63,0.61,1.07,2.4,1.88,4.01,6.49,6.83,2.37,1.56,3.47,2.21,2.22,3.37,4.94,7.72,2.66,1.23,1.52
1422,4320,180,East Coast (North),40000,0.41,1.18,2.83,4.24,6.56,8.16,5.47,6.01,5.91,5.03,6.48,5.98,3.69,2.5,2.52,4.57,6.45,5.89,3.59,4.2,4.33,3.01,0.77,0.22
1423,4320,180,East Coast (North),40000,5.37,5.14,4.5,4.48,3.23,1.99,1.89,2.52,2.91,2.15,3.81,3.52,2.72,2.83,3.55,5.07,5.07,7.74,7.3,6.92,6.02,3.84,3.88,3.55
1424,4320,180,East Coast (North),40000,7.98,8.2,9.09,8.63,8.57,5.5,4.03,4.57,2.3,0.37,0.28,0.53,0.45,0.59,0.54,2.38,5.06,9.45,5.96,5.74,3.7,2.02,1.98,2.08
1425,4320,180,East Coast (North),40000,2.18,4.99,5.22,4.73,3.85,1.84,2.12,1.45,3.61,3.81,10.05,9.78,8.82,4.3,1.33,0.28,0.03,2.01,1.24,0.15,1.67,13.5,11.92,1.12
1426,4320,180,East Coast (North),40000,1.1,0.96,0.58,0.21,0.48,1.34,0.95,0.96,1.46,3.19,3.43,2.64,3.11,4.4,5.01,6.27,6.57,7.26,9.58,10.33,8.48,7.36,9.89,4.44
1427,4320,180,East Coast (North),40000,6.59,10.12,10,7.48,3.57,2.42,1.11,1.6,4.23,1.92,3.83,6.04,6.2,2.65,1.75,2.43,1.68,2.7,3.41,6.41,6.89,2.94,2.89,1.14
1428,4320,180,East Coast (North),40000,3.48,5.32,3.7,4.97,2.24,3.9,3.06,1.88,1.02,1.02,1.07,2.05,2.24,2.22,3.98,6.13,6.57,7.28,4.9,4.64,6.21,8.26,7.5,6.36
1429,4320,180,East Coast (North),40000,1.43,2.42,6.59,9.15,7.76,7.52,8.91,9.81,10.89,8.35,7.15,2.2,1.8,2.23,2.34,2.02,1.86,0.26,2.07,2.84,1.19,0.79,0.26,0.16
1430,4320,180,East Coast (North),40000,1.31,1.3,3.16,4.6,3.19,1.97,1.11,1.41,2.99,4.7,3.55,5.95,4.73,5.66,1.59,2.92,7.14,8.4,7.47,15.59,10.63,0.51,0.12,0
1431,4320,180,East Coast (North),40000,7.15,5.48,5.16,8.49,7.12,10.32,4.93,2.62,2.22,2.97,5.63,4.77,9.69,10.43,4.52,1.58,1,0.98,0.39,1.12,0.71,1.56,0.61,0.55
1432,5760,180,East Coast (North),100,3.91,5.02,4.41,3.05,2.73,6.89,1.07,2.94,5.95,1.43,1.97,4.23,2.44,1.41,1.25,2.64,5.39,1.72,1.21,0.98,3.41,3.66,3.57,3.68,4.04,3.5,5.1,3.95,3.74,2.65,1.32,0.74
1433,5760,180,East Coast (North),100,0.98,1.29,1.09,1.2,1.3,1.43,4.3,8.72,12.61,6.24,0.34,4.01,9.13,9.41,1.99,3.73,2.86,0.5,0.52,4.36,6.8,6.51,2.35,1.67,1.31,1.06,1.65,0.61,0.41,0.64,0.7,0.28
1434,5760,180,East Coast (North),100,0.37,0.73,0.04,0.09,0.68,5.71,6.66,3.03,11.42,2.2,12.63,0.24,0.01,0.26,0.87,0.72,2.88,1.83,0.32,1.93,1.24,2.39,5.68,2.71,8.12,11.25,6.33,6.47,2.56,0.5,0.13,0
1435,5760,180,East Coast (North),100,0.56,2.57,2.51,2.52,1.36,1.43,1.54,0.75,0.64,0.85,3.38,2.31,0.56,1.26,2.18,3.7,6.51,9.26,13.03,9.39,6.48,6.65,3.61,5.04,6.28,2.47,1.39,0.83,0.35,0.32,0.17,0.1
1436,5760,180,East Coast (North),100,0.9,0.02,0.21,0.41,2.01,8.54,2.08,5.23,2.89,10.27,4.26,3,2.98,0.39,0.26,0.95,1.09,1.44,0.73,1.39,2.18,13.41,16.29,0.42,0.85,0.76,1.04,4.02,11.06,0.9,0.02,0
1437,5760,180,East Coast (North),100,0,0,0.09,0.33,0.88,2.08,3.94,10.58,13.31,3.76,1.36,0.01,0.46,0.22,0.47,0.19,0.59,12.24,20.31,7.26,0.47,0.63,0.77,0.4,1.61,0.35,0.36,0.06,3.2,1.44,10.56,2.07
1438,5760,180,East Coast (North),100,8.95,4.12,0,1.57,1.34,0.03,1.19,0.26,5.77,6.63,0.34,0.96,0.1,0,0.84,0.54,4.15,4.39,7.45,5.08,1.13,0.18,0.14,3.18,1.6,1.15,0.83,4.85,11.26,12.85,8.01,1.11
1439,5760,180,East Coast (North),100,1.99,0.17,0.25,3.51,2.24,1.92,0.25,1.43,1.44,4.9,3.23,3.97,3.63,0.38,0.33,0.09,0.02,0.02,0.78,0.88,0.38,0.48,3.61,6.04,6.01,2.38,9.28,10.27,5.16,4.31,12.42,8.23
1440,5760,180,East Coast (North),100,0.59,2.03,3.7,3.6,2.39,0.2,0.74,0.58,0.26,0.34,0.38,1.23,0.43,1.26,0.72,0.98,1.32,3.37,5.18,2.35,5.36,6.67,5.42,2.94,2.03,2.48,3.2,5.23,4.64,9.01,14.02,7.35
1441,5760,180,East Coast (North),100,0,0,0,0,1.28,1.92,2.19,4.97,4.32,5.8,5.89,5.8,9.52,8.58,7.15,6.34,3.31,4.85,7.06,5.27,1.13,0,0,0.02,0.59,1.09,1.05,1.67,4.98,3.34,0.67,1.21
1442,5760,180,East Coast (North),200,1.91,3.31,2.63,2.38,0.82,0.84,1.12,0.23,0.93,3.48,4.69,4.02,4.46,6.77,10.31,14.18,12.55,6.82,4.68,0.61,1.07,0.3,0.04,0.72,1.32,0.65,1.6,0.81,1.54,2.41,0.82,1.98
1443,5760,180,East Coast (North),200,0.35,0.1,0.68,0.43,0.8,4.66,4.12,2.14,2.05,3.59,4.56,1.65,1.75,1.86,1.05,2.67,3.26,4.15,1.63,3.29,5.16,4.8,3.64,4.23,6.01,7.96,8.39,4.16,2.75,3.01,4.66,0.44
1444,5760,180,East Coast (North),200,3.47,1.87,2.41,5.74,6.53,6.8,7,6.5,0.15,1.29,5.18,2.33,0.21,0.1,0.44,0.62,0.9,0.8,5.18,6.6,8.62,6.77,4.6,2.51,3.35,2.18,2.22,0.99,1.13,0.65,0.6,2.26
1445,5760,180,East Coast (North),200,2.79,3.07,3.26,5.18,4.73,3.69,5.51,2.11,4.87,5.45,2.22,2.52,5.93,7.69,3.67,3.69,2,1.85,2.74,1.86,1.35,1.36,1.93,2.73,2.26,2.05,1.59,2.63,3,2.52,2.14,1.61
1446,5760,180,East Coast (North),200,0.75,1.63,3.71,3.41,3.53,2.51,1.04,0.45,0.46,0.16,0.56,1.16,1.47,1.47,2.84,2.16,2.85,3.5,3.49,5.05,6.57,11.52,12.85,12.97,5.72,1.74,1.47,0.45,1.33,1.47,1.09,0.62
1447,5760,180,East Coast (North),200,0.01,0.06,0.43,1.14,1.83,1.53,1.01,2.38,4.5,0.19,3,0.66,0.03,2.4,1.94,3,4.2,3.55,3.86,8.51,13.92,8.38,7.02,3.16,3.8,3.96,4.29,2.58,2.94,3.2,1.87,0.65
1448,5760,180,East Coast (North),200,0.58,0.19,0,0.25,1.06,0.48,0.96,1.76,1.11,0.53,1.6,2.2,4,0.65,3.1,1.8,1.04,2.71,1.27,2.22,4.6,4.96,2.68,8.31,8.02,4.12,3.72,9.57,6.13,6.35,7.58,6.45
1449,5760,180,East Coast (North),200,0.88,3.78,7.99,10.21,10.49,4.64,3.42,3.13,4.61,6.34,8.04,2.07,1.19,1.06,2.35,1.4,0.71,1.36,3.49,3.77,4.2,4.01,2.43,1.3,1.13,0.57,0.11,0.32,0.58,0.97,1.96,1.49
1450,5760,180,East Coast (North),200,0.96,1.15,1.94,3.47,1.52,7.84,9.44,6.03,6.67,7.02,3.13,2.18,0.54,6.69,1.49,0.7,0.19,0.76,0.65,0.01,0.06,0.47,2.99,3.08,4.5,6.81,3.39,2.13,5.9,5.26,1.71,1.32
1451,5760,180,East Coast (North),200,1.26,0.96,0.35,1.14,2.07,6.38,3.59,1.38,1.43,0.24,0.7,0,1.02,1.85,0.99,2.68,14.72,26.22,5.23,0.59,0.05,0.43,0.66,5.35,0.47,9.6,0.67,0.01,0,0,8,1.96
1452,5760,180,East Coast (North),500,0.1,0.35,1.74,2.51,1.47,2.22,0.95,0.8,1.95,2.14,3.97,1.77,4.73,6.29,6.53,7.79,6.83,6.35,6.76,9.03,6.26,4.32,2.61,1.88,3.97,2.04,1,1.17,0.5,0.83,0.68,0.46
1453,5760,180,East Coast (North),500,1.98,3.64,2.78,2.55,0.84,0.82,1.17,0.24,0.97,3.61,4.74,4.18,4.87,7.1,10.15,13.54,11.89,6.44,4.53,0.59,1.01,0.31,0.07,0.71,1.34,0.77,1.54,0.8,1.65,2.45,0.79,1.93
1454,5760,180,East Coast (North),500,1.14,3.1,4.62,5.5,5.11,7.44,7.14,5.67,5.03,2.27,0.39,0.38,1.08,2.31,2.36,7.57,5.26,1.05,1.81,0.4,3.49,5.07,4.4,0.38,0.88,1.03,0.65,0.93,0.47,1.2,6.47,5.4
1455,5760,180,East Coast (North),500,1.61,3.27,1.74,1.43,3,6.77,5.68,7.61,9.46,4.21,0.07,1.39,3.61,2.18,0.09,0.11,0.58,0.98,0.9,1.41,4.37,4.51,7.57,7.22,5.61,2.55,3.3,2.2,2.51,1.18,1.42,1.46
1456,5760,180,East Coast (North),500,0.33,0.11,0.65,0.61,0.86,4.82,4.16,2.24,2.09,3.79,4.85,1.62,1.82,1.79,1,2.46,3.09,4.05,1.47,3.49,4.87,4.49,4.25,4.37,5.94,7.71,8.33,4.51,2.81,2.89,4.15,0.38
1457,5760,180,East Coast (North),500,2.83,3.08,3.11,5.15,4.9,3.77,5.78,2.21,4.61,4.94,1.97,2.3,7.06,8.09,3.66,3.76,1.92,1.71,2.57,1.76,1.17,1.22,1.73,2.44,2.3,2.1,1.56,2.64,3.23,2.88,1.98,1.57
1458,5760,180,East Coast (North),500,0.06,0.97,1.24,1.58,2.02,1,1.95,4.19,0.62,1.74,1.83,0.03,1.16,1.81,2.96,5.23,4.14,3.75,8.6,12.86,9.51,7.36,4.09,3.51,3.68,3.16,2.41,2.32,2.9,1.99,1.21,0.12
1459,5760,180,East Coast (North),500,0.89,0.15,0,0.21,0.83,0.63,1.12,1.72,1.08,0.81,1.71,2.52,4.16,0.65,2.97,1.82,1.13,2.81,1.4,2.61,4.59,5,2.88,8.57,9.44,4.06,3.8,9,5.36,5.84,6.76,5.48
1460,5760,180,East Coast (North),500,0.63,1.55,3.5,3.27,3.39,2.46,1.05,0.44,0.44,0.15,0.6,1.09,1.42,1.56,2.89,2.25,2.95,3.69,3.6,5.23,6.74,11.88,12.68,13.03,5.75,1.71,1.37,0.42,1.27,1.39,1.01,0.59
1461,5760,180,East Coast (North),500,0.66,0.85,1.75,2.81,1.3,6.9,9.42,5.57,7.82,9.57,3.79,2.14,0.82,6.34,1.63,0.69,0.23,0.77,0.96,0.02,0.07,0.44,3.39,3.39,4.48,6.71,3.07,1.98,5.06,5.14,1.32,0.91
1462,5760,180,East Coast (North),1000,0.09,0.5,1.63,2.67,1.43,2.49,0.96,1.02,1.63,2.95,3.84,2.01,5.31,5.77,7.61,7.89,6.62,5.86,6.43,10.17,5.75,4.09,2.6,2.12,3.4,1.41,0.9,0.87,0.41,0.67,0.55,0.35
1463,5760,180,East Coast (North),1000,0.65,1.04,1.3,0.52,0.86,1.14,0.74,0.93,2.04,0.94,0.88,0.97,1.24,2.42,4.63,2.12,2.37,0.33,1.1,0.87,0.42,1.33,5,5.6,4.26,7.28,8.97,9.88,14.46,6.99,5.95,2.77
1464,5760,180,East Coast (North),1000,1.43,1.57,1.02,0,0.21,0.77,0.89,1.18,0.92,0.86,0.9,2.31,2.22,1.14,6.14,7.58,9.31,3.92,0.52,0.24,0.22,0.45,3.49,1.1,2.43,10.91,4.67,6.07,10.25,5.23,5.67,6.38
1465,5760,180,East Coast (North),1000,3.28,0.52,0.01,1.3,1.43,0.69,5.52,1.37,0.93,1.61,1.51,1.98,3.33,1,4.24,1.09,1.17,6.55,3.04,3.05,3.42,3.85,3.13,6.71,12.21,3.99,1.61,3.54,5.4,3.74,4.08,4.7
1466,5760,180,East Coast (North),1000,1.91,1.93,0.06,0.03,0.01,0.35,0.04,0.84,0.59,0.78,3.73,6.18,2.84,3.53,2.92,6.83,2.89,1.87,1.92,1.4,2.4,3.08,3.91,2.1,3.12,5.77,3.05,5.77,5.67,6,8.06,10.42
1467,5760,180,East Coast (North),1000,1.32,1.82,1.39,0.59,3.77,1.66,0.46,4.3,0.06,0.04,1.58,1.44,3.74,5.87,5.38,6.86,11.22,16.19,5.97,7.45,3.03,3.02,2.64,2.5,1.8,1.87,2.18,1.65,0.19,0,0.01,0
1468,5760,180,East Coast (North),1000,0.9,1.02,3.06,1.05,2.68,10.33,6.23,6.98,12.85,3.31,1.51,0.64,4.05,1.92,0.84,0.44,1.96,1.17,0.22,0.12,0.17,3.77,5.47,5.72,6.86,2.48,3.43,4.22,4.95,0.77,0.88,0
1469,5760,180,East Coast (North),1000,0.16,0.19,0,4.76,1.28,0.51,0.16,0.18,1.7,9.54,0.69,0.74,0.41,0.02,4.02,0.73,3.89,6.04,13.22,9.71,1.78,0.03,1.73,5.02,1.82,3.47,2.12,3.92,5.21,7.45,8.8,0.7
1470,5760,180,East Coast (North),1000,0,0,0,0,0,0.06,2.62,1.73,2.89,1.43,1.28,0.68,0.8,1.32,1.98,2.11,2.47,1.96,1.81,0.36,0.4,1.3,4.5,11.41,9.73,2.3,3.17,4.07,5.62,8.48,14.5,11.02
1471,5760,180,East Coast (North),1000,0.37,0.18,0.11,0.88,0.22,0.43,0.97,0.37,1.44,1.45,2.44,1.74,3.58,2.63,4.53,6.54,6.52,6.24,6.93,4.78,5.02,2.73,4.11,9.58,8.17,6.15,3,2.94,3.19,1.64,0.66,0.46
1472,5760,180,East Coast (North),2500,1.75,2.78,4.35,4.58,4.99,6.75,7.3,5.6,5.58,4.08,0.73,0.43,0.97,2.85,2.62,6.34,6.31,1.9,1.96,1.26,2.81,4.82,3.78,0.81,0.77,0.85,0.87,1.06,0.21,1.56,3.45,5.88
1473,5760,180,East Coast (North),2500,1.02,1.6,1.96,1.49,3.2,5.95,7.32,6.25,1.71,0.31,0.12,0.05,1.24,1.4,1.98,6.71,5.73,3.36,9.22,5.49,5.66,6.6,5.85,6.19,4.62,1.03,0.54,0.67,0.19,0.3,0.63,1.61
1474,5760,180,East Coast (North),2500,0.58,0.98,1.19,6.39,4.14,2.35,2.17,3.72,4.65,1.21,1.51,1.44,0.83,1.91,2.82,3.55,1.4,4.09,4.36,4.19,4.83,4.48,5.56,7.03,8.36,5.22,3.42,2.65,3.99,0.79,0.19,0
1475,5760,180,East Coast (North),2500,0.88,0.22,1.02,1.22,0.44,1.08,0.7,1.3,0.84,1.62,1.53,0.82,1.09,1.25,2.32,4.77,3.54,3.2,0.95,0.8,1.27,0.27,1.09,4.24,5.64,5.15,7.56,9.27,9.86,11.38,9.59,5.09
1476,5760,180,East Coast (North),2500,2.75,4.21,3.47,4.92,4.02,4.32,4.97,1.23,2.93,1.85,2.78,3.66,4.5,5.57,2.81,2.47,3.96,3.05,1.23,0.84,1.49,2.11,3.32,1.91,3.54,3.65,3.91,3.36,4.45,2.08,2.86,1.78
1477,5760,180,East Coast (North),2500,0.04,0.12,0.93,1.02,1.5,1.97,0.73,2.6,3.46,0.63,0.86,2.96,0.01,0.54,0.88,1.96,4.92,8.4,5.84,11.17,10.43,7.65,5.24,4.84,3.66,3.12,2.31,3.02,3.5,2.7,1.71,1.28
1478,5760,180,East Coast (North),2500,0.56,0.48,1.48,0.52,0.65,1.45,1.08,1.74,1.04,0.4,1.72,1.47,1.5,2.87,1.14,1.38,4.3,1.87,2.99,1.84,2.54,1.89,1.75,1.86,7.5,4.75,12.8,21.15,12.08,2.73,0.38,0.09
1479,5760,180,East Coast (North),2500,0,0.07,0.43,0.4,1.44,2.52,2.84,0.13,0.83,2.5,0.58,3.46,3.84,1.11,2.07,1.89,1.41,3.32,2.18,2.61,3.95,2.57,5.57,7.85,4.31,3.45,6.23,3.55,7.06,10.26,7.98,3.59
1480,5760,180,East Coast (North),2500,0,0.06,0.17,0.76,0.86,2.44,6.41,12.75,9.92,4.75,0.11,0.43,0.14,0.3,0.93,0.26,5.79,14.65,6.67,0.32,0.14,0.52,3.99,3.61,9.52,1.28,1.09,2.22,1.94,3.73,4.24,0
1481,5760,180,East Coast (North),2500,17.45,17.34,1.25,0.4,0.28,4.44,1.75,1.46,2.78,2.83,3.12,9.46,2.87,2.76,1.93,9.17,5.45,5.17,2.14,0.66,0.21,0.26,0.26,1.76,2.18,2.09,0.16,0.27,0.07,0.02,0,0.01
1482,5760,180,East Coast (North),5000,1.97,3.19,3.05,4.38,4.83,3.53,1.94,2.02,3.94,0.52,0.74,3.01,4.56,1.64,1.53,2.74,0.62,1.06,3.14,4.45,5.7,3.69,2.04,4.02,4.81,3.71,3.15,4.9,4.3,5.49,2.87,2.46
1483,5760,180,East Coast (North),5000,0.06,0.5,1.48,2.72,2.31,2.36,1.21,0.91,1.42,2.92,3.58,2.24,4.63,5.41,8.66,8.5,6.35,6.32,7.29,9.24,5.69,4.66,2.78,2.05,2.68,1.31,0.79,0.71,0.34,0.36,0.35,0.17
1484,5760,180,East Coast (North),5000,2.25,4.27,2.74,2.93,7.4,7.71,7.32,4.84,7.06,3.69,1.89,2.28,3.61,1.15,0.97,0.98,2.95,3.5,4.31,5.52,3.39,0.62,5.62,1.2,1.93,0.49,1.08,5.08,1.47,1.59,0.16,0
1485,5760,180,East Coast (North),5000,4.47,4.87,6.54,7.62,6.05,6.22,4.14,0.65,0.44,1.06,3.02,2.48,6.5,8.4,3.01,2.87,1.55,2.54,4.72,3.75,1.27,0.9,0.91,1.1,1.14,0.24,1.87,3.11,4.75,0.41,0.8,2.6
1486,5760,180,East Coast (North),5000,0.6,1.35,0.68,1.09,0.63,1.08,2.39,1.67,1.98,5.88,6.94,8.93,2.29,0.25,0.41,0.05,0.49,2.17,1.15,4.03,6.83,2.69,6.42,8.14,6.18,5.11,6.19,5.97,5.42,1.6,0.9,0.49
1487,5760,180,East Coast (North),5000,1.54,1.19,1.05,1.82,1.16,1.02,3.73,1.01,0.24,2.22,0.6,0.04,1.15,1.21,5.97,7.97,9.43,9.02,8.08,7.77,4.03,4.56,4.24,4.08,2.98,3.21,2.74,3.43,1.65,1.52,0.92,0.42
1488,5760,180,East Coast (North),5000,3.35,4.05,3.56,5.44,3.99,4.02,5.14,1.14,2.77,2.13,4.25,4.71,5.45,5.94,2.59,2.78,3.63,2.42,1.08,0.81,1.17,2,2.46,1.51,2.83,3.37,3.18,3.63,4.39,2.05,2.19,1.97
1489,5760,180,East Coast (North),5000,2.25,2.07,2.12,1.04,2.09,0.95,0.7,2.12,1.83,1.85,0.16,0.82,1.73,5.29,5.83,5.84,5.46,6.14,7.45,8.57,6.85,6.69,2.11,2.12,3.11,3.19,2.66,2.39,0.38,1.36,2.78,2.05
1490,5760,180,East Coast (North),5000,0.75,3.59,4.56,2.14,2.41,1.66,3.64,1.92,0.92,0.85,0.85,1.28,2.09,3.2,1.87,2.66,5.11,4.68,6.87,5.51,4.52,6.06,9.19,7.59,7.78,2.22,3.6,2.14,0.21,0.11,0.01,0.01
1491,5760,180,East Coast (North),5000,1.72,0.9,6.08,3.36,2.31,7.66,11.12,5.87,1.1,2.84,2.29,2.22,4.66,5.23,6.89,3.26,2.07,5.16,4.5,2.25,1.65,1.6,1.05,1.35,1.8,2.06,1.51,1.69,1.57,0.9,1.84,1.49
1492,5760,180,East Coast (North),10000,1.86,3.32,2.99,4.27,4.74,3.52,1.89,2.18,4.18,0.59,0.86,2.94,4.63,1.82,1.59,2.77,0.68,1.19,2.97,4.2,5.54,3.56,2.24,3.83,4.78,3.79,3.16,4.77,4.13,5.43,3.03,2.55
1493,5760,180,East Coast (North),10000,0.13,0.9,2.28,3.22,2.37,2.14,1.51,1.3,1.67,3.43,3.83,2.4,3.85,4.58,7.58,7.57,5.82,6.31,7.69,9.09,6.25,4.64,2.68,1.93,2.34,1.35,1.09,0.71,0.42,0.38,0.31,0.23
1494,5760,180,East Coast (North),10000,0.39,1.42,2.4,3.76,2.4,2.47,7.54,7.96,7.49,4.94,7.32,3.77,2.24,2.25,3.49,1.25,1.23,0.96,3.49,3.14,4.39,4.6,2.89,0.57,4.84,1.09,2.37,0.45,0.93,4.72,1.8,1.44
1495,5760,180,East Coast (North),10000,4.1,4.92,5.47,7.4,7.18,5.37,6.31,1.57,0.74,0.55,2.13,2.46,3.21,7.33,5.35,1.91,3.96,1.44,3.5,4.09,3.49,1.19,0.82,1.18,1.67,0.81,0.49,1.6,4.38,2.73,0.34,2.31
1496,5760,180,East Coast (North),10000,0.54,1.44,0.75,1.12,0.64,1.16,2.48,1.77,1.92,5.94,7.28,9.16,2.32,0.31,0.46,0.11,0.44,2.07,1.05,3.58,5.95,2.4,6.15,8.48,6.34,5.2,6.15,6.16,5.42,1.62,1.04,0.55
1497,5760,180,East Coast (North),10000,3.27,3.57,3.35,5.27,4.62,3.55,4.89,1.48,2.21,2.83,4.9,4.4,6.65,6.83,2.98,2.76,3.3,1.69,1.27,0.9,0.99,1.53,1.99,2.06,2.85,4.06,2.71,3.57,4.15,2.31,1.49,1.57
1498,5760,180,East Coast (North),10000,1.16,0.4,0.74,0.48,0.55,0.8,0.57,0.92,0.12,0.47,1.02,4.37,4.44,4.9,3.21,3.87,4.81,6.54,9.7,8.33,5.44,3.23,4.61,2.33,2.4,4.53,2.24,4.75,2.86,5.61,2.57,2.03
1499,5760,180,East Coast (North),10000,1.52,0.24,0.28,1.12,2.48,0.41,0.75,1.36,1.11,4.64,12.74,5.83,13.24,4.47,7.51,3.92,1.36,1.19,2.86,1.25,5.12,4.85,0,0.01,0.02,0.17,2.11,0,0.02,1.23,9.95,8.24
1500,5760,180,East Coast (North),10000,1.66,1.4,5.95,3.46,2.21,7.86,13.02,10.16,1.09,2.27,2.58,1.88,4.1,5.24,6.08,3.11,2.27,4.55,4.01,1.92,1.35,1.31,0.86,1.38,1.43,1.6,1.2,1.31,1.22,0.76,1.5,1.26
1501,5760,180,East Coast (North),10000,1.9,1.95,1.71,1.01,1.55,0.89,0.56,1.88,1.38,1.5,0.21,0.76,1.87,5.32,6.27,6.07,4.55,6.29,8.02,9.61,7.11,8.35,4.11,1.76,2.36,2.73,2.46,2.33,0.47,0.98,2.15,1.89
1502,5760,180,East Coast (North),20000,2.58,4.06,3.58,4.74,5.39,4.3,2.14,2.48,4.07,0.61,1.07,2.4,3.92,1.66,1.43,2.36,0.6,1.14,2.7,3.53,4.57,2.86,2.52,4.36,4.6,3.24,2.73,4.46,4.39,5.35,3.27,2.89
1503,5760,180,East Coast (North),20000,1.47,1.11,1.65,2.63,4.41,4.86,4.5,4.89,3.47,2.29,2.4,2.6,3.88,2.92,4.71,4.18,3.04,3.31,3.77,6.01,4.75,6.04,4.87,4.28,3.4,1.91,1.46,1.6,1.32,0.59,1.09,0.59
1504,5760,180,East Coast (North),20000,0.41,1.56,3.07,3.64,1.77,3.2,7,8.16,6.57,5.52,7.68,3.24,1.61,3.55,2.56,0.97,1.12,1.06,4.82,2.66,4.79,4.43,1.95,2.49,4.51,0.74,1.53,0.06,2.5,4.13,1.14,1.56
1505,5760,180,East Coast (North),20000,1.87,2.18,3.69,3.73,4.38,5.88,7.15,5.61,4.63,3.5,0.79,0.37,1.39,2.74,2.51,5.1,6.25,3.05,3.81,3.35,3.08,3.81,3.84,2.72,1.17,0.9,1.76,1.66,0.79,1.84,2.93,3.52
1506,5760,180,East Coast (North),20000,2.88,1.33,2.52,3.17,3.32,2.78,4.01,3.13,3.88,5.87,3.12,5.1,5.22,5.98,7.49,5.71,5.11,2.1,2.15,1.93,2.69,1.28,1.2,1.32,1.43,2.12,1.22,1.68,2.03,2.2,2.77,3.26
1507,5760,180,East Coast (North),20000,1.21,1.87,2.91,2.78,2.52,6.93,4.45,0.49,0.34,1.41,0.16,0.32,0.52,1.27,4.43,9.02,7.93,8.4,4.65,4.34,2.58,2.95,4.9,4.76,3.29,2.98,3.25,5.04,2,1.03,0.97,0.3
1508,5760,180,East Coast (North),20000,0.27,1.56,3.71,2.17,3.87,1.99,1.64,1.34,1.04,3.22,2.73,7.12,10.14,10.41,4.89,1.73,0.22,0.01,1.71,1.27,0.16,1.58,14.82,14.85,0.84,1.14,3.77,0.7,0.19,0.2,0.46,0.25
1509,5760,180,East Coast (North),20000,2.24,1.94,1.41,1.82,1.51,0.74,0.5,1.89,1.18,1.1,0.21,0.87,2.58,5.22,6.36,6.06,5.33,7.19,8.74,9.51,7.57,6.2,2.58,1.86,2.52,2.75,2.1,1.96,0.19,1.81,2.66,1.4
1510,5760,180,East Coast (North),20000,0.22,1.6,1.59,1.59,1.12,2.12,1.25,0.89,0.75,0.69,1.11,1.71,1.4,1.31,2.47,4.88,6.69,3.98,13.25,9.11,7.19,6.58,5.07,7.42,5.91,4.41,3.05,1.26,0.67,0.27,0.32,0.12
1511,5760,180,East Coast (North),20000,2.5,4.84,4.72,2.76,0.28,0.53,0.78,0.73,1.06,3.83,6.08,5.48,8.22,9.94,7.98,7.03,4.05,2.89,3.52,3.62,1.52,0.45,0.63,2.34,1.1,1.6,1.03,1.1,3.47,2.28,1.89,1.75
1512,5760,180,East Coast (North),40000,0.09,0.04,0.13,0.06,0.21,0.16,1.69,1.32,0.28,0.07,0.14,0.4,0.37,1.74,2.47,4.42,6.42,7.73,8.22,6.22,7.04,6.9,5.96,5.53,4.72,3.17,2.17,3.86,5.76,5.06,4.36,3.29
1513,5760,180,East Coast (North),40000,1.49,1.01,1.61,2.16,4.69,4.49,3.94,3.92,2.82,1.72,1.64,2.2,2.55,1.88,3.32,3.07,2.37,2.48,3.1,4.42,4.44,6.76,6.38,6.05,5.26,3.36,3.37,3.11,3.27,1.25,1,0.87
1514,5760,180,East Coast (North),40000,0.83,1.05,2.13,3.39,7.3,6.73,6.93,7.61,7.21,7.17,4.59,3.37,3.82,1.93,0.29,0.22,0.42,0.36,0.47,0.43,1.98,4.22,7.89,4.99,4.8,3.07,1.69,1.64,1.74,0.95,0.34,0.44
1515,5760,180,East Coast (North),40000,1.73,3.04,1.67,2.94,3.7,3.17,2.78,4.54,3.75,4.07,5.78,3.87,4.86,4.64,6.29,7.56,6.41,5.14,2.08,2.51,1.96,2.06,1.1,1.11,1.24,1.28,1.71,1.23,1.49,2.14,1.77,2.38
1516,5760,180,East Coast (North),40000,5.2,8.1,8.18,6.19,2.98,1.88,0.8,1.09,2.99,1.51,3.01,4.75,5.04,2.13,1.42,1.96,1.4,2.59,3.06,5.75,5.57,2.39,2.18,0.93,2.4,1.69,7.23,5.06,2.16,0.19,0.06,0.11
1517,5760,180,East Coast (North),40000,0.45,1.26,1.61,3.99,3.04,4.59,3.4,4.46,1.76,3.54,2.97,1.7,1.56,1.16,1.19,2.17,2.07,1.99,3.39,5.09,5.4,6.13,3.93,3.9,5.25,6.92,5.75,4.66,1.79,2.07,1.68,1.13
1518,5760,180,East Coast (North),40000,2.08,2.07,1.47,1.83,1.44,0.65,0.38,1.32,1.26,0.97,0.4,0.95,1.94,4.99,6.9,7.32,6.61,7.72,9.05,9.25,7.7,6.48,2.75,1.76,2.02,1.97,1.83,1.63,0.16,1.62,2.41,1.07
1519,5760,180,East Coast (North),40000,0.31,0.38,0.83,0.07,0.37,1.17,1.17,1.99,2.25,2.24,5.76,7.33,2.44,0.51,1.27,0.12,0.42,0.53,1.22,4.17,8.98,10.14,11.75,7.34,6.18,3.46,3.19,3.43,3.37,2.17,2.58,2.86
1520,5760,180,East Coast (North),40000,0.02,1.39,2.18,2.2,4.43,5.16,5.44,4.24,3.85,2.87,2.54,2.22,3.65,5.57,4.77,0.93,0.29,0.61,1.46,4.95,4.29,1.46,1.08,2.04,3.47,6.71,10.52,7.8,3.57,0.1,0.11,0.08
1521,5760,180,East Coast (North),40000,1.58,1.85,0.13,0.53,1.32,1.84,0.77,1.5,4.24,4.1,3.89,11.6,8.66,3.57,1.34,0.65,1.99,2.67,1.31,2.76,3.12,1.64,5.84,3.46,8.86,8.43,5.73,1.89,0.78,0.64,1.9,1.41
1522,7200,180,East Coast (North),100,3.74,4.7,4.16,2.86,2.58,6.48,1.01,2.77,5.58,1.35,1.86,3.99,2.29,1.32,1.16,2.47,5.07,1.62,1.14,0.93,3.2,3.44,3.34,3.45,3.8,3.29,4.78,3.7,3.53,2.5,1.25,0.7,0.09,0.35,0.02,0.42,0.38,0.05,2.67,1.96
1523,7200,180,East Coast (North),100,0.12,0.05,0.2,2.08,0.2,1.37,1.43,0.79,2.15,6.94,7.09,15.86,0.89,0.71,6,11.24,5.21,2.86,3.34,2.01,0.17,1.83,4.62,8.16,4.3,1.81,1.15,1.92,1.14,1.12,0.52,0.44,0.91,0.34,0.21,0,0.74,0.08,0,0
1524,7200,180,East Coast (North),100,0,0,0,0,6.13,6.63,0.11,0.34,2.53,0.03,0.57,0.81,3.28,7.6,1.7,0.91,0.15,0,0.29,1.02,3.56,4.12,6.96,5.24,1.68,0.45,0.11,2.45,1.99,0.59,1.65,3.79,10.92,11.64,9.39,1.73,0.87,0.65,0.11,0
1525,7200,180,East Coast (North),100,0.71,0.16,0.35,0.44,2.59,0.64,0.34,2.2,0.66,0.07,0,0.25,0.53,0.38,0.09,0.3,0.07,0.74,0.53,0.21,0.38,1.12,2.39,3.62,4.35,2.36,3.51,6.46,10.73,13.75,7.3,4.29,0.96,1.24,0.57,0.03,1.58,4.14,12.8,7.16
1526,7200,180,East Coast (North),100,1.01,5.07,0.56,1.38,3.47,0.77,1.5,0.23,0.33,3.14,3,0.47,0.29,1.54,1.21,4.39,2.57,4.33,2.39,0.37,0.08,0.07,0.02,0.04,0.83,0.74,0.27,0.46,4.19,5.49,4.13,2.37,10.41,7.69,3.7,4.35,12.1,5.04,0,0
1527,7200,180,East Coast (North),100,1.27,1.25,1.63,1.26,1.73,1.98,0.96,0.91,0.26,1.3,2.67,3.49,3.22,0.09,0.7,0.47,0.27,0.27,0.44,0.74,0.71,1.17,0.56,0.71,1.19,1.57,5.44,2.29,3.08,6.84,4.45,4.29,1.15,2.07,2.54,3.77,4.34,6.54,11.64,10.74
1528,7200,180,East Coast (North),100,1.13,8.19,3.72,1.3,2.32,2.26,5.26,0.14,0.01,0.09,0.62,1.39,15.17,14.89,1.51,0.83,1.47,0.95,2.54,6.69,3.81,0.6,0.18,0.04,0.08,0.16,0.81,3.03,2.72,3.79,3.66,1.96,0.13,0.51,0.8,2.58,2.8,0.04,0.26,1.56
1529,7200,180,East Coast (North),100,0.9,3.78,0.67,1.39,9.83,19.69,4.47,0.19,0.14,0.79,0.28,1.62,4.96,4.13,3.71,0.81,0.55,4.27,1.29,0.3,2.19,1.73,2.35,1.44,4.34,2.21,0.72,4.55,3.66,2.73,0.21,0.66,0.52,1.3,0.43,2.36,1.01,2.75,0.86,0.21
1530,7200,180,East Coast (North),100,0.7,2.38,2.88,0.52,0.78,0.95,1.57,0.46,2.78,2.86,3.23,1.57,2.18,3.58,0.55,3,1.86,0.49,0.18,7.51,0.79,3.1,3.46,0.4,6.98,10.41,1.72,8.44,3.06,1.11,2.95,0.99,2.52,1.33,0.98,5.14,2.2,1.48,1.11,1.8
1531,7200,180,East Coast (North),100,0.51,0.59,0.63,0.07,0.02,0.6,0.02,0.07,2.07,3.67,9.29,5.75,5.85,1.35,3.83,3.73,0.21,1.35,3.35,3.63,5.65,4.59,3.77,8.3,7.55,3.04,1.49,0.65,6.63,0.29,0.64,3.87,4.35,0.32,0,0.01,0.7,0.24,0.95,0.37
1532,7200,180,East Coast (North),200,1.15,0.8,0.86,1.96,0.82,0.82,0.79,1.03,1.93,3.79,1.74,1.96,0.3,1.02,0.83,0.41,1.13,4.33,4.41,2.69,4.86,7.69,9.76,15.35,7.49,6.37,2.84,1,0.65,0.01,0.27,0.81,1.06,1.1,0.95,0.63,2.57,1.18,0.84,1.8
1533,7200,180,East Coast (North),200,2.7,2.51,3.26,4.15,4.18,3.02,4.2,2.21,4.67,3.82,2.31,2.35,5.73,4.72,3.05,2.76,1.73,2,2.38,1.27,1.07,1.49,1.89,2.47,1.62,1.59,1.73,2.3,2.57,1.84,1.82,1.33,1.35,2.61,3.32,2.24,1.15,0.97,1.2,2.42
1534,7200,180,East Coast (North),200,0.05,0.76,1.91,1.63,0.09,0.05,0.02,0.41,0.11,0.57,0.35,0.34,2.91,5.31,2.2,2.87,1.15,5,2.7,1.58,1.65,0.73,2.68,2.79,3.48,2.45,2.33,5.37,2.74,4.47,3.65,4.53,5.36,10.2,4.85,3.87,1.58,5.11,1.88,0.27
1535,7200,180,East Coast (North),200,0.21,0.07,0.28,0.99,1.8,3.06,1.73,2.38,5.75,6.1,6.57,6.98,5.16,0.12,1.31,4.51,1.94,0.17,0.11,0.42,0.69,0.89,0.89,4.91,5.88,8.25,6.99,4.57,2.5,3.25,2.15,2.26,1.05,1.23,0.72,0.59,2.19,0.9,0.26,0.17
1536,7200,180,East Coast (North),200,0.96,0.27,0.46,0.62,0.7,0.08,0.21,0.64,0.62,1.89,4.16,2.93,3.55,1.88,0.91,0.31,0.23,0.17,0.79,1.16,1.31,2.05,2.42,2.48,2.69,3.95,3.69,4.86,7.5,12.48,12.59,10.47,3.05,1.44,1.51,0.97,1.15,0.95,0.99,0.91
1537,7200,180,East Coast (North),200,0.64,1.2,1.08,0.11,0.15,0.19,1,0.28,0.7,1.54,1.09,0.83,0.79,1.29,3.17,3.07,0.76,3.12,1.17,1.47,2.5,0.93,2.59,5.15,3.8,4.65,7.83,6.12,3.91,5.28,10.42,2.68,7.78,7.93,3.56,0.21,0,0,0.21,0.8
1538,7200,180,East Coast (North),200,3.93,1.35,0.27,0.19,0.03,0.23,1.03,0.98,0.13,0.04,0.05,0.03,0.08,0.66,1.21,1.65,1.71,0.58,2.99,3.65,0.22,3.3,0.15,0.02,2.56,2.07,3.18,3.99,3.32,3.74,9.09,13.81,8.16,5.61,3.12,3.71,4.17,3.62,2.66,2.71
1539,7200,180,East Coast (North),200,1.6,0.45,0,0.04,0.4,0.67,0.03,0.03,0.08,3.12,5.4,9.6,11.79,5.52,3.58,2.75,4.5,4.83,8.62,3.54,1.15,0.97,1.85,1.87,0.91,0.43,3.91,1.82,4.8,4.22,2.76,1.6,1.22,0.7,0.23,0.16,0.74,0.68,1.91,1.52
1540,7200,180,East Coast (North),200,0.17,0.1,0.02,0.02,0.07,0.72,1.26,1.45,3.48,1.83,3.97,12.97,5.61,6.36,6.61,4.21,2.16,0.76,6.59,1.27,1.03,0.22,0.68,0.53,0.19,0.05,0.32,2.29,3.78,3.72,6.43,4.24,1.94,4.32,6.86,1.44,2.02,0,0,0.31
1541,7200,180,East Coast (North),200,1.95,1.34,1.39,1.11,1.48,1.08,0.73,0.62,0.4,1.51,1.61,1.65,1.31,0.23,0.42,0.38,0.25,0.32,0.69,0.63,0.35,0.62,0.33,0.67,0.9,1.85,3.69,1.23,2.72,5.58,4.25,2.85,1.55,1.68,1.59,3.01,2.93,9.34,30.15,5.61
1542,7200,180,East Coast (North),500,1.08,0.76,0.89,1.94,0.89,0.86,0.82,1.09,2.08,4.03,1.93,2.09,0.3,1.05,0.83,0.4,1.2,4.38,4.45,3.01,5.23,7.84,9.56,14.47,7.14,6.03,2.75,0.93,0.64,0.03,0.25,0.82,1.1,1.17,0.9,0.62,2.64,1.21,0.82,1.77
1543,7200,180,East Coast (North),500,0.37,0.1,0.48,1.58,3.12,1.66,1.36,2.88,6.44,5.4,7.25,8.98,4.01,0.06,1.31,3.44,2.06,0.09,0.1,0.54,0.94,0.86,1.33,4.16,4.3,7.2,6.88,5.34,2.43,3.14,2.1,2.39,1.11,1.35,1.39,0.78,1.9,0.92,0.16,0.09
1544,7200,180,East Coast (North),500,2.41,2.62,2.71,4.39,4.1,3.18,4.82,1.89,3.99,4.37,1.73,2.01,5.5,6.66,3.15,3.13,1.64,1.48,2.25,1.5,1.04,1.1,1.55,2.15,1.9,1.76,1.36,2.28,2.76,2.31,1.76,1.42,0.96,2.37,3.61,2.52,1.09,0.87,0.86,2.8
1545,7200,180,East Coast (North),500,0.14,1.5,2.23,0.3,0.02,0.03,0.18,0.19,0.19,0.58,0.64,1.24,5.34,3.11,2.28,1.61,4.54,3.83,1.95,1.33,1.44,1.3,2.72,2.85,3.64,1.41,4.05,4.44,4.03,3.94,4.45,5.71,8.92,6.59,4.14,2.08,3.07,3.6,0.24,0.15
1546,7200,180,East Coast (North),500,3.6,1.4,1.68,1.3,0.13,0.16,0.77,0.9,0.49,0.11,0.04,0.01,0.1,1.4,1.18,1.88,1.89,0.54,2.86,3.01,0.2,3.18,0.1,0.01,1.36,1.64,3.93,5.13,3.64,4.47,10.41,13.08,6.99,5.81,3.63,3.32,3.07,2.65,1.84,2.09
1547,7200,180,East Coast (North),500,0.57,1.28,1.45,0.24,0.12,0.16,0.77,0.41,0.79,1.62,1.03,0.91,1.03,1.24,3.58,3.12,0.67,3.04,1.34,1.4,2.82,1.03,2.91,5.03,3.91,4.84,8.27,7.26,3.71,5.35,9.46,2.52,7.1,6.83,3.05,0.18,0,0,0.17,0.79
1548,7200,180,East Coast (North),500,0.85,0.25,0.46,0.61,0.69,0.08,0.22,0.67,0.61,1.8,3.94,2.85,3.4,1.82,0.94,0.29,0.22,0.19,0.79,1.12,1.27,2.2,2.46,2.59,2.74,4.08,3.83,5.06,7.65,12.69,12.62,10.49,3.09,1.38,1.4,0.91,1.08,0.91,0.91,0.84
1549,7200,180,East Coast (North),500,0.09,0.06,0.02,0.02,0.05,0.5,0.88,1.38,2.85,1.53,4.05,11.47,5.54,7.4,9.52,4.54,2.24,1.07,5.94,1.8,0.91,0.26,0.72,0.88,0.17,0.06,0.24,2.74,4,3.75,6.55,3.5,2.08,3.88,6.37,1.18,1.43,0,0,0.33
1550,7200,180,East Coast (North),500,1.46,0.46,0,0.06,0.39,0.57,0.03,0.02,0.07,2.9,5.63,9.18,11.52,6.19,3.92,2.78,4.55,5.12,8.88,3.62,1.16,0.96,1.81,2.17,1.14,0.67,3.66,1.74,4.29,4.18,2.74,1.53,1.25,0.66,0.23,0.14,0.62,0.6,1.74,1.36
1551,7200,180,East Coast (North),500,2.82,3.08,1.34,0.28,1.12,3.01,2.63,4.47,5.5,3.92,2.88,2.82,0.7,0.01,0.58,1.51,1.38,0.88,4.77,5.5,6.17,10.95,2.19,1.43,1.99,3.68,3.61,0.64,2.54,2.17,0.62,1.58,3.29,1.73,2.32,1.77,2.03,0.84,0.22,1.03
1552,7200,180,East Coast (North),1000,0.89,1.16,1.24,2.12,0.68,0.56,1.13,0.37,0.58,0.96,1.18,0.48,0.8,1.05,0.69,0.86,1.87,0.87,0.81,0.91,1.14,2.22,4.25,1.95,2.17,0.32,1.02,0.81,0.39,1.22,4.59,5.14,3.91,6.67,8.24,9.08,13.27,6.41,5.46,2.53
1553,7200,180,East Coast (North),1000,2.7,2.52,3.15,4.32,4.43,3.44,4.61,2.18,4.18,2.96,1.89,2.49,6.99,5.71,3.26,2.93,1.73,1.56,2.13,1.09,0.9,1.22,1.42,2.04,1.91,1.66,1.66,2.33,3.09,2.38,1.66,1.27,1.22,2.53,2.79,2.04,0.84,0.73,1.18,2.86
1554,7200,180,East Coast (North),1000,0.02,0.39,0.05,0.62,0.45,0.66,3.27,5.09,2.41,2.76,2.38,5.4,2.52,1.7,1.69,0.97,2.25,2.77,3.5,1.93,2.82,5.48,3.1,5.17,4.68,4.62,6.27,9.69,5.25,4.57,2.36,3.81,1.09,0.23,0.03,0,0,0,0,0
1555,7200,180,East Coast (North),1000,3.52,1.47,2.23,1.69,0.18,0.21,0.76,0.94,0.63,0.15,0.09,0.02,0.13,1.81,1.32,1.94,1.9,0.57,2.78,2.78,0.2,3.06,0.15,0.01,1.6,1.58,3.79,5.32,4.04,4.89,9.87,10.55,6.6,4.84,3.78,3.63,3.4,2.85,2.09,2.63
1556,7200,180,East Coast (North),1000,0.36,0.86,2.17,2.02,0.16,0.16,1.82,1.04,0.88,5.8,0.65,0.93,2.22,0.62,2.96,2.43,1.22,3.9,0.94,1.83,7.22,2.27,2.33,4.32,2.8,4.3,7.33,10.1,3.6,1.92,4.76,3.63,4.09,4.7,2.89,0.09,0,0,0.22,0.46
1557,7200,180,East Coast (North),1000,10.79,3.64,0.63,0.59,0.68,2.75,1,1.57,1.97,0.97,1.2,0.67,1.56,2.86,3.29,4.17,4.02,3.67,2.15,2.27,2.44,4.91,8.39,6.26,4.72,0.57,1.82,1.59,0.12,0.34,1.04,1.67,0.08,0.61,1.77,0.92,0.57,0.14,8.49,3.1
1558,7200,180,East Coast (North),1000,9.1,0.57,0.15,0.16,0.95,1.26,0.66,0.17,7.74,3.91,1.04,0.37,0.87,0.16,0.29,4.66,3.43,0.53,0.06,3.73,0.71,0.88,0.47,12.19,20.71,3.34,3.83,2.37,1.13,0.18,4.73,2.71,0.03,0.44,0.65,1.14,0.26,1.43,0.2,2.79
1559,7200,180,East Coast (North),1000,0.59,0.19,0.89,0.56,1.27,2.05,1.69,2.35,1.96,1.23,0.63,0.44,0.64,0.7,0.83,1.38,1.87,4.69,4.07,4.02,6.19,5.02,5.85,4.06,3.21,4.14,7.35,8.38,3.63,1.74,1.39,3.08,1.56,1.41,0.43,3.04,4.91,1.75,0.17,0.64
1560,7200,180,East Coast (North),1000,1.34,1.3,1.44,1.05,1.82,1.49,0.95,0.97,0.33,1.83,3.13,3.48,2.29,0.11,0.76,0.51,0.26,0.23,0.45,1.11,0.48,0.96,0.59,0.89,1.05,2.51,4.83,2.02,3.65,6.53,4.54,3.47,1.52,1.99,2.4,4.88,3.54,6.92,13.63,8.75
1561,7200,180,East Coast (North),1000,1.85,9.84,7.08,1.96,3.95,4.03,4.87,0.68,0.07,0.33,0.21,0.53,8.12,17.4,1.49,0.62,1.49,0.68,1.72,3.29,2.7,0.4,1.93,0.45,0.39,0.46,0.8,2.3,3.45,2.8,2.77,1.54,0.73,0.47,0.96,2.3,2.34,0.13,0.66,2.21
1562,7200,180,East Coast (North),2500,0.99,0.75,0.81,1.03,1.6,1.46,2.9,2.64,3.69,4.33,3.2,1.6,1.48,3.71,0.52,0.59,3.08,4.66,1.64,1.39,2.59,0.66,1.03,2.37,4.3,5.9,3.71,1.59,2.83,4.35,3.66,3.1,4.95,3.61,4.95,2.78,2.26,1.2,1.7,0.39
1563,7200,180,East Coast (North),2500,0,0.2,1.11,1.84,1.67,1.44,1.65,2.59,4.02,4.26,4.64,6.28,6.79,5.19,5.17,3.77,0.68,0.4,0.9,2.65,2.42,5.88,5.87,1.78,1.8,1.17,2.61,4.46,3.52,0.75,0.7,0.78,0.8,0.98,0.21,1.45,3.2,5.46,0.34,0.57
1564,7200,180,East Coast (North),2500,2.41,4.01,3.08,4.19,3.05,3.89,5.17,1.2,3.51,2.58,2.42,2.9,4.22,4.51,2.37,2.32,3.11,3.2,1.39,1.01,1.48,2.05,3.01,1.79,3.44,3.22,3.7,3.52,4.68,2.32,2.18,1.11,0.53,0.8,0.53,0.83,0.19,0.28,1.12,2.68
1565,7200,180,East Coast (North),2500,0.23,1.11,1.09,1.32,1.89,0.6,0.54,1.06,0.32,0.65,1.07,0.54,0.93,0.55,1.25,0.53,1.36,1.44,1.06,0.78,1,1.38,3.86,4.05,2.59,1.79,0.47,1.36,0.33,0.47,2.44,5.45,4.85,5.63,8.08,8.76,9.74,9.57,5,4.86
1566,7200,180,East Coast (North),2500,0.36,0.93,1.06,0.94,0.69,1.04,1.77,1.79,1.08,4.77,6.47,7.39,4.14,0.36,0.21,0.07,0.21,2.01,0.84,2.57,8.29,3.2,4.51,8.55,4.94,5.24,6.04,6.41,6.07,2.35,1.07,0.34,0.51,0.1,0.31,1.13,1.15,0.59,0.27,0.23
1567,7200,180,East Coast (North),2500,2.32,2.11,3.09,1.89,0.27,0.35,0.43,0.81,0.62,0.3,0.38,0.01,0.15,1.8,0.89,1.74,1.89,0.49,3.3,1.91,0.17,2.61,0.48,0.02,0.36,0.82,3.47,5.98,7.57,7.6,10.73,8.1,4.85,4.37,4.21,3.42,2.3,2.55,2.17,3.47
1568,7200,180,East Coast (North),2500,0,0,0.42,1.22,4.81,1.27,0.92,2.28,1.63,0.63,0.3,1.24,3.02,2.92,0.44,1.28,1.44,1.9,3.31,2.69,6.94,1.31,0.4,0.06,0.05,0.01,0.11,0.89,0.77,0.17,1.47,4.55,3.72,2.21,4,10.49,8.48,4.95,7.14,10.56
1569,7200,180,East Coast (North),2500,0.58,0.23,0.14,0.58,1.15,0.13,0.03,0.4,0.59,1.05,2.2,1.37,0.17,0.52,0.74,1.69,1,1.42,1.2,0.53,0.87,1.98,3.27,6.14,3.42,4.02,4.02,4.78,3.87,4.94,6.65,5.99,7.99,7.74,7.08,3.44,3.38,2.13,1.64,0.93
1570,7200,180,East Coast (North),2500,0.02,0.06,0,0.06,0.03,0.31,0.93,1.66,0.88,0.08,0.12,0.68,0.61,0.73,2.16,0.81,1.1,1.06,1.07,3.5,2.74,0.76,3.07,2.04,1.26,3.87,1.5,3.7,4.97,4.6,5.19,8.58,7.28,3.76,6.34,7.64,2.73,6.49,5.35,2.26
1571,7200,180,East Coast (North),2500,0.02,0.26,0.02,0.11,0.08,0,0.01,0.43,0.7,0.73,0.28,1.18,0.73,1.8,3.12,2.58,2.86,2.43,1.08,0.6,0.36,0.75,0.6,1.02,1.5,2.18,6.21,5.37,5.6,6.23,5.18,5.6,4.64,3.78,4.39,8.43,11.08,3.65,2.24,2.17
1572,7200,180,East Coast (North),5000,0.9,0.74,0.71,1,1.49,1.82,2.77,2.62,3.69,4.72,3.21,2.67,1.11,3.81,0.93,0.65,1.86,3.88,2.42,1.77,1.72,1.1,0.95,2.09,4.99,3.19,4.65,2.03,3.54,3.87,4.38,1.91,4.8,3.84,4.18,3.68,2.6,1.3,1.68,0.73
1573,7200,180,East Coast (North),5000,0.02,0.81,1.09,1.53,0.07,0.02,0.02,0.08,0.69,1.61,1.7,1.44,1.95,2.74,3.97,4.51,4.78,6.02,6.93,5.24,5.98,5.42,0.94,0.23,0.91,2.3,2.88,4.99,7.76,4.5,1.81,1.84,1.81,3.98,3.4,2.74,0.41,0.95,0.88,1.05
1574,7200,180,East Coast (North),5000,2.37,3.72,2.97,4.36,3.16,3.77,5.36,1.43,3.7,3.04,2.51,2.81,4.03,5.51,2.62,2.61,2.67,2.81,1.59,1.18,1.37,1.71,2.53,1.72,2.9,2.85,3,3.21,4.35,2.43,1.98,1.17,0.56,1.1,1.2,1.2,0.34,0.39,1.09,2.68
1575,7200,180,East Coast (North),5000,1.35,0.88,2.11,0.87,0.39,0.72,0.72,0.18,0.78,0.81,0.32,0.9,0.64,1.08,0.86,1.22,1.23,0.75,1.05,1.31,2.26,4.86,3.7,3.64,0.89,0.67,1.12,0.34,1.06,4.17,5.32,4.94,8.45,11.25,8.28,8.47,6.13,3.08,2.69,0.51
1576,7200,180,East Coast (North),5000,8.83,1.89,0.13,0.08,0.05,0.08,2.27,4.45,2.45,0.19,0.09,0.33,1.92,0.68,1.01,1.46,5.61,1.48,0.44,2.74,3.89,7.03,11.59,13.78,15.79,5.12,0.71,0.11,0.07,0,0.33,2.76,2.23,0.05,0.05,0.03,0,0.17,0.09,0.02
1577,7200,180,East Coast (North),5000,0.17,0.86,1.13,0.81,2.12,1.97,2.02,0.99,2,0.92,0.67,2.04,1.74,1.77,0.15,0.78,1.66,5.05,5.59,5.59,5.23,5.87,7.12,8.18,6.56,6.39,2.04,2.01,2.97,3.06,2.55,2.29,0.36,1.31,2.66,1.95,0.78,0.46,0.06,0.12
1578,7200,180,East Coast (North),5000,2.88,9.41,6.3,0.15,0.16,0.12,0,0.48,1.78,1.31,0.05,0.08,0.6,0.3,0.57,0.4,1.11,1.82,0.79,0,0.02,1.7,2.46,5.03,2.37,3.09,7.22,10.62,3.21,0.44,2.79,1.8,2.91,4,5.94,5.16,2.13,2.81,4.47,3.52
1579,7200,180,East Coast (North),5000,0.13,0.18,2.59,5.84,3.04,6.09,2.69,1.92,1.67,0.82,2.76,3.26,9.01,6.79,8.99,0.48,0.16,0.3,0,2.86,1.73,0.13,2.07,16.19,13.51,0.23,1.39,3.3,0.16,0.03,0.12,0.42,0.25,0.18,0.37,0.11,0,0.01,0.14,0.08
1580,7200,180,East Coast (North),5000,0.16,0.99,0.64,0.29,0.46,0.31,1.38,3.97,2.3,0.89,1.62,1.62,0.53,0.81,0.72,1.38,5.65,1.45,4.62,6.91,5.1,2.93,3.69,1.85,0.4,0.05,0.04,1.2,0.71,1.51,3.83,1.17,4.2,6.82,15.98,6.25,4.11,1.97,1.23,0.26
1581,7200,180,East Coast (North),5000,4.15,8.59,1.94,4.88,4.77,2.41,1.73,1.31,0.21,0.16,0.08,1.37,1.84,0.88,1.54,0.65,0.64,0.2,0.43,8.86,7.77,4.74,3.3,1.98,0.18,0.17,0.14,0.01,2.49,6.5,1.29,5.38,3.34,0.11,0,1.15,0.78,1.55,8.96,3.52
1582,7200,180,East Coast (North),10000,0.94,0.71,0.73,0.96,1.43,1.78,2.9,2.53,3.63,4.6,3.14,2.62,1.24,3.88,1.1,0.74,1.72,3.86,2.68,1.89,1.79,1.1,1.07,2.07,4.65,3.14,4.4,2.23,3.44,3.83,4.37,2.01,4.65,3.65,4.16,3.78,2.72,1.36,1.73,0.77
1583,7200,180,East Coast (North),10000,1.36,1.63,2.15,1.27,2.1,2.66,3.53,4.19,4.66,6.3,6.13,4.58,5.37,1.34,0.63,0.48,1.81,2.08,2.73,6.24,4.57,1.61,3.35,1.23,2.97,3.5,2.96,1.02,0.69,0.99,1.42,0.7,0.43,1.37,3.73,2.34,0.3,1.96,2.79,0.83
1584,7200,180,East Coast (North),10000,0.74,1.47,1.47,0.05,0.01,0.23,0.56,1.37,0.71,1.07,0.62,1.09,2.36,1.68,1.84,5.67,6.97,8.75,2.21,0.29,0.42,0.08,0.4,1.99,1.01,3.43,5.69,2.29,5.87,8.1,6.07,4.95,5.87,5.88,5.16,1.55,1,0.52,0.37,0.19
1585,7200,180,East Coast (North),10000,1.68,3.89,3.23,3.71,4.49,3.25,4.9,2.62,1.86,3.21,2.02,5,4.78,4.05,3.36,1.09,2.8,2.51,1.46,1.02,0.81,1.16,2.11,1.76,1.72,2.6,2.73,2.53,3.86,2.84,1.62,1.59,1.27,0.75,2.01,1.64,0.47,1.62,2.72,3.26
1586,7200,180,East Coast (North),10000,1.87,2.46,3.23,1.79,0.74,0.65,0.81,0.92,0.21,0.6,0.36,0.02,0.09,1.27,1.2,1.69,1.77,1.35,2.42,2.66,0.63,0.49,1.82,0.17,0.64,0.93,1.92,6.02,10.04,7.43,8.32,5.74,5.04,2.72,3.41,4.87,4.14,3.14,3.29,3.13
1587,7200,180,East Coast (North),10000,0.67,0.16,0.48,0.31,0.5,1.6,1.23,0.56,0.58,0.75,0.19,0.99,0.53,0.77,0.31,0.26,0.66,2.99,4.01,5.47,3.34,2.6,4.78,5.26,8.3,9.08,6.33,2.84,4.54,2.68,2.43,3.84,2.45,3.97,3.71,5.4,1.67,2.92,0.52,0.32
1588,7200,180,East Coast (North),10000,0.17,2.47,10.32,3.64,0.96,0.59,0.28,0.08,1.82,3.44,1.82,0.37,0.46,0.35,2.78,0.06,0.82,0.78,1.09,1.11,0.63,0.97,1.36,3.75,7.92,13.12,17.82,9.96,3.49,0.18,0.09,0,0.28,1.86,4.68,0.14,0.04,0.02,0.01,0.27
1589,7200,180,East Coast (North),10000,0.33,0.38,1.04,0.64,0.83,2.08,1.66,1.19,1.51,1.37,0.71,0.57,2,1.09,1.14,0.21,0.89,2.67,6.01,5.83,5.43,4.86,6.55,8.21,9.01,7.23,6.36,3.06,1.57,2.61,2.66,2.13,1.77,0.19,1.51,2.16,1.35,0.81,0.27,0.11
1590,7200,180,East Coast (North),10000,0.13,0.53,2.18,2.97,0.55,0.08,0.06,0.41,0.25,0.33,0.95,1.43,2.31,4.72,2.73,2.41,1.6,3.14,2.24,0.91,0.66,0.73,1.04,1.59,2.25,2.31,2.01,4.33,4.28,4.72,5.94,4.37,4.47,7.31,7.4,7.16,2.96,2.57,3.28,0.69
1591,7200,180,East Coast (North),10000,0.13,0.04,0.06,0.36,0.57,1.07,1.85,1.44,3.97,8.34,6.64,7.47,12.1,5.48,2.2,1.28,5.58,2.52,0.73,0.28,0.82,0.86,0.25,0.18,0.15,4.78,6.03,6.13,5.49,2.3,2.68,2.38,4.01,0.74,0.47,0.04,0.01,0.29,0.12,0.16
1592,7200,180,East Coast (North),20000,0.11,0.25,0.55,1.39,1.07,1.63,2.58,4.31,4.75,4.4,4.78,3.41,2.24,2.36,2.56,3.82,2.86,4.61,4.09,2.97,3.24,3.68,5.89,4.64,5.92,4.76,4.18,3.33,1.88,1.45,1.6,1.31,0.59,1.07,0.58,0.54,0.37,0.08,0.04,0.11
1593,7200,180,East Coast (North),20000,1.52,1.77,1.93,1.66,1.93,3.24,3.28,3.84,5.16,6.28,4.93,4.08,3.07,0.71,0.3,1.22,2.41,2.19,4.48,5.48,2.69,3.34,2.95,2.69,3.35,3.37,2.37,1.01,0.79,1.56,1.45,0.68,1.62,2.57,3.1,1.3,1.22,2.72,1.18,0.56
1594,7200,180,East Coast (North),20000,2.57,2.29,4.07,3.31,3.16,4.76,2.88,3.68,3.49,4.66,6.42,5.73,5.06,1.9,2.21,1.94,1.63,0.94,0.86,1.04,1.07,1.6,1.15,1.5,2.06,1.59,1.98,2.3,1.53,1.39,0.95,0.72,1.31,1.87,0.95,1.29,2.69,3.85,4.1,3.5
1595,7200,180,East Coast (North),20000,0.79,1.19,0.72,3.19,0.78,0.29,4.95,8.97,6.79,7.38,8.83,9.72,4.52,1.29,0.09,0.03,0.51,1.38,1.72,1.78,2.93,0.56,3.08,5.78,0.44,0.6,0.56,0.05,0.06,0.94,0.1,4.95,1.7,0.18,0.06,2.05,0.42,2.25,8.01,0.36
1596,7200,180,East Coast (North),20000,0.33,0.29,0.92,0.6,0.78,2.13,1.85,1.35,1.75,1.46,0.72,0.48,1.8,1.15,1.06,0.21,0.82,2.47,5,6.09,5.83,5.12,6.89,8.38,9.13,7.27,5.94,2.48,1.79,2.42,2.63,2.02,1.87,0.19,1.74,2.54,1.34,0.81,0.25,0.1
1597,7200,180,East Coast (North),20000,0.1,0.22,0.22,0.66,4.96,8.91,10.03,6.57,3.32,1.94,0.41,0.77,1.6,1.45,3.05,5.33,6.04,2.03,1.23,2.79,1.75,2.06,2.91,4.52,6.19,2.26,0.82,1.34,2.38,1.37,5.54,3.8,1.31,0.05,0,0.02,0.25,0.01,0.9,0.89
1598,7200,180,East Coast (North),20000,2.5,0.27,0.11,0.05,0.44,0.38,1.05,1.22,2.77,3.18,5.02,2.84,4.07,1.88,4.16,1.97,0.78,0.71,0.82,0.81,1.71,2.35,1.56,2.69,4.29,4.42,6.16,4.67,4.28,5.7,7.78,6.33,5.91,2.19,2.64,1.77,0.41,0.09,0.01,0.01
1599,7200,180,East Coast (North),20000,1.07,1.04,0.61,0.93,1.46,2.39,4.58,4.41,2.59,0.26,0.49,0.72,0.66,0.99,3.56,5.69,5.13,7.69,9.29,7.47,6.58,3.8,2.7,3.28,3.39,1.42,0.43,0.58,2.19,1.02,1.49,0.96,1.03,3.26,2.15,1.78,1.64,0.64,0.26,0.37
1600,7200,180,East Coast (North),20000,0.07,0.02,0.08,0.08,0.52,1.01,1.21,2.2,4.15,7.06,7.76,7.72,8.26,6.82,6.07,1.75,2.54,4.64,1.48,0.3,0.15,0.65,0.33,0.08,0.17,2.43,4.33,5.71,6.67,4.56,3.28,1.49,2.6,2.12,0.96,0.24,0.05,0.17,0.1,0.17
1601,7200,180,East Coast (North),20000,0.04,0.26,1.34,4.48,8.56,6.96,2.11,0.82,0.52,0.38,0.08,3.17,2.4,0.4,0.44,0.43,2.37,0.42,0.53,1.47,0.91,0.59,1.43,0.75,0.52,3.25,5.36,10.27,12.32,12.95,6.16,1.13,0.33,0.09,0.28,0.24,4.03,1.82,0.33,0.06
1602,7200,180,East Coast (North),40000,0.18,0.3,0.75,1.42,0.97,1.55,2.09,4.54,4.35,3.82,3.8,2.74,1.68,1.59,2.14,2.47,1.82,3.22,2.99,2.29,2.4,3.01,4.29,4.3,6.57,6.18,5.85,5.1,3.26,3.27,3.01,3.18,1.2,0.96,0.84,0.91,0.5,0.17,0.13,0.16
1603,7200,180,East Coast (North),40000,3.21,2.73,2.39,3.92,3.23,3.5,4.97,3.33,4.19,4,5.41,6.51,5.52,4.43,1.79,2.16,1.68,1.76,0.96,0.96,1.08,1.11,1.46,1.06,1.29,1.85,1.52,2.06,2.26,1.25,1.08,0.75,0.63,1.1,1.5,0.81,1.14,2.45,4.11,4.84
1604,7200,180,East Coast (North),40000,0,0,0.06,0.11,0.18,0.54,5.04,7.9,7.98,6.03,2.92,1.85,0.79,1.07,2.93,1.48,2.96,4.62,4.9,2.07,1.39,1.92,1.37,2.52,3,5.6,5.42,2.34,2.14,0.92,2.35,1.64,7.05,4.94,2.12,0.19,0.06,0.11,1.2,0.29
1605,7200,180,East Coast (North),40000,0.02,1.01,0,0.29,0,0,0,0.01,0.46,3.43,1.36,0.6,0.13,0.69,1.41,1.18,3.08,4.4,3.06,1.85,1.13,1.38,2.94,4.32,3.36,5.91,4.9,5.19,1.55,2.97,6.79,7.86,6.7,13.32,8.27,0.36,0.06,0,0,0.01
1606,7200,180,East Coast (North),40000,0.07,0.03,0.05,0.06,0.26,0.47,0.67,1.87,3.29,6.86,7.1,6.33,6.76,6.61,7.9,5.81,4.33,4.83,2.58,0.57,0.19,0.33,0.16,0.14,0.49,1.15,3.48,5.2,4.13,4.52,3,2.89,2.08,1.56,0.94,0.63,1.62,0.87,0.07,0.1
1607,7200,180,East Coast (North),40000,0.83,1.35,2.55,0.34,0.13,0.69,0.41,0.58,1.3,1.8,3.93,2.49,3.32,1.41,1.87,0.96,2.39,2.1,1.83,0.55,0.58,0.81,1.45,1.86,1.8,4,5.9,5.1,5.23,4.33,4.28,5.31,6.99,7.06,5.2,2.09,2.42,1.74,1.8,1.22
1608,7200,180,East Coast (North),40000,0.18,0.23,0.21,0.56,4.79,6.43,5.44,4.15,1.58,1.9,1.46,3.27,6.41,1.69,3.36,3.8,1.85,1.28,1.31,1.34,0.93,0.7,1.41,2.88,4.5,2.14,2.63,0.24,3.59,2.86,9.76,7.45,3.85,0.5,0.38,0.45,1.79,1.15,0.91,0.64
1609,7200,180,East Coast (North),40000,2.46,3.57,4.52,5.84,4.77,2.29,1.53,1.16,1.41,2.32,3.19,4.21,3.97,4.38,4.52,4.18,1.53,2.68,1.48,0.86,1.13,1.18,1.59,0.84,1.09,1.26,2,2.24,3.33,2.79,2.67,3.23,2.65,2.6,2.75,1.95,1.59,1.15,1.69,1.4
1610,7200,180,East Coast (North),40000,1.55,0.7,0.41,0.45,0.74,2.03,1.51,1.17,1.59,1.36,0.93,0.42,1.12,1.85,1.82,0.61,0.38,1.02,0.74,1.06,0.83,2.2,3.75,5.5,6.39,6.05,5.36,5.96,5.84,5.55,4.87,4.18,3.33,3.43,2.13,1.02,1.57,2.53,4.06,3.99
1611,7200,180,East Coast (North),40000,0,0,0,0.15,1.09,2.8,3.16,3.72,2.85,2.52,1.52,0.68,0.54,0.43,0.86,3.71,5.54,7.76,7.6,6.8,4.99,3.5,2.66,3.35,2.13,1.12,0.84,2.54,4.57,4.43,5.12,3.56,3.65,1.64,2.13,1.74,0.22,0.07,0,0.01
1612,8640,180,East Coast (North),100,0,0,0,0.32,2.21,3.37,0.79,0.19,0.41,0.37,0.77,2.12,0.44,1.54,1.17,0.13,0,0.04,0.41,0.6,0.09,0.18,0.13,0.35,0.61,0.41,0.29,0.32,1.19,3.7,3.64,3.15,1.85,4.35,9.96,13.22,8.07,5.54,1.73,1.3,0.75,0.06,0.05,3.97,6.09,11.94,2.17,0.01
1613,8640,180,East Coast (North),100,1.55,0.91,1.18,1.18,1.57,1.18,1.54,1.65,1.2,0.82,0.38,1.05,2.28,3.08,3.47,0.21,0.54,0.42,0.41,0.19,0.45,0.69,0.72,0.92,0.64,0.49,1.29,1.01,4.97,2.44,2.58,6.17,4.27,4.11,1.4,1.97,2.34,3.5,3.87,6.05,10.5,9.77,1.58,0.31,0.22,0.38,1.29,1.26
1614,8640,180,East Coast (North),100,0,0,0.03,0.57,0.8,1.91,8.2,2.86,1.22,2.57,2.17,4.94,0.06,0.01,0.08,0.73,1.3,15.98,14.42,0.58,0.96,1.5,0.91,4.05,5.12,3.55,0.67,0.07,0.04,0.07,0.16,1.64,2.21,3.43,3.93,3.17,1.37,0.33,0.26,1.05,2.3,2.74,0.1,0.2,1.49,0.17,0.08,0
1615,8640,180,East Coast (North),100,0.13,0.27,0.02,0,0,0,0.31,4,0.61,1.63,7.32,18.17,8.04,0.71,0.13,0.79,0.25,0.91,4.4,5.34,3.49,0.98,0.54,2.3,3.15,0.38,2.04,1.77,1.83,1.84,4.1,1.45,1.94,3.69,4.3,2.8,0.16,0.8,0.5,0.96,0.67,2.25,0.96,2.1,1.69,0.27,0.01,0
1616,8640,180,East Coast (North),100,0.1,1.3,0.61,1.19,0.71,2.28,2.69,0.47,0.73,0.89,1.46,0.43,2.61,2.69,3.03,1.48,2.06,3.38,0.52,2.8,1.74,0.45,0.17,7.06,0.73,2.91,3.25,0.39,6.54,9.78,1.63,7.92,2.86,1.04,2.77,0.95,2.36,1.24,0.91,4.82,2.08,1.4,1.03,1.69,0.31,1.93,0.25,0.36
1617,8640,180,East Coast (North),100,1.83,0.26,0.06,1.85,4.18,4.71,1.81,0.7,4.97,1.36,2.48,2.76,3.28,5.6,3.69,8.84,11.87,2.17,0.5,1.59,1.14,2.53,6.29,0.67,0.79,2.45,0.68,0.88,1.77,2.69,2.44,0.08,0.43,0.66,0.4,1.55,0.74,1.38,1.65,1.11,0.24,0.41,0.08,0.48,1.13,1.62,0.93,0.27
1618,8640,180,East Coast (North),100,5.12,3.89,2.11,4.38,8.03,9.72,0.32,0,0,0.02,0.4,0.49,2.23,0.2,0.06,0.05,0.09,0.13,1.32,0.83,2.74,1.34,0.03,0.06,0.19,0.42,0.48,1.1,1.01,2.45,0.41,1.11,2.64,0.34,1.6,2.23,5.86,4.71,4.93,4.01,2.48,3.88,5.8,5.33,1.27,0.96,1.54,1.69
1619,8640,180,East Coast (North),100,0.52,0.46,1.28,2.69,0.12,0.07,0.01,1.19,1.13,0.86,0.08,0.17,0.56,1.1,6.57,3.03,3.74,0.71,3.47,0.66,0.13,0.19,0.97,0.02,0.52,0.49,0.89,10.24,6.08,2.17,0.72,6.5,5.65,7.51,7.12,6.22,2.56,0.1,2.03,3.57,2.63,1.34,0.08,0.57,1.47,1.09,0.27,0.45
1620,8640,180,East Coast (North),100,0.79,0.09,0.21,0.7,1.59,2.4,2.1,1.52,1.12,1.29,5.55,6.56,6.1,5.75,1.67,2.02,1.06,0.96,2.04,0.75,0.4,0.95,0.24,0.65,3.35,0.88,1.65,1.63,7.48,2.87,1.84,2.84,0.43,0.47,0.17,0.33,0.4,0.72,1.54,0.98,2.94,1.67,3.11,1.01,2.21,5.32,7.93,1.72
1621,8640,180,East Coast (North),100,16.23,2.4,0,0.01,0.6,0.73,1.01,2.75,1,0.64,2.15,0.13,5.78,6.02,1.65,1.91,5.59,16.22,3.77,0.69,0.18,0,0.03,0.01,1.26,9.91,9.21,0.01,0.01,0,0,1.7,1.31,0.07,0,0,0.01,0.03,0.51,0.62,0.14,0.16,0.2,0,0.01,0,0,5.34
1622,8640,180,East Coast (North),200,2.76,0.76,0.49,1.13,0.4,0.14,1.28,1.34,0.43,0.75,0.77,0.92,0.69,1.78,0.81,0.66,0.77,1.07,1.61,3.43,1.59,2.11,0.43,0.75,0.95,0.23,1.04,3.28,4.26,2.89,4.03,6.84,8.71,11.97,10.28,5.76,3.31,0.45,1.11,0.04,0.07,0.74,1.04,0.74,1.32,0.53,2.13,1.41
1623,8640,180,East Coast (North),200,0.33,0.1,0.1,0.15,0.51,1.06,2.81,2.79,4.01,3.97,2.74,4.7,1.8,4.07,4.77,1.89,2.2,2.91,6.85,2.61,2.89,2.62,1.26,2.4,1.62,1.34,0.74,2,1.63,2.42,1.49,1.28,2.03,2.81,1.62,2.26,1.16,0.8,1.85,3.51,2.72,1.31,0.97,1.11,1.94,1.29,1.63,0.93
1624,8640,180,East Coast (North),200,0.5,0.2,0.04,0.47,0.38,0.12,1.2,0.86,0,0.03,0.43,1.61,2.03,0.17,0.05,0.02,0.4,0.08,0.27,0.63,0.31,2.08,5.26,2.62,2.6,0.88,4.95,2.29,2.04,1.6,0.85,1.58,3.2,3.36,2.84,1.79,4.6,3.36,4.38,3.28,4.18,5.26,9.86,4.87,3.8,1.53,4.05,3.09
1625,8640,180,East Coast (North),200,0.27,0.36,0.03,0.91,0.64,0.04,0.93,0.28,0.25,0.78,0.4,0.4,0.19,0.62,0.46,1.67,3.81,3.05,3.37,2.13,1.1,0.22,0.32,0.13,0.65,1.15,1.32,1.71,2.47,2.3,2.58,3.8,3.08,4.69,6.96,11.68,12.07,11.3,4.05,1.45,1.49,0.64,1.07,1.2,1.04,0.79,0.09,0.06
1626,8640,180,East Coast (North),200,0.18,0.62,0.03,0.39,1,3,2.18,0.32,0.18,0.03,0.22,0.73,0.99,0.24,0.05,0.04,0.04,0.07,0.39,1.02,1.64,1.37,0.91,2.14,4.02,0.18,2.69,0.59,0.02,2.15,1.75,2.7,3.77,3.19,3.46,7.64,12.51,7.54,6.29,2.84,3.41,3.56,3.84,2.32,2.63,2.86,1.68,0.58
1627,8640,180,East Coast (North),200,1.19,0.88,1.45,1.61,1.17,1.36,1.28,1.1,0.84,0.44,0.51,0.97,1.74,1.4,1.74,0.22,0.42,0.22,0.39,0.22,0.61,0.58,0.5,0.51,0.33,0.38,1,0.82,3.68,1.76,1.27,5.46,4.15,3.53,1.37,1.48,1.76,2.3,2.08,5.45,27.35,10.85,0.97,0.41,0.26,0.16,0.44,1.39
1628,8640,180,East Coast (North),200,2.4,6.92,0.89,1.12,0.76,1.56,1.81,1.01,1.16,1.77,0.75,0.37,1.03,1.34,2.67,3.08,3.71,2.76,1.25,1.37,2.21,2.33,7.8,13.81,8.7,3.4,1.08,2.79,1.78,0.01,0.04,3.9,0.99,0.11,0.3,1.23,0.19,0,0.38,7.02,0.43,0.08,0.43,0.13,0.45,1.93,0.65,0.1
1629,8640,180,East Coast (North),200,0.76,0.11,0,0,0,0.11,1.42,1.52,2.81,2.53,3.01,4.27,4.68,2.08,1.89,1.69,0.25,3.32,1.95,1.94,1.73,1.29,0.95,1.21,2.72,4.77,2.3,2.36,4.71,1.95,1.17,2.08,2.28,3.36,5.78,6.41,1.84,2.45,1.61,2.33,2.76,3.36,1.77,1.17,1.2,0.54,1.23,0.33
1630,8640,180,East Coast (North),200,0,0,0,0.04,0.84,1.09,2.5,8.85,3.4,1.5,3.16,2.82,5.11,0.09,0.02,0.07,0.68,1.24,14.72,14.65,0.5,0.93,1.33,0.84,3.6,4.4,3.21,0.6,0.06,0.03,0.05,0.13,1.48,2.28,3.63,3.72,3.1,1.16,0.31,0.27,0.86,2.19,2.58,0.1,0.39,1.23,0.16,0.08
1631,8640,180,East Coast (North),200,0.44,0.97,0.1,0.02,0.02,0,0.43,3.66,0.72,2.01,6.5,13.81,7.24,1.48,0.14,1.93,0.19,1.79,3.89,3.91,3.09,2.44,1.78,1.2,2.7,0.31,1.51,1.33,1.53,2.78,3.03,1.18,1.48,2.29,6.93,3.47,0.33,0.58,1.35,0.69,0.89,1.77,1.45,3.21,2.81,0.62,0,0
1632,8640,180,East Coast (North),500,2.62,0.73,0.51,1.09,0.39,0.14,1.19,1.27,0.41,0.76,0.75,0.94,0.72,1.77,0.84,0.69,0.82,1.13,1.72,3.68,1.75,2.25,0.44,0.74,0.97,0.24,1.06,3.42,4.28,3.1,4.43,7.04,8.6,11.41,9.76,5.45,3.21,0.44,1.04,0.08,0.07,0.72,1.05,0.85,1.24,0.53,2.21,1.45
1633,8640,180,East Coast (North),500,0.26,1.51,0.93,2,0.75,0.62,2.43,3.63,4.24,5.07,6.44,6.33,5.15,4.6,3.12,0.28,0.34,0.45,2.08,1.87,6.06,4.64,1.14,1.38,0.64,2.47,4.82,3.98,0.67,0.67,0.89,0.66,0.92,0.18,1.37,3.12,7.78,0.33,0.5,1.85,0.34,0.04,0.14,0.35,0.95,1.43,0.09,0.49
1634,8640,180,East Coast (North),500,0.45,0.17,0.17,0.22,0.52,1.11,2.79,2.64,4.01,4.04,2.7,5.08,1.74,3.89,4.42,1.62,2,3.44,7.86,2.61,3.01,2.41,1.24,2.19,1.54,1.17,0.67,1.78,1.43,2.27,1.56,1.24,2,2.93,1.97,2.12,1.15,0.74,1.87,3.54,2.65,1.28,0.83,0.99,2.09,1.32,1.59,0.94
1635,8640,180,East Coast (North),500,0.4,0.23,0.06,0.48,0.41,0.2,1.02,0.76,0,0.03,0.47,1.68,2.3,0.22,0.04,0.01,0.35,0.06,0.27,0.65,0.51,2.23,5.33,2.77,2.69,0.93,5.2,2.52,1.96,1.52,0.88,1.5,2.97,3.22,2.71,1.71,4.68,3.23,4.07,3.73,4.19,5.21,9.44,4.95,4.16,1.47,3.88,2.7
1636,8640,180,East Coast (North),500,0.57,0.14,0.28,0.84,2.15,2.43,1.93,0.89,0.48,0.08,0.53,0.88,0.3,0.48,0.04,0.01,0.03,1.06,1.13,1.37,1.87,0.86,1.7,3.56,0.52,1.52,1.61,0.01,0.8,1.33,2.66,5.04,3.81,3.5,7.88,11.69,8.03,6.62,3.81,3.02,3,2.43,1.88,1.83,2.38,1.75,1.14,0.13
1637,8640,180,East Coast (North),500,0.3,0.34,0.04,0.89,0.66,0.05,0.86,0.28,0.26,0.76,0.41,0.39,0.2,0.65,0.46,1.6,3.61,2.93,3.22,2.07,1.12,0.21,0.31,0.14,0.63,1.07,1.27,1.81,2.51,2.4,2.67,3.91,3.21,4.89,7.09,11.94,12.04,11.29,4.13,1.4,1.38,0.6,1.01,1.15,0.96,0.75,0.08,0.05
1638,8640,180,East Coast (North),500,1.12,0.85,1.2,1.22,1.21,1.17,1.22,1.24,0.93,0.5,0.36,0.85,1.81,2.13,2.59,0.19,0.4,0.26,0.34,0.18,0.46,0.58,0.55,0.7,0.49,0.38,1.06,0.81,3.69,1.76,1.79,5.88,3.67,3.53,1.33,1.56,1.89,2.63,3.07,7.14,21.18,11.92,1.53,0.35,0.19,0.26,0.85,0.98
1639,8640,180,East Coast (North),500,0,0,0,0.13,1.26,5.02,2.65,0.77,0.28,0.05,0.58,1.76,1.28,0.99,0.86,0.38,0.01,0.03,0.29,0.83,0.13,0.08,0.04,0.5,0.82,0.81,0.57,0.68,0.68,2.81,3.22,2.12,1.35,2.64,8.89,11.19,7.96,5.79,6.81,7.13,3.94,0.15,0.05,2.23,4.81,4.9,2.49,0.04
1640,8640,180,East Coast (North),500,0.66,0.15,0.13,0.38,0.42,0.45,0.4,0.95,1.25,0.29,0.45,1.42,0.9,0.18,0.18,0.74,0.76,2.23,1.16,0.27,0.49,0.72,2.22,1.36,2.87,2.21,0.61,0.64,1.17,3.25,4.06,2.44,2.2,5.1,4.5,3.76,2.7,5.59,5.31,5.48,7.99,6.93,3.52,3.07,3.91,2.23,1.56,0.74
1641,8640,180,East Coast (North),500,0.47,0.26,0.57,0.15,0.25,0.34,0.36,0.2,0.97,1.01,6.12,1.32,0.53,0.36,3.67,9.54,2.36,2.96,2.1,1.62,0.9,1.55,1.79,1.63,8.86,9.22,2.83,2.09,3.32,4,1.6,3.38,3.7,3.16,1.49,2.02,4.14,1.63,0.9,0.29,3.64,1.19,0.27,0.38,0.29,0.39,0.15,0.03
1642,8640,180,East Coast (North),1000,2.18,1.19,0.33,0.84,0.82,0.17,1.06,1.19,0.43,0.87,0.55,1.07,0.6,1.35,1.23,0.63,0.9,0.95,1.84,3.44,2.38,2.25,0.73,0.7,0.98,0.17,0.85,3.38,4.59,4.17,5.54,6.74,8.58,10.67,9.37,5.01,3.55,0.48,0.83,0.35,0.06,0.61,1.14,0.62,1.16,0.59,1.07,1.79
1643,8640,180,East Coast (North),1000,0.55,0.15,0.16,0.58,0.47,2.34,2.25,2.96,3.79,3.75,2.93,4.14,1.81,3.89,2.84,1.81,2.41,6.59,5.03,2.89,2.84,1.66,1.54,2.08,1.07,0.83,1.25,1.51,1.95,1.93,1.69,1.66,2.42,3.12,2.22,1.6,1.28,1.31,2.66,3.05,2.16,0.89,0.75,1.13,2.94,0.85,2.01,0.26
1644,8640,180,East Coast (North),1000,0.07,0.04,0.09,1.3,2.21,0.51,0.02,0.02,0.06,0.27,0.12,0.58,0.68,0.81,4.55,3.92,2.2,2.01,3.74,4.83,1.5,1.79,1.56,0.94,2.26,2.77,3.81,1.29,3.52,4.6,4.2,4.52,4.27,5.56,7.21,8.05,4.67,2.66,2.71,3.61,0.31,0.16,0,0,0,0,0,0
1645,8640,180,East Coast (North),1000,3.01,9.7,1.62,0.71,0.59,1.47,2.12,1.12,1.37,1.63,0.93,1.05,1.04,1.84,3,3.4,4.1,3.9,2.93,2.13,1.72,3.23,7.49,6.75,6.02,2.33,1.05,1.63,1.09,0.01,0.61,1.82,0.52,0.08,0.87,2.21,0.16,0.63,0.88,9.15,1.26,0.03,0.14,0.06,0.31,1.29,0.42,0.58
1646,8640,180,East Coast (North),1000,0,0.18,1.25,4.54,2.52,0.61,0.45,0.02,0.55,1.63,1.94,1.08,1.39,0.93,0.06,0.01,0.25,1.09,0.69,0.08,0.07,1.28,1.01,1.68,0.85,1.58,1.63,3.7,5.17,4.16,1.68,2.39,6.3,7.28,6.07,5,7.45,7.69,5.69,0.43,0.08,1.03,3.97,2.7,1.66,0.18,0,0
1647,8640,180,East Coast (North),1000,1.44,1.01,1.34,1.23,1.26,1.25,1.4,1.41,1.08,0.67,0.39,0.95,2.22,2.96,3.29,0.18,0.5,0.56,0.38,0.21,0.5,0.74,0.87,0.67,0.59,0.58,1.15,1.08,4.41,2.23,2.12,5.85,4.18,3.94,1.48,1.8,2.12,3.49,3.88,5.69,13.15,9.97,2.19,0.63,0.27,0.48,0.99,1.22
1648,8640,180,East Coast (North),1000,0.01,0,0,0.02,1.05,1.48,4.34,9.95,4.75,2.11,4.15,3.28,4.58,0.01,0.13,0.32,0.19,0.93,11.35,13.77,0.89,1.49,0.57,1.02,2.14,3.57,1.32,0.55,1.71,0.65,0.25,0.56,1,2.8,2.74,2.79,3.15,1.18,0.42,0.29,0.96,4.33,0.07,0.16,0.93,1.86,0.17,0.01
1649,8640,180,East Coast (North),1000,2.11,0.36,0.92,2.43,0.06,0,0.03,0.62,1.52,1.82,1.8,2.72,1.98,3.13,3.03,4.14,3.25,5.25,2.89,2.04,1.8,3.91,3.06,2.93,3.37,2,0.53,1.44,1.69,2.74,0.64,1.14,3.07,6.37,3.66,1.51,1.2,2.53,1.01,0.9,4.67,6.59,1.67,0.86,0.06,0.38,0.08,0.09
1650,8640,180,East Coast (North),1000,4.31,5.11,4.78,5.21,7.2,5.95,4.97,3.14,2.58,1.6,0.19,0.5,1.09,1.69,0.36,0.34,0.85,0.12,0.01,3.01,1.84,2.92,1.26,1.54,4.07,2.32,0.53,0.86,1.56,3.35,2.7,2.37,2.26,2.71,2.06,1,1.01,0.93,0.87,1.28,0.49,0.96,0.67,0.66,0.69,0.71,1.84,3.53
1651,8640,180,East Coast (North),1000,0.53,1.72,1.82,1.76,0.54,2.87,2.28,2.76,3.48,2.69,1.52,3.04,3.48,6.84,4.09,1.58,0.76,0.73,3.17,5.38,4.58,0.76,0.35,0.66,1.3,1.25,1.48,3.07,2.62,1.71,0.2,0.3,0.17,0.05,0.11,1.49,2.61,2.46,2.49,1.12,2.1,1.62,5.42,2.86,3.56,1.48,2.36,0.78
1652,8640,180,East Coast (North),2500,0.13,0.72,0.84,0.66,0.85,1.05,1.73,2.1,2.43,2.92,3.51,4.14,3.09,0.87,2.5,2.54,0.77,0.61,4.24,3.48,1.35,1.69,2,0.54,1.13,4.84,2.78,5.88,2.58,2.1,3.04,4.2,2.82,4.53,4.5,3.49,4.03,2.67,1.86,1.12,1.44,0.5,0.09,0.2,0.48,0.5,0.09,0.37
1653,8640,180,East Coast (North),2500,0,0.22,0.37,0.17,0.01,0.89,1.55,1.75,0.07,0.02,0.02,0.12,1.07,1.8,1.85,1.29,2.16,2.08,2.6,4.62,4.67,6.4,6.33,5.39,4.39,4.79,1.03,0.29,0.78,2.07,2.77,4.94,5.03,2.16,1.14,1.29,2,4,4.03,2.08,0.26,0.83,0.67,0.91,0.31,0.97,0.48,7.33
1654,8640,180,East Coast (North),2500,0.09,0.36,0.67,1.18,0.2,0.7,2.34,3.84,2.94,3.98,2.92,3.71,4.93,1.15,3.34,2.47,2.3,2.75,4.03,4.3,2.27,2.19,2.96,3.03,1.32,0.96,1.42,1.96,2.87,1.72,3.26,3.08,3.52,3.34,4.47,2.22,2.08,1.05,0.49,0.75,0.5,0.79,0.17,0.28,1.06,2.56,0.65,0.83
1655,8640,180,East Coast (North),2500,0.56,0.33,1.16,1.1,0.32,0.18,0.82,1.13,1.15,1.95,0.65,0.48,0.99,0.31,0.46,0.78,0.93,0.42,0.87,0.92,0.8,0.93,1.68,0.92,0.8,0.89,1.18,2.34,4.59,2.46,2.37,0.34,0.97,0.8,0.38,1.31,4.33,4.98,4.23,7.35,8.4,8.15,10.7,5.49,4.47,2.4,0.71,0.52
1656,8640,180,East Coast (North),2500,0.26,0.05,0.23,0.76,1.55,1.94,3.64,1.37,0.86,0.33,0.31,0.68,0.3,0.67,0.46,0.01,0.08,1.4,1.09,1.27,1.86,0.6,2.22,2.6,0.46,0.66,2.28,0.02,0.23,0.5,1.95,5.44,7.61,5.08,10.11,8.5,5.52,4.22,4.24,3.35,2.65,1.59,2.48,2.95,2.37,1.44,1.24,0.57
1657,8640,180,East Coast (North),2500,0.26,0.94,0.02,3.2,1.2,0.67,0.72,1.09,0.66,1.1,1.27,1.34,0.85,0.31,3.47,6.78,4.01,0.68,0.31,0.14,1.65,0.6,1.93,1.89,3.81,7.33,4.46,2.28,1.86,1.89,2.18,0.6,0.28,0.37,0.42,0.73,2.08,1.48,1.24,4.29,4.17,1.66,2.81,2.26,3.75,4.48,5.84,4.64
1658,8640,180,East Coast (North),2500,0.05,0.09,0.21,0.13,0.18,0.04,0.45,0.42,0.4,0.38,1.22,2.11,2.25,4.08,2.93,2.61,1.24,1.62,0.95,0.74,2.5,5.08,3.42,9.5,6.44,5.22,7.06,3.1,1.76,2.34,3.98,1.67,3.69,1.9,2.55,2.44,1.48,1.67,2.46,2.38,1.81,1.24,1.02,0.25,0.52,1.32,0.74,0.36
1659,8640,180,East Coast (North),2500,0,0,0.17,2.12,0.25,0.16,0.14,0.11,0.14,1.7,6.27,6.15,6.82,6.63,2.68,4.22,7.02,4.05,0.71,1.11,0.59,0.2,2.24,4.01,1.25,2.65,5.62,1.54,1.39,0.83,1.3,1.41,1.53,0.99,1.63,1.83,2.1,3.04,2.94,0.98,0.97,1.74,2.38,3.23,1.98,0.65,0.22,0.31
1660,8640,180,East Coast (North),2500,1.52,1.24,1.35,1.08,1.1,1.21,1.5,1.22,1.16,0.93,0.36,0.78,2.44,3.52,3.3,0.25,0.39,0.67,0.33,0.2,0.57,1,1.19,0.55,0.59,0.68,1.07,1.08,4.09,2.47,2.01,4.93,3.62,3.92,1.33,1.6,1.95,3.77,4.91,6.56,6.72,11.6,5.24,0.97,0.27,0.57,1.45,0.74
1661,8640,180,East Coast (North),2500,0.05,0,1.72,6.69,1.78,1.68,1.18,1.31,1.12,0.75,0.96,1.67,1.01,0.66,1.04,1.52,1.97,2.42,2.67,1.79,1.09,1.26,3.35,2.95,7.84,14.39,8.77,3.44,1.04,2.43,1.55,0.07,0.12,3.35,1.38,0.3,0.5,1.07,0.16,0.16,0.25,7.17,0.65,0.06,1.18,0.22,0.57,2.69
1662,8640,180,East Coast (North),5000,0.99,0.19,0.12,0.64,0.78,0.75,0.85,1.16,2.01,2.18,2.51,3.08,3.77,4.13,3.12,1.07,2.7,2.41,0.7,0.76,3.7,3.05,1.24,1.69,1.84,0.5,1.12,5.12,2.45,5.19,2.33,2.83,3.51,3.87,2.6,4.01,4.22,3.86,3.99,2.51,1.84,1.17,1.41,0.54,0.17,0.23,0.52,0.57
1663,8640,180,East Coast (North),5000,3.73,4.34,4.58,5.51,6.49,5.02,5.67,5.25,0.79,0.18,0.83,1.97,2.53,4.42,7.5,4.34,1.98,2,1.55,3.57,3.28,2.85,0.43,0.91,0.99,1.18,0.37,1.53,0.88,5.01,1.64,0.47,2.19,1.2,0.21,0.2,0.41,0.19,2.19,0.27,0.64,0.05,0.26,0.08,0.15,0.06,0.03,0.08
1664,8640,180,East Coast (North),5000,0.27,0.66,1.04,0.45,0.78,1.6,3.5,3.3,4.13,3.58,2.86,5.44,1.79,2.85,4.03,1.95,2.78,3.22,5.54,3.24,2.44,2.37,2.63,1.4,1.42,1.04,1.54,2.07,1.43,2.28,2.62,2.35,3.15,4.14,2.57,2.09,1.54,0.71,0.88,1.12,0.85,0.71,0.42,0.68,2.04,1.42,0.69,0.39
1665,8640,180,East Coast (North),5000,1.27,0.82,1.96,0.82,0.36,0.65,0.66,0.17,0.73,0.76,0.3,0.84,0.6,1.02,0.8,1.14,1.16,0.7,0.99,1.23,2.12,4.56,3.47,3.42,0.84,0.63,1.05,0.33,0.99,3.92,4.99,4.62,7.92,10.54,7.75,7.93,5.75,2.89,2.51,0.48,0.47,0.28,0.1,0.77,1.28,1.58,0.99,0.84
1666,8640,180,East Coast (North),5000,0.58,0.97,1.82,3.51,1.27,1.42,0.84,0.34,0.33,0.56,0.51,0.54,0.06,0.01,1.1,0.85,1.01,1.93,0.94,2.02,6.6,1.24,0.13,1.75,0.47,0.03,0.51,0.72,3.72,6.46,8.09,9.35,6.43,5.51,2.82,3.5,3.56,3.31,2.28,2.49,3.07,3.36,1.51,1.48,0.71,0.26,0.03,0
1667,8640,180,East Coast (North),5000,2.16,2.28,2.34,4.54,9.48,1.75,0.07,0.21,0.02,0,0.77,1.75,0.65,0.01,0.08,0.59,0.27,0.69,0.61,0.86,1.83,0.04,0,0.49,1.29,3.25,3.77,2.05,4.66,6.94,7.68,1.21,1.13,2.42,1.45,3.55,3.21,5.85,3.28,1.58,3.21,3.89,2.4,1.35,1.32,0.85,1.17,1
1668,8640,180,East Coast (North),5000,10.98,10.63,2.26,1.71,0.88,1.02,0.4,0.47,0.82,0.44,0.42,0.4,0.55,1.15,1.48,1.53,1.3,0.83,0.43,1.54,2.24,2.61,7.29,11.15,5.78,1.36,1.12,1.71,0.54,0.05,0.52,3.17,1.05,0.43,0.35,0.38,0.09,0.01,3.22,8.48,1.63,0.31,1.11,0.27,1.1,2.02,1.4,1.37
1669,8640,180,East Coast (North),5000,2.58,0.48,0.14,0.52,0.84,0.3,0.86,1.78,0.61,0.53,0.37,2.21,4.58,1.99,0.24,0.2,0.19,0.81,0.66,1.34,1.85,2.88,5.1,4.02,1.73,1.32,2.22,2.23,0.81,0.59,0.75,0.45,1.58,1.82,1.99,1.31,4.39,3.8,2.53,3,3.55,3.75,5.6,6.71,4.44,3.02,2.37,4.96
1670,8640,180,East Coast (North),5000,0.01,0.08,0.11,0.14,0.56,5.54,7.13,4.29,3.19,1.57,2.73,0.98,1.63,3.97,2.11,3.68,3.33,1.34,1.32,0.75,1.89,1.92,1.25,2.29,4.25,4.99,0.67,2.39,0.14,1.49,1.43,14.35,10.59,4.27,0.28,0.19,0.08,1.68,0.47,0.21,0.3,0,0,0,0,0.15,0.26,0
1671,8640,180,East Coast (North),5000,0.23,2.51,0.26,0.23,0.17,0.17,0.22,1.97,6.76,6.73,7.79,7.14,2.56,3.95,7.37,3.79,0.57,0.83,0.48,0.21,1.68,2.86,0.91,2.32,5.39,1.63,1.52,0.58,0.96,1.16,1.19,0.88,1.43,1.35,1.78,3.56,3.37,1.14,1.02,1.9,2.44,3.22,2.08,0.71,0.24,0.35,0.31,0.08
1672,8640,180,East Coast (North),10000,0.86,0.19,0.11,0.62,0.77,0.74,0.84,1.12,1.96,2.27,2.47,3.05,3.61,4.07,3.08,1.12,2.8,2.64,0.78,0.72,3.54,3.38,1.37,1.69,1.9,0.6,1.2,4.78,2.36,4.99,2.48,2.88,3.42,3.83,2.7,3.87,4.06,3.85,4,2.72,1.93,1.23,1.45,0.54,0.18,0.23,0.47,0.53
1673,8640,180,East Coast (North),10000,0.14,0.76,1.6,1.95,1.51,1.51,2.1,3.67,3.41,4.28,5.52,6.43,5.16,4.3,3.23,0.64,0.34,1.08,2.15,2.09,4.74,5.63,2.28,2.87,1.81,2.06,3.46,2.9,1.77,0.61,0.8,1.34,0.93,0.24,1.39,2.44,3.38,0.38,1.09,2.95,1.24,0.32,0.32,0.39,0.6,1.61,0.16,0.42
1674,8640,180,East Coast (North),10000,0.38,0.61,0.68,1.6,0.68,1.55,2.99,3.5,2.93,4.45,3.22,3.46,4.26,1.2,2.62,2.04,4.73,4.05,4.12,3.65,1.45,1.99,2.44,2.03,0.9,0.79,0.97,1.66,1.99,1.37,2.04,2.66,2.42,3.26,3.43,1.6,1.71,1.13,0.96,1.39,1.88,0.41,1.18,2.17,3.76,1.18,0.26,0.25
1675,8640,180,East Coast (North),10000,2.27,3.12,1.59,0.82,1.14,0.4,0.4,0.43,0.33,0.47,0.04,0.26,1.33,1.37,2.36,1.88,1.91,8.55,4.09,0.08,1.26,0.53,0.03,0.21,0.46,2.27,4.54,9.38,8.76,7.11,3.67,2.63,2.18,3.28,4.13,2.43,2.98,2.14,3.92,2.14,1.49,0.86,0.65,0.05,0.02,0.02,0,0.02
1676,8640,180,East Coast (North),10000,0.19,0.04,1.03,1.98,0.57,0.71,0.05,0.49,0.41,0.34,0.31,0.44,1.29,1.43,0.71,0.44,0.59,0.26,0.93,0.61,0.45,0.65,0.15,0.55,2.24,3.6,4.55,4.18,2.57,4.02,4.19,6.77,8.75,7.29,3.59,3.38,3.65,2.16,2.72,3.17,3.7,3.61,3.61,3.32,3.09,0.58,0.27,0.37
1677,8640,180,East Coast (North),10000,1.7,1.99,3.32,6.94,1.74,3.82,4.14,2.06,1.55,1.17,0.17,0.18,0.12,1.16,1.53,0.7,1.68,0.82,0.57,0.2,0.62,7.66,6.9,4,2.63,1.61,0.17,0.2,0.19,0.01,2.08,5.43,1.12,5.26,2.75,0.16,0.01,0.84,0.52,2.32,8.17,3.06,1.93,5.57,0.73,0.39,0.07,0.04
1678,8640,180,East Coast (North),10000,0.59,0.27,0.14,0.76,0.23,2.25,3.5,2.67,3.28,2.45,1.26,0.42,0.64,0.56,1.2,0.79,0.98,1.53,1.65,2.59,2.72,4.4,4.99,3.24,3.9,4.83,3.18,4.7,6.37,6.87,4.06,2.64,4.41,2.75,2.12,1.55,0.86,2.33,2.29,1.5,0.31,0.48,0.66,0.3,0.27,0.07,0.16,0.28
1679,8640,180,East Coast (North),10000,1.7,2.11,1.31,1.11,1.06,2.76,1.61,1.22,1.85,0.57,2.01,2.28,4.34,5.31,6.19,4.66,6.65,6.59,4.24,2.12,5.31,1.54,1.5,0.92,0.43,0.7,0.35,0.26,0.29,0.33,0.46,0.54,0.53,0.82,1.04,0.92,0.13,0.03,0.17,0.18,0.42,0.83,1.95,4.07,8.57,7.05,0.93,0.04
1680,8640,180,East Coast (North),10000,0.24,0.23,0.19,0.16,0.44,0.54,0.14,0.27,1.01,0.45,0.08,0.12,0.62,0.65,2,1.64,0.71,0.45,0.66,1.51,1.53,1.78,2.06,0.78,0.76,1.22,2.89,4.33,4.14,2.32,4.22,4.49,4.71,3.91,6.44,6.75,6.08,9.03,7.16,4.51,2.62,2.5,1.69,1.05,0.42,0.21,0.08,0.21
1681,8640,180,East Coast (North),10000,0.16,0.12,0.69,1.2,0.69,0.32,0.48,0.32,0.4,0.51,0.76,2.11,2.36,1.03,0.21,0.66,1.25,1.85,1.84,2.16,1.63,0.98,1.53,2.9,3.01,4.25,8.83,12.78,7.26,5.62,3.43,3.63,1.92,2.18,5.77,3.24,2.08,1.91,1.97,1.42,0.63,0.41,0.64,0.91,1.15,0.5,0.18,0.12
1682,8640,180,East Coast (North),20000,0.1,0.22,0.19,0.36,0.59,0.11,0.67,0.54,0.8,0.17,0.44,0.29,0.15,0.39,1.48,2.91,3.48,1.69,3.05,6.65,7.77,6.26,5.27,7.32,3.09,1.51,3.39,2.45,0.92,1.08,1.01,4.59,2.52,4.56,4.22,1.86,2.37,4.3,0.7,1.47,0.06,2.39,3.93,1.08,1.48,0.12,0,0
1683,8640,180,East Coast (North),20000,2.18,3.51,3.63,4.42,6.26,6.85,5.37,4.22,3.33,0.93,0.46,1.65,3,2.69,4.71,5.2,2.39,3.11,2.36,2.36,3.43,2.93,1.89,0.62,0.99,1.41,0.94,0.31,1.42,2.75,3.28,0.45,1.11,2.93,1.47,0.82,0.39,0.61,0.68,1.48,0.23,0.39,0.1,0.24,0.15,0.18,0.1,0.07
1684,8640,180,East Coast (North),20000,0.06,0.16,0.37,1.51,1.27,1.91,1.36,2.13,2.9,2.4,2.15,3.73,3.03,2.89,4.36,2.64,3.36,3.19,4.27,5.88,5.26,4.62,1.73,2.04,1.78,1.47,0.84,0.78,0.95,0.97,1.46,1.03,1.37,1.89,1.47,1.81,2.09,1.43,1.26,0.85,0.66,1.2,1.7,0.87,1.18,2.46,3.52,3.74
1685,8640,180,East Coast (North),20000,0.1,0.21,0.22,0.64,4.9,8.8,9.93,6.5,3.28,1.91,0.41,0.76,1.59,1.43,3.03,5.27,5.99,2,1.2,2.75,1.73,2.03,2.89,4.47,6.13,2.23,0.82,1.32,2.36,1.36,5.49,3.77,1.29,0.05,0,0.02,0.25,0.01,0.89,0.89,0,0,0.01,0.13,0.59,0.34,0,0.01
1686,8640,180,East Coast (North),20000,0.32,0.75,0.63,1.23,0.94,0.97,1,0.6,0.89,1.4,2.29,4.38,4.22,2.46,0.24,0.47,0.68,0.64,0.94,3.42,5.46,4.89,7.36,8.89,7.14,6.3,3.63,2.58,3.15,3.25,1.36,0.39,0.56,2.11,0.99,1.45,0.91,1,3.1,2.04,1.7,1.58,0.6,0.26,0.35,0.23,0.24,0.01
1687,8640,180,East Coast (North),20000,0.88,0.59,4.8,2.6,2.32,4.47,2.52,3.21,5.6,1.53,1.94,4.24,3.18,3.52,2.71,3.06,1.56,3.32,4.03,2.2,3.16,1.68,1.02,0.51,0.18,0.2,1.33,0.93,0.78,1.18,0.78,0.53,0.18,0.02,0.41,1.58,3.9,5.09,3.16,2.76,1.17,0.32,0.21,0.57,0.4,3.19,5.99,0.49
1688,8640,180,East Coast (North),20000,0.33,0.28,0.5,0.48,0.41,1.06,1.37,0.45,0.1,1.24,2.19,2.28,0.25,0.12,0.04,0.53,0.34,0.93,0.99,2.1,2.93,4.21,2.3,2.32,1.6,2.53,1.6,0.86,0.62,1.04,0.99,1.49,2.06,1.56,2.63,4.21,4.47,5.83,4.84,3.57,4.78,7.05,6.39,6.06,2.33,2.97,2.32,0.45
1689,8640,180,East Coast (North),20000,0.46,0.42,0.27,0.66,0.49,0.99,3.53,3.17,2.94,2.86,1.29,0.8,0.43,0.61,1.21,0.7,0.94,0.94,1.51,2.74,2.21,3.54,5.22,3.51,3.93,4.08,3.64,4.1,6.03,7.78,4.44,3.21,4.54,2.91,2.12,1.97,1.07,1.63,2.38,1.97,0.47,0.51,0.56,0.33,0.41,0.06,0.14,0.28
1690,8640,180,East Coast (North),20000,0.22,0.61,0.57,2.65,1.87,1.42,1.47,1.81,0.83,1.43,1.81,3.68,2.35,1.85,2.26,2.75,2.83,2.72,2.48,5.58,1.62,1.65,0.87,0.26,0.57,0.63,0.63,0.5,0.36,1.5,2.04,1.6,1.29,2.73,5.78,5.59,6.68,8.52,8.88,3.29,0.67,0.59,0.16,0.59,0.68,0.13,0.67,0.33
1691,8640,180,East Coast (North),20000,0,0.08,0.68,1.65,1.62,1.01,1.22,1.25,0.51,1.31,0.26,0.07,0.6,1.28,2.34,1.75,2.06,1.69,1.98,1.29,2.72,6.21,8.08,5.06,2.04,0.85,1.64,1.5,1.46,1.71,1.59,2.08,2.1,2.42,2.3,1.85,10.26,10.96,3.9,1.92,1.38,1.07,1.09,0.8,1.16,0.68,0.27,0.25
1692,8640,180,East Coast (North),40000,0.31,1.45,1.27,2.26,1.26,2.2,2.77,2.38,2.09,3.42,2.81,3.05,4.33,2.89,3.65,3.49,4.71,5.67,4.83,3.87,1.56,1.88,1.46,1.54,0.84,0.84,0.93,0.96,1.27,0.93,1.12,1.62,1.33,1.78,1.97,1.1,0.96,0.65,0.54,0.94,1.31,0.71,1,2.14,3.59,4.21,2.93,1.18
1693,8640,180,East Coast (North),40000,0.11,0.22,0.26,0.58,4.94,7.72,7.78,5.88,2.84,1.8,0.74,1.03,2.84,1.44,2.88,4.51,4.79,2.03,1.34,1.86,1.34,2.45,2.91,5.48,5.29,2.26,2.07,0.89,2.28,1.6,6.87,4.81,2.06,0.15,0.06,0.06,1.13,0.24,0.77,0.62,0,0,0,0.18,0.5,0.35,0,0.04
1694,8640,180,East Coast (North),40000,0.47,0.59,0.74,0.4,1.02,0.77,0.45,0.25,0.75,1.28,2.38,0.33,0.13,0.58,0.38,0.56,1.23,1.71,3.76,2.44,3.29,1.46,2.03,1.01,2.4,2,1.71,0.56,0.61,0.8,1.4,1.8,1.71,3.71,5.55,4.78,5.02,4.04,4.02,5.07,6.64,6.63,4.96,1.96,2.3,1.66,1.68,0.98
1695,8640,180,East Coast (North),40000,0.1,0.2,0.58,2.41,3.43,4.36,5.64,4.59,2.22,1.47,1.12,1.36,2.24,3.08,4.07,3.82,4.23,4.36,4.02,1.47,2.58,1.42,0.83,1.09,1.16,1.54,0.82,1.05,1.22,1.92,2.15,3.22,2.68,2.58,3.12,2.57,2.5,2.65,1.89,1.54,1.1,1.64,1.37,1.03,0.81,0.17,0.4,0.18
1696,8640,180,East Coast (North),40000,0.73,0.4,0.42,0.72,1.97,1.47,1.16,1.56,1.32,0.91,0.39,1.07,1.8,1.76,0.59,0.35,1.01,0.74,1.03,0.81,2.14,3.67,5.38,6.26,5.93,5.25,5.83,5.71,5.45,4.78,4.1,3.25,3.36,2.08,0.99,1.53,2.48,3.96,3.9,1.69,1.52,0.43,0.05,0,0.02,0.01,0.01,0.01
1697,8640,180,East Coast (North),40000,0.6,1.72,1.49,1.46,1.45,1.99,3.12,3.42,4.17,5.39,6.45,6.31,4.19,2.95,0.79,0.35,0.97,2.07,1.82,4.24,4.48,1.68,1.7,1.44,1.7,2.81,2.89,1.98,0.97,1.04,1.68,0.93,0.36,1.19,1.97,4.11,0.63,0.95,3.1,2.34,1.8,0.54,0.54,1.27,1.75,0.53,0.49,0.18
1698,8640,180,East Coast (North),40000,0.32,1.11,1.21,1.2,2.24,2.78,1.21,1.96,2.34,2.08,1.19,1.67,3.3,6.3,6.33,3.51,3.02,2.14,3.92,6.67,4.27,3.13,0.72,0.32,0.59,0.84,6.02,6.56,3.69,2.37,0.52,0.25,0.14,0.07,0.09,0.76,1.41,1.05,1.16,0.37,0.97,1.29,2.93,1.59,2.03,0.99,0.96,0.41
1699,8640,180,East Coast (North),40000,0.2,0.63,1.06,1.29,0.94,0.79,0.72,0.62,1.2,0.97,1.2,2.33,0.52,1.73,1.46,1.98,3.05,1.4,1.07,1.47,1.56,1.57,0.5,0.8,2.9,2.07,1.93,1.77,1.93,1.65,2.81,3.45,4.17,5.92,5.65,6.86,8.61,7.01,8.75,2.19,2.78,0.39,0.03,0.02,0.03,0.01,0.01,0
1700,8640,180,East Coast (North),40000,0.54,1.72,0.24,1.14,0.54,1.73,1.29,3.2,4.44,3.69,1.92,2.87,3.42,2.85,2.43,3.01,5.91,6.17,6.14,5.42,3.69,4.78,4.66,2.66,2.58,3.88,0.68,0.78,2.91,0.57,0.43,2.25,3.26,2.06,0.07,0.34,0.58,0.53,1.55,0.48,0.51,0.42,0.26,0.08,0.22,0.48,0.32,0.3
1701,8640,180,East Coast (North),40000,0.75,1.96,0.66,1.09,1.66,0.37,0.8,0.86,2.21,3.83,6.72,9.55,9,7.34,7.63,5.76,6.86,2.06,1.56,1.15,1.5,1.36,1.38,0.87,0.74,0.65,0.12,0.3,0.22,0.26,1.79,1.54,1.83,1.96,2.07,1.9,0.66,0.14,1.49,1.81,0.24,0.09,0.56,0.9,0.75,0.64,1.04,1.37
1702,10080,180,East Coast (North),100,0.54,0.68,1.94,0.97,1.47,1.13,1.33,0.74,1.95,1.27,0.65,1.07,0.52,2.05,3.84,3.7,1.64,0.23,0.71,0.41,0.21,0.27,0.39,1.11,0.69,0.85,0.74,1.33,0.79,3.92,3.78,2.56,5.37,4.47,5.2,2.02,1.86,2.08,3.32,4.18,4.83,5.71,8.15,4.48,0.37,0.06,0.46,0.73,1.54,0.31,0.01,0,0,0.02,0.02,1.33
1703,10080,180,East Coast (North),100,1.04,2.22,0.36,0.33,0.04,0,0.13,0.14,2.23,2.03,2.17,1.59,1.61,1.09,1.11,0.81,2.23,0.51,0.64,0.24,0.06,2.07,0.3,0,0,0.74,2.3,2.99,4.26,1.32,0.84,3.63,6.07,5.68,5.54,2.15,1.07,0.34,0.66,0.35,2.06,2.74,2.24,0.63,2.5,1.23,1.72,3.67,0.08,0.34,8.51,5.28,2.11,1.09,2.8,2.11
1704,10080,180,East Coast (North),100,0.07,0,0.07,0.06,0.12,0.16,1.16,0.56,1.17,0.89,1.18,3.73,0.41,0.66,0.89,1.56,0.47,2.38,2.75,2.72,1.46,2.35,2.02,1.91,2.64,1.65,0.75,0.18,6.33,1.31,1.48,4.68,0.24,1.14,15.14,1.54,7.7,3.13,0.63,3.05,0.99,2.22,1.42,1.02,4.39,2.29,1.49,1.08,0.62,1.32,1.67,0.53,0.35,0.17,0,0.1
1705,10080,180,East Coast (North),100,0.84,1.07,0.18,0,1.71,0.09,0.28,1.72,2.6,5.27,2.43,0.57,3.22,3.2,2.1,2.75,0.7,7.4,3.78,5.88,11.83,5.2,0.26,1.2,1.32,1.26,7.46,0.48,1.23,1.49,1.13,0.99,1.19,2.11,3.28,0.59,0.18,0.8,0.25,0.87,1.21,1.36,1.36,1.61,0.1,0.59,0.08,0.08,1.08,1.17,1.6,0.26,0.16,0.15,0.08,0.2
1706,10080,180,East Coast (North),100,4.57,3.48,1.88,3.9,7.12,8.66,0.28,0,0,0.01,0.35,0.43,1.98,0.18,0.06,0.04,0.08,0.12,1.18,0.73,2.44,1.19,0.02,0.06,0.17,0.36,0.42,0.98,0.88,2.19,0.38,0.98,2.35,0.3,1.44,2,5.22,4.18,4.4,3.59,2.21,3.46,5.13,4.74,1.13,0.86,1.38,1.51,1.04,0.35,2.04,0.37,0.67,0.19,3.27,3.05
1707,10080,180,East Coast (North),100,5.94,3.85,2.76,0.98,0.69,0.32,0.1,0.33,0.81,1.93,0.72,1.06,2.58,1.36,0.47,0.82,1.64,3.31,1.88,0.18,0.09,0.03,0.07,1.26,8.07,9.61,9.46,5.35,4.35,2.89,0.77,0.09,1.11,4.01,2.12,2.16,0.28,0.12,0.52,0.93,0.68,0.39,1,0.22,0.59,0.18,1.33,1.55,0.5,1.02,2.06,1.89,0.68,0.47,0.85,1.57
1708,10080,180,East Coast (North),100,3.54,2.56,6.73,8.25,0.97,4.72,1.92,0.64,0.05,0.06,1.9,4.84,2.24,0.41,6.48,0.45,0.37,4.56,0.93,0.12,0.31,0.11,0.52,0.08,1.22,2.74,0.42,0,0.33,0,2.01,1.38,2.06,3.89,0.22,0.01,0.73,0.7,0,0.21,0.95,0.5,0.18,0.01,8.56,0.76,0.63,3.78,0.29,1.11,0.78,0.05,1.8,5.78,5.61,0.53
1709,10080,180,East Coast (North),100,4.28,1.88,1.04,1.17,0.9,1.65,1.43,0.83,1.05,2.79,2.87,1.67,1.5,2.02,1.18,0.87,0.25,1.92,4.4,1.74,2.21,2.34,1.85,0.5,2.08,2.2,1.04,1.67,0.36,0.02,2.36,1.5,2.61,1.34,1.86,2.27,1.11,0.78,0.21,0.74,0.57,0.49,2.31,2.52,5.2,2.7,2.88,2.7,1.33,4.56,0.82,0.13,0.09,2.57,2.61,4.03
1710,10080,180,East Coast (North),100,1.77,3.22,2.92,0.73,0.83,1.28,0.03,0.08,1.2,4.05,1.81,0.57,0.98,0.45,1.01,2.92,2.56,3.35,1.93,2.88,6.47,5.68,1.32,1.62,2.06,1.39,1.17,1.43,1.5,0.32,0.2,1.07,0.28,0.19,1.5,0.52,1.32,1.97,2.52,3.27,0.34,0.57,0.59,0.18,0.29,0.03,0.65,4.13,1.04,1.98,4.03,6.31,5.3,2.69,0.92,0.58
1711,10080,180,East Coast (North),100,4.37,4,6.23,5.52,6.21,3.7,2.13,4.2,1.66,0.38,0,3.93,4.55,0.97,1.2,0.48,1.26,1.15,0.17,0.11,1.46,2.67,1.19,0.6,0.21,0.85,0.93,0.65,1.28,0.71,0.31,0.3,0.29,0.07,4.42,0.62,0.58,1.1,0.85,0.27,1.1,1.3,1.79,1.22,1.78,1.15,0.52,0.68,1.8,3.51,5.44,3.1,0.87,1.12,1.52,1.52
1712,10080,180,East Coast (North),200,1.77,0.25,0.24,0.37,0.94,0.66,2.04,1.22,0.33,0.78,0.84,0.12,1.12,1.2,0.43,0.77,0.49,1.05,0.57,1.37,1.17,0.56,0.8,0.74,1.54,2.66,2.12,1.9,0.65,0.67,0.9,0.18,0.75,2.81,3.78,3.21,3.57,5.43,8.26,11.36,10.07,5.45,3.75,0.49,0.85,0.23,0.03,0.58,1.05,0.52,1.28,0.66,1.24,1.93,0.65,1.6
1713,10080,180,East Coast (North),200,0,0.47,0.3,0.25,0.9,2.49,2.61,0.63,0.08,0.13,0.11,0.48,0.99,0.56,0.07,0.06,0.04,0.07,0.17,1.04,1.21,1.63,1.05,1.39,4.54,0.62,1.32,1.93,0.03,0.86,2.61,2.16,3.78,3.31,2.88,6.43,9.01,12.07,6.15,3.74,2.94,3.66,3.56,2.87,2.46,2.78,2.04,1.16,0.06,0,0,0,0,0,0,0.3
1714,10080,180,East Coast (North),200,0,0.1,0.06,0.02,0.03,0.16,0.29,0.85,1.08,1.23,1.81,1.06,1.51,1.05,1.23,0.95,0.44,0.4,0.94,1.66,1.21,1.75,0.62,0.4,0.22,0.4,0.16,0.57,0.62,0.52,0.39,0.39,0.44,0.97,0.66,3.19,2.23,1.12,5.23,3.92,3.59,1.61,1.72,1.62,1.93,2.35,4.61,24.05,13.86,1.94,0.55,0.03,0.39,0.41,1.37,0.09
1715,10080,180,East Coast (North),200,0.39,0.67,1.06,0.28,0.13,0.21,0.11,0.09,0.32,0.57,0.07,0.61,1.68,1.21,1.25,1.36,0.02,0.04,0.79,3.27,4.28,0.84,0.03,0.01,0.43,0.14,0.23,1.37,0.22,4.42,7.62,2.52,2.11,0.88,3.4,1.76,0.8,0.88,0.97,0.69,1.6,4.12,1.8,1.59,4.67,1.93,2.78,1.58,3.87,4.13,6.39,4.45,3.39,2.19,4.3,3.48
1716,10080,180,East Coast (North),200,1.1,2.27,0.36,0.34,0.05,0,0.13,0.14,2.18,2.05,2.11,1.58,1.6,1.08,1.1,0.81,2.23,0.5,0.65,0.24,0.06,2.07,0.29,0,0,0.72,2.18,2.93,4.29,1.28,0.86,3.57,6.1,5.65,5.62,2.21,1.16,0.35,0.66,0.35,2.07,2.74,2.21,0.66,2.51,1.21,1.71,3.69,0.08,0.35,8.51,5.32,2.13,1.06,2.85,2.03
1717,10080,180,East Coast (North),200,0.14,0,0,0.14,0.02,0.25,0.79,0.99,0.88,1.6,0.85,2.08,2.03,0.4,0.5,1.49,1.14,0.41,3.17,2.92,3.65,2.32,1.08,2.71,0.41,3.26,0.84,0.17,1.22,7.57,0.49,5.01,2.15,0.7,11.62,2.59,3.65,5.53,2.26,2.31,2.23,1.61,1.77,0.8,3.17,3.53,1.64,1.2,0.62,1.45,0.46,1.6,0.27,0.19,0.09,0.03
1718,10080,180,East Coast (North),200,2.64,5.57,4.72,5.61,5.5,6.31,7.04,5.9,2.7,1.86,0.58,0.15,0.51,0.61,0.46,0.13,0.35,0.09,0.03,0.16,2.17,0.32,1.04,0.26,1.98,1.72,1.07,0.13,0.77,1.86,1.65,2.26,2.29,3.89,1.98,1.81,0.8,1.25,0.78,0.69,0.83,0.59,0.84,0.69,0.66,0.58,0.81,1.84,3.48,2.67,1.45,1.43,0.03,0.34,0.98,3.14
1719,10080,180,East Coast (North),200,1,0.41,1.46,0.06,0.7,1.75,0.15,0.07,0.8,1.36,1.67,0.92,0.47,2.62,0.74,3.67,3.89,2.03,1.19,2.37,4.03,8.35,3.86,4.09,2.23,2.77,2.84,2.91,2.09,4.59,0.4,0.46,0.75,0.92,2.7,3.26,3.79,1.36,0.17,0.24,0.05,0.04,0.52,1.58,2.18,2.01,1.17,0.96,1.68,2.56,2.8,1.37,1.86,0.76,1.22,0.1
1720,10080,180,East Coast (North),200,0.02,0,0.1,0.54,1.02,2.3,2.72,2.76,1.07,0.14,0.96,0.94,2.22,3.66,6.24,5.78,1.07,0.95,0.53,0.68,0.23,0.2,2.03,0.85,0.1,4.59,4.58,5.9,0.35,0,0.73,1.63,2.77,1.29,1.43,1.15,0.72,0.57,2.71,4.86,1.4,3.92,2.19,2.22,3.37,3.62,0.77,3.76,0.76,0.12,0.07,0.62,0.45,0.89,0.71,4.74
1721,10080,180,East Coast (North),200,0.41,0.36,1.13,1.59,1.43,0.74,0.27,0.21,0.65,2.32,1.6,4.44,2.74,0.97,1.27,0.36,0,0.63,4.12,4.62,6.81,3.43,2.88,3.03,2.4,3.01,0.52,0.08,0.46,1.36,1.81,2.67,2.42,2.2,1.75,1.23,0.02,0,0,0,1.27,1.21,2.11,2.81,2.72,4.37,3.84,2.92,2.03,1.61,1.78,0.71,1.78,1.01,2.64,1.25
1722,10080,180,East Coast (North),500,1.64,0.26,0.24,0.36,0.97,0.66,2.02,1.18,0.35,0.75,0.8,0.12,1.06,1.16,0.4,0.76,0.49,1.05,0.58,1.36,1.21,0.59,0.81,0.81,1.62,2.92,2.24,2.06,0.67,0.66,0.95,0.18,0.79,2.9,3.81,3.37,3.91,5.7,8.16,10.88,9.55,5.18,3.64,0.47,0.8,0.24,0.03,0.57,1.08,0.63,1.24,0.63,1.32,1.98,0.63,1.56
1723,10080,180,East Coast (North),500,1.63,0.98,0.05,0.03,0.02,0.05,1.27,0.67,2.2,0.7,0.6,2.23,1.96,4.75,4.13,6.38,5.25,5.96,4.22,4.42,1.05,0.24,0.49,1.42,1.86,3.08,6.19,2.65,0.72,1.46,0.57,3.46,4.98,2.57,0.19,0.84,0.84,0.76,0.62,1.05,0.67,7.4,3.12,0.24,1.54,0.83,0.17,0.07,0.29,0.18,1.92,0.4,0.39,0.12,0.03,0.09
1724,10080,180,East Coast (North),500,0,0.07,0.47,0.17,0.17,0.22,0.52,1.11,2.76,2.64,3.99,4.02,2.68,5.06,1.72,3.87,4.42,1.6,1.99,3.44,7.81,2.61,2.99,2.39,1.22,2.18,1.54,1.16,0.66,1.76,1.43,2.25,1.55,1.23,1.98,2.9,1.95,2.1,1.15,0.74,1.86,3.53,2.63,1.28,0.83,0.99,2.09,1.32,1.58,0.93,0.05,0.01,0.19,0.13,0.03,0.03
1725,10080,180,East Coast (North),500,0.04,0.43,0.26,0.22,0.72,1.97,2.56,2.11,0.52,0.86,0.08,0.4,0.74,0.55,0.44,0.07,0.01,0.03,1,1.16,1.13,1.89,0.94,1.39,3.94,0.57,1.19,1.93,0.01,0.47,1.55,2.21,5.1,3.77,3.3,7.21,9.78,10.61,6.24,4.31,2.86,2.94,2.56,2.11,1.76,2.17,1.79,1.37,0.24,0.01,0.04,0.03,0,0.01,0.04,0.36
1726,10080,180,East Coast (North),500,0,0.12,0.09,0.03,0.05,0.1,0.35,0.8,1.06,1.09,1.28,1.1,1.28,1.03,1.3,1.11,0.47,0.34,0.73,1.6,2.07,2.49,0.7,0.37,0.25,0.35,0.16,0.4,0.64,0.56,0.48,0.58,0.49,1,0.66,3.21,2.14,1.65,5.58,3.67,3.53,1.62,1.71,1.8,2.14,3.21,6.04,18.7,14.23,2.79,0.54,0.03,0.41,0.78,0.97,0.12
1727,10080,180,East Coast (North),500,0.79,0.32,0.31,0.51,0.79,0.04,0.19,3.99,0.88,0.2,0.96,0.77,0.38,0.72,2.51,0.52,0.67,0.5,5.26,6.72,1.47,0.45,0.29,1.19,0.76,0.76,2.14,2.42,4.4,5.67,2.29,1.11,0.75,1.37,0.52,0.12,0.11,0.43,0.16,1.07,1.25,0.75,1.75,5.18,1.76,2.24,1.46,3.14,2.23,4.1,6.75,1.82,2.58,1.93,5.57,2.98
1728,10080,180,East Coast (North),500,1.24,0.41,0.16,0.18,0.06,0.09,0.16,0.24,0.35,0.53,0.12,0.18,0.42,0.38,0.38,0.6,1.29,0.77,0.2,0.91,1.27,0.57,0.08,0.44,0.69,1.05,1.99,0.96,0.1,0.71,0.81,2.1,1.91,2.57,1.68,0.62,0.68,1.9,2.83,4.23,2.14,3.36,4.46,4.31,3.07,3.92,5.47,4.71,6.46,6.37,6.91,2.95,3.53,3.52,1.52,1.44
1729,10080,180,East Coast (North),500,0.65,0.51,0.06,0.1,0.06,0,0.02,0.29,0.28,0.61,0.07,0.3,0.36,0.26,0.25,0.6,1.14,5,2.45,0.45,0.43,2.11,9.53,3.28,2.51,2.46,1.82,1.2,0.9,1.43,1.95,5.94,10.87,3.55,1.71,4.45,2.9,2.25,1.97,4.4,3.63,1.91,1,3.96,2.44,0.88,0.57,1.22,3.45,0.43,0.32,0.42,0.15,0.31,0.09,0.1
1730,10080,180,East Coast (North),500,2.6,5.46,4.34,5.45,5.42,6.33,6.39,5.28,2.56,2.01,0.52,0.14,0.6,0.81,0.48,0.14,0.44,0.13,0.03,0.17,2.43,0.41,1.43,0.35,2.21,2.12,1.22,0.17,0.78,1.89,2,2.43,2.36,3.55,1.91,1.69,0.77,1.25,0.73,0.73,0.95,0.62,0.92,0.7,0.66,0.59,0.74,2.26,3.43,2.47,1.57,1.26,0.05,0.32,0.96,2.77
1731,10080,180,East Coast (North),500,1.03,0.05,1.06,3.1,6,2.96,0.59,0.52,0.5,4.6,3.12,1.82,1.11,0.29,0.51,0.42,4.06,2.38,0.52,0.68,0.21,1.14,1.81,0.37,1.8,6.88,7.51,6.27,4.5,3.96,2.88,1.49,0.13,0.38,2.14,2.56,2.27,2.81,3.49,0.14,0.39,0.2,0.02,0.14,0.57,1.07,1.92,0.13,0.88,1.42,1.59,0.94,1.31,1.19,0.1,0.07
1732,10080,180,East Coast (North),1000,0.3,0.19,1.03,0.94,1.26,1.7,0.55,0.5,1.02,0.32,0.69,1.16,0.55,0.85,0.37,1.13,0.36,1.13,1.33,0.87,0.61,0.84,1.12,3.01,2.98,1.84,1.4,0.4,1.19,0.21,0.37,2.05,4.65,4.28,4.36,6.2,7.73,9.34,9.83,5.22,4.67,0.86,1.01,0.38,0.06,0.3,1.04,0.88,0.97,0.61,0.39,2.28,0.36,1.13,0.91,0.27
1733,10080,180,East Coast (North),1000,0.01,0.07,0.17,0.49,0.14,0.16,0.58,0.46,2.31,2.23,2.95,3.77,3.73,2.92,4.12,1.8,3.86,2.83,1.8,2.4,6.54,5.01,2.88,2.81,1.66,1.54,2.05,1.07,0.83,1.23,1.51,1.94,1.92,1.69,1.65,2.4,3.1,2.19,1.6,1.28,1.3,2.61,3.05,2.15,0.89,0.75,1.12,2.91,0.85,2.01,0.26,0,0.09,0.23,0.04,0.04
1734,10080,180,East Coast (North),1000,0.23,0.15,0.1,0.26,0.53,0.04,0.38,1.18,0.05,0.02,0.08,1.26,2.15,0.5,0.02,0.02,0.06,0.26,0.12,0.56,0.66,0.78,4.43,3.83,2.15,1.94,3.62,4.69,1.46,1.74,1.53,0.91,2.2,2.69,3.69,1.27,3.42,4.46,4.07,4.38,4.15,5.42,7,7.82,4.53,2.59,2.64,3.51,0.3,0.15,0,0,0,0,0,0
1735,10080,180,East Coast (North),1000,0.51,0.61,2.18,1.05,1.47,0.87,1.14,0.67,1.6,1.1,0.52,1.25,0.39,2.1,4.28,3.96,1.48,0.26,0.96,0.39,0.17,0.33,0.51,1.2,0.7,0.77,0.84,1.38,0.86,4.11,3.72,2.54,5.34,4.61,5.28,2.03,1.69,2.08,3.5,4.51,4.35,4.65,8.07,4.56,0.93,0.16,0.54,0.72,1.14,0.2,0,0,0,0.02,0.02,1.68
1736,10080,180,East Coast (North),1000,2.23,4.89,3.63,4.83,5.01,6.04,4.98,4.5,2.18,2.38,0.44,0.14,0.82,1.68,0.58,0.19,0.75,0.34,0.02,0.23,3.74,0.85,2.74,0.53,2.71,3.04,1.5,0.32,0.92,2.13,2.55,2.5,2.16,2.78,1.6,1.55,0.69,1.07,0.65,0.82,1.06,0.54,0.85,0.6,0.57,0.52,0.59,2.27,3.2,2.36,1.9,1.01,0.12,0.32,1.13,2.25
1737,10080,180,East Coast (North),1000,1.7,0.75,2.42,0.1,1.03,2.18,0.23,0.12,0.67,1.84,1.74,1.11,0.49,3.55,1.67,2.56,3.66,1.45,1.64,3.07,4.24,6.62,1.76,1.48,0.8,0.7,4.34,4.55,3.19,0.43,0.36,0.75,1.38,0.83,1.77,2.87,2.7,0.61,0.28,0.26,0.06,0.05,0.48,1.68,2.32,2.69,1.68,1.28,1.59,3.5,3.33,2.75,2.92,1.12,2.46,0.19
1738,10080,180,East Coast (North),1000,5.26,6.93,2.84,0.36,1.39,0.17,0.07,0.24,1.67,0.99,0.99,2.73,3.03,2.22,0.2,1.37,2.58,5.83,3.18,0.1,0.07,0.03,0.04,3.18,7.95,12.91,7.44,4.88,2.26,1.47,0.16,0.06,2.72,1.84,1.22,1.08,0.11,0.07,0.29,0.59,0.91,0.12,0.45,0.14,0.24,0.06,1.57,0.45,0.57,0.59,0.98,0.97,0.89,0.33,0.49,0.72
1739,10080,180,East Coast (North),1000,0.95,0.94,0.14,0.2,7.76,6.98,1.71,0.09,1.15,4.72,3.54,6.82,0.33,0.07,0,0.46,0.37,0.1,1.46,0.45,0.02,0,0,0,3.74,2.2,1.1,0,0.05,0.11,0,0.86,6.08,3.63,1.66,1.63,2.46,1.16,0.65,3.54,7.91,9.52,5.91,1.84,1.69,1.8,1.72,1.83,0.59,0.06,0,0,0,0,0,0
1740,10080,180,East Coast (North),1000,1.41,3.58,0.45,0.1,0.01,0.09,0.17,0.12,0.57,0.9,0.25,0.53,0.12,0.16,1.11,4.78,2.86,3.64,1.49,2.12,0.98,4.63,0.56,0.92,3.61,0.82,3.04,4.46,3.19,3.04,2.5,3.98,1.41,3.4,1.92,0.24,1.94,0.26,0.13,0.67,0.39,1.16,2.24,0.54,1.02,0.01,0,0.13,0.48,4.02,13.3,7.08,1.98,1.27,0.07,0.15
1741,10080,180,East Coast (North),1000,4.32,2.3,0.7,0,0.01,0.01,0.26,4.59,1.95,26.69,0.62,0.04,0.01,0,0,0.03,2.6,5.54,0.58,0.1,0.05,0.59,0.65,6.54,0.75,0.1,0.24,0.44,0.08,4.63,9.46,0.46,0.22,0.09,0.84,0.37,0.08,0.8,4.73,0.5,0.23,1.66,0.02,0,0.14,0.86,1.64,0.97,0.04,0.08,0.58,0.01,0.14,6.83,1.9,2.93
1742,10080,180,East Coast (North),2500,1.32,3.17,3.81,3.19,1.41,4.47,3.84,3.58,3.02,2.81,1.63,1.91,0.8,0.73,0.36,0.33,0.88,0.29,0.21,0.4,0.15,0.15,0.4,0.25,1.21,1.71,3.17,1.74,0.5,0.11,0.85,1.11,1.19,0.37,0.51,0.8,0.83,0.6,2.69,4.65,4.76,1.9,3.25,3.14,3.12,2.74,3.86,3.8,2.85,1.15,1.62,3.16,1.79,1.33,0.13,0.25
1743,10080,180,East Coast (North),2500,1.17,1.58,1.64,1.29,1.33,2.3,3.82,3.87,4.36,5.63,6.24,4.85,4.8,3.61,0.54,0.36,0.78,2.24,2.14,5.32,5.51,1.65,1.7,1.07,2.27,4.14,3.26,0.82,0.65,0.77,0.85,0.97,0.21,1.43,2.88,5.18,0.35,0.57,2.13,0.79,0.05,0.23,0.37,0.75,1.69,0.13,0.62,0,0.18,0.12,0.14,0.05,0.04,0.05,0.19,0.32
1744,10080,180,East Coast (North),2500,0.11,0.07,0.08,0.17,0.72,0.54,0.87,0.38,0.93,3.04,3.67,3.23,3.7,2.9,4.75,3,1.76,4.27,1.32,2.23,3.3,4.24,4.11,1.66,2.61,3.16,2.19,1.35,0.88,1.63,2.34,2.49,2.28,3.4,2.96,3.41,3.77,3.65,2.11,1.79,1.1,0.28,0.79,0.4,0.74,0.34,0.22,1.47,2.15,0.59,0.76,0.02,0,0.01,0.02,0.04
1745,10080,180,East Coast (North),2500,0.12,0.26,0.43,0.07,0.09,0.05,0.22,0.39,0.27,0.64,1.34,0.56,0.35,0.25,1.03,1,1.24,1.75,0.56,0.5,0.99,0.29,0.6,1.01,0.51,0.86,0.51,1.16,0.5,1.26,1.33,0.98,0.71,0.94,1.28,3.59,3.76,2.4,1.68,0.44,1.28,0.28,0.42,2.28,5.09,4.52,5.24,7.51,8.15,9.06,8.91,4.65,4.54,0.93,0.85,0.37
1746,10080,180,East Coast (North),2500,0.19,0.26,0.09,0.36,0.91,2.14,1.97,2.9,1.75,0.25,0.33,0.41,0.74,0.59,0.28,0.35,0.01,0.15,1.68,0.85,1.63,1.77,0.48,3.08,1.78,0.15,2.43,0.46,0.02,0.32,0.77,3.25,5.56,7.07,7.11,10.01,7.57,4.54,4.1,3.92,3.18,2.13,2.38,2.02,3.24,1.53,1.58,0.88,0.42,0.01,0.03,0.03,0,0.02,0.15,0.17
1747,10080,180,East Coast (North),2500,1.99,1.21,0.96,0.56,0.35,0.35,0.67,0.14,1.23,2.58,0.7,0.21,0.91,0.99,0.6,0.81,1.86,0.43,0.61,1.37,4.94,5.78,1.12,0.23,0.24,1.07,0.52,0.81,2.49,3.11,4.78,5.28,2.59,2.07,0.77,2.53,0.88,0.29,0.28,0.48,0.29,1.54,1.76,1.03,2.6,4.74,1.41,2.58,1.61,3.19,3.02,4.93,5.21,3.09,1.95,2.26
1748,10080,180,East Coast (North),2500,1.38,0.23,0.16,0.23,0.06,0.11,0.18,0.15,0.2,0.24,0.03,0.2,0.26,0.2,0.2,0.13,0.51,0.19,0.13,0.57,1.11,0.13,0.03,0.38,0.55,1.01,2.12,1.32,0.17,0.5,0.72,1.64,0.96,1.38,1.16,0.52,0.83,1.9,3.15,5.92,3.27,3.87,3.86,4.6,3.72,4.74,6.4,5.75,7.68,7.43,6.78,3.29,3.24,2.04,1.58,0.89
1749,10080,180,East Coast (North),2500,0.31,0.7,1.92,1.1,1.26,0.93,1.19,1.2,1.49,1.06,0.68,0.88,0.45,1.69,3.46,3.42,1.17,0.14,0.76,0.39,0.26,0.27,0.94,1.17,0.68,0.51,0.83,0.97,0.77,2.92,3.3,1.72,4,4.13,4.25,1.71,1.45,1.73,2.86,5,4.8,6.69,10.38,8.04,1.68,0.25,0.3,1.42,0.96,0.19,0,0.03,0,0.04,0.66,0.89
1750,10080,180,East Coast (North),2500,0,0.01,0,1.68,6.53,1.74,1.63,1.14,1.29,1.08,0.73,0.94,1.62,0.98,0.66,1.04,1.49,1.91,2.35,2.6,1.73,1.07,1.24,3.27,2.88,7.65,14.04,8.52,3.36,1.01,2.37,1.5,0.07,0.12,3.27,1.32,0.3,0.48,1.04,0.16,0.16,0.25,6.97,0.64,0.06,1.16,0.21,0.56,2.62,0.84,0.22,0.1,0.67,0.2,0.12,0.4
1751,10080,180,East Coast (North),2500,0.55,0.42,0.51,1.12,0.66,0.32,0.36,1.13,0.79,1.27,1.97,1.68,1.27,0.95,1.19,2.61,2.19,2.31,3.04,2.14,1.12,1.84,1.75,0.91,1.36,1.37,2.93,1.26,2,2.94,1.83,0.9,0.97,0.67,0.7,0.99,1.73,3.66,1.67,2.46,2.01,0.83,3.83,6.74,3.62,8.34,5,2.97,0.76,1.01,0.79,0.63,0.79,1.62,0.62,0.9
1752,10080,180,East Coast (North),5000,2.42,3.45,4.49,2.91,1.61,3.15,3.79,2.92,2.47,3.86,3.38,4.32,2.26,1.94,1.07,1.44,0.36,0.36,0.16,0.36,0.67,0.1,0.08,0.33,0.04,0.07,0.12,0.18,0.42,1.72,3.29,0.71,0.18,0.13,0.92,0.89,0.2,0.31,0.28,0.38,0.46,0.95,2.92,4.85,3.32,1.88,3.6,3.03,3.96,2.77,3.08,2.95,2.9,0.37,2.14,3.08
1753,10080,180,East Coast (North),5000,0.09,0.15,0.33,0.66,1.04,0.45,0.78,1.59,3.46,3.26,4.08,3.56,2.85,5.39,1.78,2.84,4.01,1.93,2.75,3.17,5.49,3.21,2.42,2.34,2.61,1.38,1.42,1.03,1.53,2.04,1.41,2.27,2.58,2.35,3.11,4.09,2.54,2.06,1.52,0.7,0.87,1.1,0.84,0.71,0.42,0.67,2.03,1.4,0.68,0.39,0.05,0,0.04,0.11,0.11,0.31
1754,10080,180,East Coast (North),5000,1.32,2.69,1.71,1.73,5.59,7.73,0.52,0.05,0.18,0.02,0.19,0.92,1.67,0.1,0.01,0.09,0.53,0.24,0.62,0.73,0.84,1.46,0,0,1.21,0.66,4.32,2.39,1.65,5.44,7.91,4.18,0.78,2.02,1.62,1.58,3.31,3.7,4.89,2.32,1.47,3.68,3.19,1.61,1.16,1.14,0.74,0.96,1.28,1.47,1.07,1.22,1.1,0.63,1.31,1.05
1755,10080,180,East Coast (North),5000,1.14,0.24,0.23,0.42,0.67,0.45,1.17,0.74,0.3,0.45,0.54,0.09,0.51,0.63,0.26,0.63,0.41,1.02,0.62,0.95,0.9,0.75,0.71,0.89,1.91,3.5,3.45,2.5,0.54,0.43,0.97,0.3,0.77,2.33,3.12,3.38,3.97,7,7.69,9.69,7.85,4.01,4.73,5.88,1.72,0.24,0.08,0.45,0.91,1.26,0.8,0.8,1.16,2.15,0.58,1.11
1756,10080,180,East Coast (North),5000,0.69,0.49,0.25,0.21,0.32,0.12,0.92,1.7,0.46,0.17,0.56,0.78,0.41,0.96,1.65,0.42,0.39,0.95,2.87,4.12,0.95,0.13,0.14,0.66,0.34,0.65,1.77,2.38,3.16,5.02,2.66,1.95,0.69,2.79,1.51,0.75,0.53,0.52,0.64,1.8,1.87,1.53,2.25,4.67,2.5,2.9,2.88,3.59,3.71,6.52,5.43,4.2,2.22,2.63,4.57,1.05
1757,10080,180,East Coast (North),5000,0.09,0.23,1.34,1.11,1.17,0.91,1,1.31,1.2,1.38,1.48,0.83,0.27,0.48,1.9,2.72,2.47,0.12,0.33,0.85,0.43,0.29,0.66,0.94,1.23,0.32,0.5,0.61,0.93,0.99,3.35,2.01,2.02,4.45,3.13,3.48,1.03,1.35,1.93,3.92,4.9,4.6,6.25,10.3,9.28,3.82,1.51,0.71,2.3,0.69,0.07,0,0.01,0,0.02,0.78
1758,10080,180,East Coast (North),5000,1.3,0.38,1.39,0.07,0.47,1.24,0.09,0.04,0.57,1.26,1.7,1.24,0.49,3.62,1.38,2.74,3.78,1.5,1.38,2.9,3.7,7.41,2.55,1.45,1.36,1.25,5.78,5.72,2.35,1.27,0.32,0.71,0.91,1.13,3.88,3.93,3.31,0.91,0.19,0.27,0.04,0.04,0.27,1.04,1.69,1.58,1,0.6,1.96,4.15,3.96,2.62,2.98,1.13,0.83,0.17
1759,10080,180,East Coast (North),5000,0.3,0.91,0.05,0,0.87,0.23,0.4,1.96,0.79,1.12,0.54,0.35,1.48,1.84,0.88,2.36,1.86,3.22,1.42,3.6,9.84,2.96,0.29,3.24,4.6,6.39,6.75,0.59,1.36,1.75,1.03,0.92,3.5,5.21,4.87,1.18,0.37,1.44,0.94,1.4,2.3,1.44,2.5,1.63,0.31,0.79,0.16,0.17,1.66,1.81,2.46,0.55,0.32,0.47,0.18,0.44
1760,10080,180,East Coast (North),5000,0.89,0.23,1.16,2.47,6.86,3.44,1.09,0.75,0.73,4.8,3.14,1.95,1.17,0.38,0.49,0.43,3.47,2.44,0.6,0.45,0.35,1.2,1.83,0.31,1.88,6.26,7.14,6.74,4.3,4.38,2.7,1.35,0.16,0.31,2.1,2.45,2.14,2.45,3.06,0.14,0.33,0.24,0.02,0.12,0.52,1.08,1.72,0.16,0.97,1.69,1.53,0.88,1.14,1.1,0.15,0.16
1761,10080,180,East Coast (North),5000,0.89,0.54,0.4,2.63,1.01,0.46,3.46,3.07,0.71,4.04,4.92,7.06,1.85,0.11,0.76,1.5,1.87,1.06,1.24,0.82,0.93,0.89,1.49,4.79,1.5,4.89,0.97,1.57,3.12,4.49,2.39,6.33,3.7,0.31,0.36,1.77,1.43,1.4,1.53,3.23,3.59,1.47,0.13,0.28,0.16,2.25,0.15,3.23,1.84,0.27,0.12,0.49,0.11,0.06,0.19,0.17
1762,10080,180,East Coast (North),10000,2.34,3.29,4.33,2.79,1.75,3,3.76,2.96,2.48,3.73,3.24,4.25,2.36,2.01,1.13,1.49,0.37,0.36,0.16,0.32,0.59,0.14,0.11,0.41,0.05,0.08,0.15,0.17,0.49,1.64,3.17,0.71,0.15,0.14,0.88,0.89,0.25,0.31,0.27,0.36,0.43,0.87,2.8,4.68,3.47,1.86,3.72,3.28,4.44,2.95,2.92,3.01,2.96,0.37,2.2,2.96
1763,10080,180,East Coast (North),10000,0.4,0.19,0.11,0.03,0.01,1.02,2.36,0.12,0.01,0.01,0.03,0.33,1.33,1.79,1.91,1.16,2.03,2.48,3.36,3.65,4.38,6.12,5.65,4.06,4.93,1.28,0.72,0.46,1.67,1.95,2.61,5.78,4.12,1.7,3.47,1.23,2.96,3.26,2.52,1.08,0.66,1.06,0.99,0.58,0.42,1.29,3.88,2.32,0.24,1.31,1.89,0.62,0.47,0.26,0.43,1.3
1764,10080,180,East Coast (North),10000,0.09,0.35,0.58,0.73,1.4,0.76,1.37,2.01,3.63,2.88,4.19,3.79,2.99,4.95,1.4,2.24,2.36,3.16,4.39,4.3,4.35,1.91,1.55,2.23,2.6,0.89,0.9,0.82,1.51,1.93,1.52,1.75,2.53,2.45,2.86,3.45,2.08,1.67,1.22,1.3,1.11,1.77,0.88,0.66,2.08,3.1,2.35,0.52,0.16,0.09,0,0,0,0.04,0.07,0.08
1765,10080,180,East Coast (North),10000,4.61,1.86,0.91,0.24,0.15,0.27,0.47,1.5,2.76,1.9,2.17,7.36,5.33,0.18,0.15,0.08,0,0.32,1.31,0.97,0.05,0.04,0.4,0.23,0.36,0.26,0.9,1.31,0.6,0.01,0.01,1.33,2.32,3.77,1.87,2.42,6.08,9.84,4.63,0.33,1.87,1.51,1.89,2.96,4.26,3.73,1.42,2.35,2.92,2.42,1.09,0.91,0.74,0.68,0.88,1.07
1766,10080,180,East Coast (North),10000,0.02,0,0.06,0,0.08,2.27,1.55,1.83,0.95,2.25,1.71,1.27,1.3,1.49,1.15,2.27,2.49,4.52,5.56,6.13,5.42,6.68,5.86,3.12,2.2,5.31,1.28,1.19,0.7,0.61,0.66,0.23,0.42,0.18,0.32,0.54,0.55,0.83,0.55,1.61,0.15,0.1,0.05,0.15,0.17,0.53,0.98,2.75,3.75,10.64,4.51,0.48,0.03,0.15,0.39,0.01
1767,10080,180,East Coast (North),10000,0.31,0.13,1.14,1.92,0.49,0.2,0.46,0.56,0.29,0.74,1.22,0.4,0.48,0.93,1.86,3.24,0.97,0.12,0.28,0.55,0.21,0.92,2.19,3.64,3.48,4.43,2.39,2.11,0.93,3.12,2.16,1.14,0.5,0.51,0.66,1.69,1.59,1.8,2.42,4.73,2.89,3.02,3.89,3.83,4.19,6.84,5.35,4.57,2.02,2.12,2.94,1.2,0.17,0.04,0.02,0
1768,10080,180,East Coast (North),10000,0.2,0.57,1.4,1.04,1.29,0.91,1.54,1.01,1.4,1.36,0.79,0.64,0.44,1.32,2.15,2.14,0.68,0.14,0.65,0.52,0.41,0.43,0.87,1.18,0.43,0.32,0.65,0.77,0.64,2.18,2.19,1.25,3.57,3.65,3.33,1.57,1.18,1.44,2.36,4.34,3.96,9.12,11.31,9.83,5.58,2.14,0.44,2.23,0.83,0.26,0,0,0,0.02,0.44,0.89
1769,10080,180,East Coast (North),10000,0,0.47,1.07,0.92,0.12,0.19,0.57,2.05,4.23,4.32,7.75,5.71,1.82,4.48,3.11,3.99,3.43,2.6,1.01,0.6,0.51,0.37,0.4,0.81,0.68,0.85,2.68,1.54,0.88,1.55,0.86,1.4,1.57,1.47,1.44,2.28,3,0.25,0.02,0,0.84,10.83,3.86,0.41,1.21,1.25,2.6,2.15,1.67,1.19,0.4,1.76,0.36,0.44,0.03,0
1770,10080,180,East Coast (North),10000,1.07,0.68,1.69,0.08,0.75,1.28,0.15,0.07,0.6,1.73,1.54,1,0.53,3.72,1.91,3,3.44,1.3,1.81,3.5,4.31,6.67,2.13,1.44,1.09,0.94,4.68,4.75,2.8,0.89,0.36,0.67,1.33,1.09,4.31,3.33,2.79,0.72,0.25,0.21,0.05,0.04,0.4,1.37,1.77,2.11,1.27,0.69,1.67,3.16,3.05,2.98,3.13,1.26,2.2,0.24
1771,10080,180,East Coast (North),10000,1.66,2.68,2.74,2.03,1.61,0.75,1.55,1.11,1.56,3.73,4.16,1.66,0.51,0.53,1.06,1.48,0.37,1.76,3.2,1.03,2.69,3.37,6.37,2.38,0.18,0.41,1.39,1.43,1.14,1.22,0.64,0.78,0.5,0.92,3.66,2.07,3.88,1.01,1.31,1.43,4.41,1.82,3.3,4.56,0.71,0.57,1,1.09,1.49,0.92,1.86,3.73,1.91,0.22,0.17,0.28
1772,10080,180,East Coast (North),20000,0.2,0.75,0.7,0.8,1.12,1.81,1.85,3.28,2.74,3.4,4.28,3.38,1.59,2.06,3.47,0.65,0.83,1.93,3.4,1.61,1.31,2.18,0.62,1.01,1.95,2.66,3.86,2.44,2.06,3,3.34,2.81,2.36,3.86,3.11,4.25,2.89,2.48,1.64,1.74,0.53,0.54,0.28,0.32,0.52,0.29,0.19,0.63,0.14,0.15,0.35,0.26,0.86,1.69,2.89,0.94
1773,10080,180,East Coast (North),20000,0.27,0.25,0.33,0.09,0.01,0.95,1.94,1.36,0.05,0.01,0.02,0.12,0.61,1.86,1.84,1.75,1.91,1.97,3.14,3.23,3.95,5.58,6.12,4.79,3.78,2.97,0.82,0.42,1.47,2.67,2.41,4.21,4.66,2.11,2.78,2.1,2.1,3.06,2.6,1.7,0.55,0.88,1.27,0.85,0.26,1.26,2.45,2.93,0.41,1,2.61,1.31,0.72,0.35,0.53,0.61
1774,10080,180,East Coast (North),20000,0.03,0,0.05,0.02,0.1,2.28,1.49,1.72,1,2.16,2.08,1.26,1.16,1.46,1.23,2.23,2.79,4.46,5.72,5.77,5.24,6.42,5.91,3.3,2.24,4.88,1.2,1.06,0.94,0.73,0.79,0.41,0.49,0.22,0.39,0.5,0.52,0.83,0.65,1.39,0.18,0.1,0.07,0.15,0.16,0.54,0.96,2.81,3.8,10.17,4.95,0.48,0.03,0.12,0.35,0.01
1775,10080,180,East Coast (North),20000,0.56,0.81,0.44,0.88,0.05,2.06,0.55,0.4,0.36,0.51,0.77,0.37,1.29,0.95,0.51,0.16,1.13,2.21,2.81,0.42,0.18,0.25,0.58,0.6,1.59,2.01,4.8,3.2,3.44,1.34,1.24,0.86,1.81,1.74,1.42,0.46,0.44,0.8,1.33,1.27,1.6,3.62,5.46,3.63,3.81,3.17,3.29,4.44,5.99,5.64,3.87,2.12,2.6,2.32,1.49,0.35
1776,10080,180,East Coast (North),20000,0.07,0.08,0.11,0.51,0.63,0.63,1.45,0.67,1.68,2.92,3.23,2.72,4.4,3.27,3.57,4.58,2.1,2.63,2.23,5.74,3.87,3.87,3.56,1.43,1.92,2.14,1.72,0.76,0.63,0.84,1.3,1.61,1.11,1.72,2.14,2,2.55,2.93,1.73,1.7,1.69,1.18,1.31,1.74,0.41,1.22,3.15,4.34,1.69,0.24,0.24,0,0,0,0.01,0.03
1777,10080,180,East Coast (North),20000,0.17,0.73,0.66,0.45,0.27,0.61,0.51,0.03,0.36,1.3,1.37,1.43,2.9,2.7,1.37,2.27,2.76,2.41,1.29,1.88,3.82,6.35,5.39,4.37,3.24,2.61,3.04,5.53,3.68,3.41,0.8,0.36,0.59,0.79,3.16,4.51,3.06,2.11,0.32,0.29,0.21,0.09,0.1,0.71,1.75,1.11,1.13,0.44,1.18,1.22,2.83,1.66,2.19,1.05,1.01,0.42
1778,10080,180,East Coast (North),20000,0.17,0.37,2.82,0.29,1.57,0.99,2.78,1.36,2.9,3.69,4.71,0.89,3.26,4.19,1.51,1.71,3.42,5.68,6.08,5.59,6.02,4.48,2.27,1.61,2.91,2.95,3.46,0.52,0.53,1.68,0.45,0.68,2.65,2.83,2.05,0.08,0.42,0.62,0.56,1.42,0.66,0.9,1.52,0.58,0.15,0.26,0.07,0.36,0.79,1.16,0.58,0.26,0.04,0.24,0.04,0.22
1779,10080,180,East Coast (North),20000,0.18,0.68,0.24,4.24,0.95,0,0.21,0.78,1.18,2.25,2.59,2.59,2.47,1.2,0.97,0.99,1.37,1.92,3.23,3.39,0.62,0.4,0.34,1.83,1.2,1,2.85,3.13,1.89,3.72,5.25,5.97,1.45,0.77,1.25,1.26,2.21,1.13,0.88,0.58,0.71,0.56,1.13,3.6,1.23,3.4,0.96,1.24,2.42,3.31,1.78,4.99,2.77,0.85,0.86,1.03
1780,10080,180,East Coast (North),20000,0.02,0.06,0,0,0.19,2.69,7.07,1.38,0.02,0,0.08,0.03,0.15,7.62,0.32,1.14,2.07,9.55,3.31,0.07,0.01,5.81,0.08,0.68,0.44,0.12,0.28,0.81,1.62,12.22,8.95,2.93,0.17,0,0.03,0.05,1.5,1.07,6.43,1.25,0.65,0.12,0,0,0.54,4.74,5.29,0.96,0.17,0.87,1.72,0.43,0.15,0.14,3.04,0.96
1781,10080,180,East Coast (North),20000,1.16,0.73,0.26,0.25,0.95,1.72,0.68,0.41,0.6,1.7,0.63,0.98,1.35,0.35,0.71,0.76,1.55,3.07,5.61,7.49,7.8,6.49,7.14,4.91,7.92,2.62,1.97,1.54,1.71,1.03,1.17,0.55,0.82,0.66,0.11,0.49,0.2,0.31,1,1.91,2.16,2.31,2.38,1.83,0.59,0.13,1.35,1.79,0.18,0.13,0.59,1.02,0.87,0.74,1.1,1.52
1782,10080,180,East Coast (North),40000,0.12,0.34,1.43,1.24,2.25,1.25,2.19,2.76,2.35,2.07,3.38,2.79,3.02,4.3,2.88,3.62,3.46,4.67,5.61,4.77,3.83,1.54,1.87,1.46,1.53,0.83,0.84,0.93,0.96,1.26,0.91,1.12,1.58,1.31,1.78,1.96,1.09,0.94,0.63,0.54,0.93,1.29,0.7,0.99,2.12,3.56,4.17,2.9,1.16,0.32,0.03,0.03,0.05,0.04,0.17,0.13
